{
    "bAP": {
        "soma": {
            "AP_width": [
                1.0000000000002274,
                0.20000000000004547
            ],
            "AP_height": [
                38.79724282817225,
                7.75944856563445
            ],
            "Spikecount": [
                1.0,
                0.2
            ]
        },
        "dend1": {
            "AP_amplitude_from_voltagebase": [
                50.1547508605936,
                10.030950172118722
            ]
        },
        "dend2": {
            "AP_amplitude_from_voltagebase": [
                27.707263005296923,
                5.541452601059385
            ]
        }
    },
    "Step3": {
        "soma": {
            "AP_height": [
                19.673906308912905,
                3.934781261782581
            ],
            "AHP_slow_time": [
                0.25350554422038774,
                0.05070110884407755
            ],
            "ISI_CV": [
                0.13156669595314052,
                0.026313339190628105
            ],
            "doublet_ISI": [
                15.300000000003479,
                3.060000000000696
            ],
            "adaptation_index2": [
                0.01135796998780615,
                0.00227159399756123
            ],
            "mean_frequency": [
                17.24925168688702,
                3.4498503373774043
            ],
            "AHP_depth_abs_slow": [
                -56.49423985723855,
                11.29884797144771
            ],
            "AP_width": [
                0.8852941176464643,
                0.17705882352929286
            ],
            "time_to_first_spike": [
                10.600000000093019,
                2.120000000018604
            ],
            "AHP_depth_abs": [
                -56.45393024040684,
                11.290786048081369
            ]
        }
    },
    "Step2": {
        "soma": {
            "AP_height": [
                26.651189219442482,
                5.330237843888497
            ],
            "AHP_slow_time": [
                0.18747333149234385,
                0.03749466629846877
            ],
            "ISI_CV": [
                0.08380608803259405,
                0.016761217606518813
            ],
            "doublet_ISI": [
                30.70000000000698,
                6.140000000001397
            ],
            "adaptation_index2": [
                0.00845052826277637,
                0.0016901056525552743
            ],
            "mean_frequency": [
                10.037137408417939,
                2.007427481683588
            ],
            "AHP_depth_abs_slow": [
                -60.15538351225925,
                12.03107670245185
            ],
            "AP_width": [
                0.9099999999993884,
                0.1819999999998777
            ],
            "time_to_first_spike": [
                22.800000000095793,
                4.5600000000191585
            ],
            "AHP_depth_abs": [
                -61.05268506638979,
                12.210537013277959
            ]
        }
    },
    "Step1": {
        "soma": {
            "AP_height": [
                28.35470122809749,
                5.670940245619498
            ],
            "AHP_slow_time": [
                0.17040869671701134,
                0.03408173934340227
            ],
            "ISI_CV": [
                0.04555090172180136,
                0.009110180344360272
            ],
            "doublet_ISI": [
                44.20000000001005,
                8.84000000000201
            ],
            "adaptation_index2": [
                0.0025752049896595004,
                0.0005150409979319001
            ],
            "mean_frequency": [
                8.006004503382977,
                1.6012009006765955
            ],
            "AHP_depth_abs_slow": [
                -61.38308373072334,
                12.276616746144668
            ],
            "AP_width": [
                0.912499999999369,
                0.18249999999987382
            ],
            "time_to_first_spike": [
                32.800000000098066,
                6.560000000019613
            ],
            "AHP_depth_abs": [
                -62.41408953118582,
                12.482817906237166
            ]
        }
    }
}