{
    "bAP": {
        "soma": {
            "AP_width": [
                1.0000000000002274,
                0.20000000000004547
            ],
            "AP_height": [
                38.797227345652246,
                7.7594454691304495
            ],
            "Spikecount": [
                1.0,
                0.2
            ]
        },
        "dend1": {
            "AP_amplitude_from_voltagebase": [
                50.15477572983306,
                10.030955145966614
            ]
        },
        "dend2": {
            "AP_amplitude_from_voltagebase": [
                27.707282646275495,
                5.5414565292550995
            ]
        }
    },
    "Step3": {
        "soma": {
            "AP_height": [
                19.376445294749786,
                3.8752890589499573
            ],
            "AHP_slow_time": [
                0.25392689658106804,
                0.05078537931621361
            ],
            "ISI_CV": [
                0.13144350930873241,
                0.026288701861746484
            ],
            "doublet_ISI": [
                15.300000000003479,
                3.060000000000696
            ],
            "adaptation_index2": [
                0.01141149871134237,
                0.002282299742268474
            ],
            "mean_frequency": [
                17.248376623388296,
                3.4496753246776595
            ],
            "AHP_depth_abs_slow": [
                -56.49233870922643,
                11.298467741845286
            ],
            "AP_width": [
                0.8735294117641187,
                0.17470588235282375
            ],
            "time_to_first_spike": [
                10.600000000093019,
                2.120000000018604
            ],
            "AHP_depth_abs": [
                -56.45361931515842,
                11.290723863031685
            ]
        }
    },
    "Step2": {
        "soma": {
            "AP_height": [
                26.206155062557336,
                5.241231012511467
            ],
            "AHP_slow_time": [
                0.18689955067033248,
                0.037379910134066496
            ],
            "ISI_CV": [
                0.08294953119261193,
                0.016589906238522387
            ],
            "doublet_ISI": [
                30.70000000000698,
                6.140000000001397
            ],
            "adaptation_index2": [
                0.008421414579642293,
                0.0016842829159284586
            ],
            "mean_frequency": [
                10.037137408417939,
                2.007427481683588
            ],
            "AHP_depth_abs_slow": [
                -60.15466121841967,
                12.030932243683935
            ],
            "AP_width": [
                0.9099999999993826,
                0.18199999999987654
            ],
            "time_to_first_spike": [
                22.800000000095793,
                4.5600000000191585
            ],
            "AHP_depth_abs": [
                -61.051859516968726,
                12.210371903393746
            ]
        }
    },
    "Step1": {
        "soma": {
            "AP_height": [
                28.101336283036833,
                5.620267256607367
            ],
            "AHP_slow_time": [
                0.17043871249070944,
                0.034087742498141886
            ],
            "ISI_CV": [
                0.04654792025794057,
                0.009309584051588115
            ],
            "doublet_ISI": [
                44.30000000001007,
                8.860000000002016
            ],
            "adaptation_index2": [
                0.0027261679637438727,
                0.0005452335927487745
            ],
            "mean_frequency": [
                8.00480288173448,
                1.6009605763468961
            ],
            "AHP_depth_abs_slow": [
                -61.38180613567395,
                12.27636122713479
            ],
            "AP_width": [
                0.9062499999993747,
                0.18124999999987496
            ],
            "time_to_first_spike": [
                32.800000000098066,
                6.560000000019613
            ],
            "AHP_depth_abs": [
                -62.41241853301485,
                12.48248370660297
            ]
        }
    }
}