{
    "Step3": {
        "soma": {
            "AP_height": [
                19.376445294749786,
                3.8752890589499573
            ],
            "AHP_slow_time": [
                0.25392689658106804,
                0.05078537931621361
            ],
            "ISI_CV": [
                0.13144350930873241,
                0.026288701861746484
            ],
            "doublet_ISI": [
                15.300000000003479,
                3.060000000000696
            ],
            "adaptation_index2": [
                0.01141149871134237,
                0.002282299742268474
            ],
            "mean_frequency": [
                17.248376623388296,
                3.4496753246776595
            ],
            "AHP_depth_abs_slow": [
                -56.49233870922643,
                11.298467741845286
            ],
            "AP_width": [
                0.8735294117641187,
                0.17470588235282375
            ],
            "time_to_first_spike": [
                10.600000000093019,
                2.120000000018604
            ],
            "AHP_depth_abs": [
                -56.45361931515842,
                11.290723863031685
            ]
        }
    },
    "Step2": {
        "soma": {
            "AP_height": [
                26.206155062557336,
                5.241231012511467
            ],
            "AHP_slow_time": [
                0.18689955067033248,
                0.037379910134066496
            ],
            "ISI_CV": [
                0.08294953119261193,
                0.016589906238522387
            ],
            "doublet_ISI": [
                30.70000000000698,
                6.140000000001397
            ],
            "adaptation_index2": [
                0.008421414579642293,
                0.0016842829159284586
            ],
            "mean_frequency": [
                10.037137408417939,
                2.007427481683588
            ],
            "AHP_depth_abs_slow": [
                -60.15466121841967,
                12.030932243683935
            ],
            "AP_width": [
                0.9099999999993826,
                0.18199999999987654
            ],
            "time_to_first_spike": [
                22.800000000095793,
                4.5600000000191585
            ],
            "AHP_depth_abs": [
                -61.051859516968726,
                12.210371903393746
            ]
        }
    },
    "Step1": {
        "soma": {
            "AP_height": [
                28.101336283036833,
                5.620267256607367
            ],
            "AHP_slow_time": [
                0.17043871249070944,
                0.034087742498141886
            ],
            "ISI_CV": [
                0.04654792025794057,
                0.009309584051588115
            ],
            "doublet_ISI": [
                44.30000000001007,
                8.860000000002016
            ],
            "adaptation_index2": [
                0.0027261679637438727,
                0.0005452335927487745
            ],
            "mean_frequency": [
                8.00480288173448,
                1.6009605763468961
            ],
            "AHP_depth_abs_slow": [
                -61.38180613567395,
                12.27636122713479
            ],
            "AP_width": [
                0.9062499999993747,
                0.18124999999987496
            ],
            "time_to_first_spike": [
                32.800000000098066,
                6.560000000019613
            ],
            "AHP_depth_abs": [
                -62.41241853301485,
                12.48248370660297
            ]
        },
        "MEA": {
            "peak_to_valley_0": [
                0.001495,
                0.000299
            ],
            "peak_to_valley_1": [
                0.0015,
                0.00030000000000000003
            ],
            "peak_to_valley_2": [
                0.0014550000000000001,
                0.000291
            ],
            "peak_to_valley_3": [
                0.00136,
                0.00027200000000000005
            ],
            "peak_to_valley_4": [
                0.0016350000000000002,
                0.00032700000000000003
            ],
            "peak_to_valley_5": [
                0.0018100000000000002,
                0.00036200000000000007
            ],
            "peak_to_valley_6": [
                0.001505,
                0.00030100000000000005
            ],
            "peak_to_valley_7": [
                -0.0007000000000000001,
                0.00014000000000000001
            ],
            "peak_to_valley_8": [
                -0.00109,
                0.000218
            ],
            "peak_to_valley_9": [
                -0.001495,
                0.000299
            ],
            "peak_to_valley_10": [
                -0.002,
                0.0004
            ],
            "peak_to_valley_11": [
                -0.00385,
                0.0007700000000000001
            ],
            "peak_to_valley_12": [
                -0.00515,
                0.00103
            ],
            "peak_to_valley_13": [
                -0.0070550000000000005,
                0.0014110000000000001
            ],
            "peak_to_valley_14": [
                -0.009940000000000001,
                0.001988
            ],
            "peak_to_valley_15": [
                -0.009945,
                0.0019890000000000003
            ],
            "peak_to_valley_16": [
                -0.009945,
                0.0019890000000000003
            ],
            "peak_to_valley_17": [
                -0.010015000000000001,
                0.0020030000000000004
            ],
            "peak_to_valley_18": [
                -0.005595,
                0.001119
            ],
            "peak_to_valley_19": [
                -0.004945000000000001,
                0.000989
            ],
            "peak_trough_ratio_0": [
                -0.42639146759818375,
                0.08527829351963676
            ],
            "peak_trough_ratio_1": [
                -0.4600580044052124,
                0.09201160088104249
            ],
            "peak_trough_ratio_2": [
                -0.5078153681176538,
                0.10156307362353077
            ],
            "peak_trough_ratio_3": [
                -0.5837770919905464,
                0.11675541839810928
            ],
            "peak_trough_ratio_4": [
                -0.6352867537121346,
                0.12705735074242694
            ],
            "peak_trough_ratio_5": [
                -0.6080444713432528,
                0.12160889426865057
            ],
            "peak_trough_ratio_6": [
                -0.3777186376338112,
                0.07554372752676225
            ],
            "peak_trough_ratio_7": [
                -0.33379625295380766,
                0.06675925059076153
            ],
            "peak_trough_ratio_8": [
                -1.0563440907001496,
                0.21126881814002993
            ],
            "peak_trough_ratio_9": [
                -1.3438150535919868,
                0.26876301071839737
            ],
            "peak_trough_ratio_10": [
                -1.8160930648575666,
                0.36321861297151337
            ],
            "peak_trough_ratio_11": [
                -2.3122209203091053,
                0.4624441840618211
            ],
            "peak_trough_ratio_12": [
                -2.3492790827777226,
                0.46985581655554454
            ],
            "peak_trough_ratio_13": [
                -2.4901850956458884,
                0.4980370191291777
            ],
            "peak_trough_ratio_14": [
                -2.755229893690714,
                0.5510459787381428
            ],
            "peak_trough_ratio_15": [
                -3.252166563120993,
                0.6504333126241986
            ],