{
    "Step3": {
        "soma": {
            "AP_height": [
                19.673906308912905,
                3.934781261782581
            ],
            "AHP_slow_time": [
                0.25350554422038774,
                0.05070110884407755
            ],
            "ISI_CV": [
                0.13156669595314052,
                0.026313339190628105
            ],
            "doublet_ISI": [
                15.300000000003479,
                3.060000000000696
            ],
            "adaptation_index2": [
                0.01135796998780615,
                0.00227159399756123
            ],
            "mean_frequency": [
                17.24925168688702,
                3.4498503373774043
            ],
            "AHP_depth_abs_slow": [
                -56.49423985723855,
                11.29884797144771
            ],
            "AP_width": [
                0.8852941176464643,
                0.17705882352929286
            ],
            "time_to_first_spike": [
                10.600000000093019,
                2.120000000018604
            ],
            "AHP_depth_abs": [
                -56.45393024040684,
                11.290786048081369
            ]
        }
    },
    "Step2": {
        "soma": {
            "AP_height": [
                26.651189219442482,
                5.330237843888497
            ],
            "AHP_slow_time": [
                0.18747333149234385,
                0.03749466629846877
            ],
            "ISI_CV": [
                0.08380608803259405,
                0.016761217606518813
            ],
            "doublet_ISI": [
                30.70000000000698,
                6.140000000001397
            ],
            "adaptation_index2": [
                0.00845052826277637,
                0.0016901056525552743
            ],
            "mean_frequency": [
                10.037137408417939,
                2.007427481683588
            ],
            "AHP_depth_abs_slow": [
                -60.15538351225925,
                12.03107670245185
            ],
            "AP_width": [
                0.9099999999993884,
                0.1819999999998777
            ],
            "time_to_first_spike": [
                22.800000000095793,
                4.5600000000191585
            ],
            "AHP_depth_abs": [
                -61.05268506638979,
                12.210537013277959
            ]
        }
    },
    "Step1": {
        "soma": {
            "AP_height": [
                28.35470122809749,
                5.670940245619498
            ],
            "AHP_slow_time": [
                0.17040869671701134,
                0.03408173934340227
            ],
            "ISI_CV": [
                0.04555090172180136,
                0.009110180344360272
            ],
            "doublet_ISI": [
                44.20000000001005,
                8.84000000000201
            ],
            "adaptation_index2": [
                0.0025752049896595004,
                0.0005150409979319001
            ],
            "mean_frequency": [
                8.006004503382977,
                1.6012009006765955
            ],
            "AHP_depth_abs_slow": [
                -61.38308373072334,
                12.276616746144668
            ],
            "AP_width": [
                0.912499999999369,
                0.18249999999987382
            ],
            "time_to_first_spike": [
                32.800000000098066,
                6.560000000019613
            ],
            "AHP_depth_abs": [
                -62.41408953118582,
                12.482817906237166
            ]
        },
        "MEA": {
            "peak_to_valley_0": [
                0.001495,
                0.000299
            ],
            "peak_to_valley_1": [
                0.001495,
                0.000299
            ],
            "peak_to_valley_2": [
                0.0014500000000000001,
                0.00029000000000000006
            ],
            "peak_to_valley_3": [
                0.00135,
                0.00027
            ],
            "peak_to_valley_4": [
                0.0016350000000000002,
                0.00032700000000000003
            ],
            "peak_to_valley_5": [
                0.0018000000000000002,
                0.0003600000000000001
            ],
            "peak_to_valley_6": [
                0.00151,
                0.000302
            ],
            "peak_to_valley_7": [
                -0.00033000000000000005,
                6.600000000000002e-05
            ],
            "peak_to_valley_8": [
                -0.00109,
                0.000218
            ],
            "peak_to_valley_9": [
                -0.001495,
                0.000299
            ],
            "peak_to_valley_10": [
                -0.002,
                0.0004
            ],
            "peak_to_valley_11": [
                -0.00385,
                0.0007700000000000001
            ],
            "peak_to_valley_12": [
                -0.005855000000000001,
                0.0011710000000000002
            ],
            "peak_to_valley_13": [
                -0.007065000000000001,
                0.0014130000000000002
            ],
            "peak_to_valley_14": [
                -0.00995,
                0.00199
            ],
            "peak_to_valley_15": [
                -0.00995,
                0.00199
            ],
            "peak_to_valley_16": [
                -0.009955,
                0.001991
            ],
            "peak_to_valley_17": [
                -0.010020000000000001,
                0.002004
            ],
            "peak_to_valley_18": [
                -0.005595,
                0.001119
            ],
            "peak_to_valley_19": [
                -0.010020000000000001,
                0.002004
            ],
            "peak_trough_ratio_0": [
                -0.40574121175032285,
                0.08114824235006457
            ],
            "peak_trough_ratio_1": [
                -0.4374471550200019,
                0.08748943100400039
            ],
            "peak_trough_ratio_2": [
                -0.4819397003089871,
                0.09638794006179742
            ],
            "peak_trough_ratio_3": [
                -0.5533467633879376,
                0.11066935267758754
            ],
            "peak_trough_ratio_4": [
                -0.6194781913230343,
                0.12389563826460687
            ],
            "peak_trough_ratio_5": [
                -0.5978800867791341,
                0.11957601735582682
            ],
            "peak_trough_ratio_6": [
                -0.36846625912934095,
                0.0736932518258682
            ],
            "peak_trough_ratio_7": [
                -0.35808382804888217,
                0.07161676560977644
            ],
            "peak_trough_ratio_8": [
                -1.08177930438847,
                0.216355860877694
            ],
            "peak_trough_ratio_9": [
                -1.3519837535047945,
                0.2703967507009589
            ],
            "peak_trough_ratio_10": [
                -1.8184348421942707,
                0.3636869684388542
            ],
            "peak_trough_ratio_11": [
                -2.3120003134510276,
                0.46240006269020556
            ],
            "peak_trough_ratio_12": [
                -2.350191807533296,
                0.47003836150665923
            ],
            "peak_trough_ratio_13": [
                -2.5346443232987688,
                0.5069288646597537
            ],
            "peak_trough_ratio_14": [
                -2.815401351828016,
                0.5630802703656033
            ],
            "peak_trough_ratio_15": [
                -3.332363949159385,
                0.666472789831877
            ],
            "peak_trough_ratio_16": [
                -5.90583229101265,
                1.18116645820253
            ],