{
    "bAP": {
        "soma": {
            "AP_width": [
                1.0000000000002274,
                0.20000000000004547
            ],
            "AP_height": [
                37.26786233116207,
                7.453572466232415
            ],
            "Spikecount": [
                1.0,
                0.2
            ]
        },
        "dend1": {
            "AP_amplitude_from_voltagebase": [
                20.790671505105216,
                4.158134301021043
            ]
        },
        "dend2": {
            "AP_amplitude_from_voltagebase": [
                11.01443216963144,
                2.202886433926288
            ]
        }
    },
    "Step3": {
        "soma": {
            "AP_height": [
                18.395450316134163,
                3.6790900632268326
            ],
            "AHP_slow_time": [
                0.2316802711710908,
                0.04633605423421816
            ],
            "ISI_CV": [
                0.10295232963055301,
                0.020590465926110604
            ],
            "doublet_ISI": [
                18.60000000000423,
                3.720000000000846
            ],
            "adaptation_index2": [
                0.007951599665966879,
                0.0015903199331933758
            ],
            "mean_frequency": [
                17.64646566503163,
                3.5292931330063264
            ],
            "AHP_depth_abs_slow": [
                -56.66169469589384,
                11.332338939178769
            ],
            "AP_width": [
                0.8599999999993932,
                0.17199999999987867
            ],
            "time_to_first_spike": [
                10.900000000093087,
                2.1800000000186173
            ],
            "AHP_depth_abs": [
                -56.65243414382368,
                11.330486828764737
            ]
        }
    },
    "Step2": {
        "soma": {
            "AP_height": [
                25.891072503943008,
                5.178214500788602
            ],
            "AHP_slow_time": [
                0.17779340291969736,
                0.035558680583939475
            ],
            "ISI_CV": [
                0.05594085615619184,
                0.011188171231238369
            ],
            "doublet_ISI": [
                36.300000000008254,
                7.260000000001651
            ],
            "adaptation_index2": [
                0.0034254745279902903,
                0.0006850949055980582
            ],
            "mean_frequency": [
                11.00660396238491,
                2.201320792476982
            ],
            "AHP_depth_abs_slow": [
                -60.82329953338293,
                12.164659906676587
            ],
            "AP_width": [
                0.8818181818175607,
                0.17636363636351216
            ],
            "time_to_first_spike": [
                24.000000000096065,
                4.800000000019214
            ],
            "AHP_depth_abs": [
                -61.65280444076118,
                12.330560888152236
            ]
        }
    },
    "Step1": {
        "soma": {
            "AP_height": [
                27.508535313395843,
                5.501707062679169
            ],
            "AHP_slow_time": [
                0.15686622873548842,
                0.03137324574709768
            ],
            "ISI_CV": [
                0.03653614930676521,
                0.007307229861353042
            ],
            "doublet_ISI": [
                52.50000000001194,
                10.500000000002387
            ],
            "adaptation_index2": [
                -0.00021544598213724762,
                4.308919642744953e-05
            ],
            "mean_frequency": [
                8.86062754092119,
                1.772125508184238
            ],
            "AHP_depth_abs_slow": [
                -61.940685166768496,
                12.3881370333537
            ],
            "AP_width": [
                0.899999999999362,
                0.1799999999998724
            ],
            "time_to_first_spike": [
                34.900000000098544,
                6.980000000019709
            ],
            "AHP_depth_abs": [
                -61.83124769316902,
                12.366249538633804
            ]
        }
    }
}