{
    "Step3": {
        "soma": {
            "AP_height": [
                18.395450316134163,
                3.6790900632268326
            ],
            "AHP_slow_time": [
                0.2316802711710908,
                0.04633605423421816
            ],
            "ISI_CV": [
                0.10295232963055301,
                0.020590465926110604
            ],
            "doublet_ISI": [
                18.60000000000423,
                3.720000000000846
            ],
            "adaptation_index2": [
                0.007951599665966879,
                0.0015903199331933758
            ],
            "mean_frequency": [
                17.64646566503163,
                3.5292931330063264
            ],
            "AHP_depth_abs_slow": [
                -56.66169469589384,
                11.332338939178769
            ],
            "AP_width": [
                0.8599999999993932,
                0.17199999999987867
            ],
            "time_to_first_spike": [
                10.900000000093087,
                2.1800000000186173
            ],
            "AHP_depth_abs": [
                -56.65243414382368,
                11.330486828764737
            ]
        }
    },
    "Step2": {
        "soma": {
            "AP_height": [
                25.891072503943008,
                5.178214500788602
            ],
            "AHP_slow_time": [
                0.17779340291969736,
                0.035558680583939475
            ],
            "ISI_CV": [
                0.05594085615619184,
                0.011188171231238369
            ],
            "doublet_ISI": [
                36.300000000008254,
                7.260000000001651
            ],
            "adaptation_index2": [
                0.0034254745279902903,
                0.0006850949055980582
            ],
            "mean_frequency": [
                11.00660396238491,
                2.201320792476982
            ],
            "AHP_depth_abs_slow": [
                -60.82329953338293,
                12.164659906676587
            ],
            "AP_width": [
                0.8818181818175607,
                0.17636363636351216
            ],
            "time_to_first_spike": [
                24.000000000096065,
                4.800000000019214
            ],
            "AHP_depth_abs": [
                -61.65280444076118,
                12.330560888152236
            ]
        }
    },
    "Step1": {
        "soma": {
            "AP_height": [
                27.508535313395843,
                5.501707062679169
            ],
            "AHP_slow_time": [
                0.15686622873548842,
                0.03137324574709768
            ],
            "ISI_CV": [
                0.03653614930676521,
                0.007307229861353042
            ],
            "doublet_ISI": [
                52.50000000001194,
                10.500000000002387
            ],
            "adaptation_index2": [
                -0.00021544598213724762,
                4.308919642744953e-05
            ],
            "mean_frequency": [
                8.86062754092119,
                1.772125508184238
            ],
            "AHP_depth_abs_slow": [
                -61.940685166768496,
                12.3881370333537
            ],
            "AP_width": [
                0.899999999999362,
                0.1799999999998724
            ],
            "time_to_first_spike": [
                34.900000000098544,
                6.980000000019709
            ],
            "AHP_depth_abs": [
                -61.83124769316902,
                12.366249538633804
            ]
        },
        "MEA": {
            "peak_to_valley_0": [
                0.0014900000000000002,
                0.0002980000000000001
            ],
            "peak_to_valley_1": [
                0.001445,
                0.00028900000000000003
            ],
            "peak_to_valley_2": [
                0.0013950000000000002,
                0.00027900000000000006
            ],
            "peak_to_valley_3": [
                0.00135,
                0.00027
            ],
            "peak_to_valley_4": [
                0.0016400000000000002,
                0.00032800000000000006
            ],
            "peak_to_valley_5": [
                0.0018050000000000002,
                0.00036100000000000005
            ],
            "peak_to_valley_6": [
                0.0014600000000000001,
                0.00029200000000000005
            ],
            "peak_to_valley_7": [
                -0.00033000000000000005,
                6.600000000000002e-05
            ],
            "peak_to_valley_8": [
                -0.0011350000000000002,
                0.00022700000000000004
            ],
            "peak_to_valley_9": [
                -0.0014650000000000002,
                0.0002930000000000001
            ],
            "peak_to_valley_10": [
                -0.0019500000000000001,
                0.00039000000000000005
            ],
            "peak_to_valley_11": [
                -0.0031500000000000005,
                0.0006300000000000001
            ],
            "peak_to_valley_12": [
                -0.0054,
                0.00108
            ],
            "peak_to_valley_13": [
                -0.00666,
                0.001332
            ],
            "peak_to_valley_14": [
                -0.009945,
                0.0019890000000000003
            ],
            "peak_to_valley_15": [
                -0.009945,
                0.0019890000000000003
            ],
            "peak_to_valley_16": [
                -0.00995,
                0.00199
            ],
            "peak_to_valley_17": [
                -0.00995,
                0.00199
            ],
            "peak_to_valley_18": [
                -0.010015000000000001,
                0.0020030000000000004
            ],
            "peak_to_valley_19": [
                -0.010020000000000001,
                0.002004
            ],
            "peak_trough_ratio_0": [
                -0.37002536146623094,
                0.0740050722932462
            ],
            "peak_trough_ratio_1": [
                -0.4010437733931897,
                0.08020875467863794
            ],
            "peak_trough_ratio_2": [
                -0.44500388910094263,
                0.08900077782018853
            ],
            "peak_trough_ratio_3": [
                -0.5148670045427161,
                0.10297340090854322
            ],
            "peak_trough_ratio_4": [
                -0.6032141839348211,
                0.12064283678696422
            ],
            "peak_trough_ratio_5": [
                -0.58562650516541,
                0.11712530103308201
            ],
            "peak_trough_ratio_6": [
                -0.36550995430854133,
                0.07310199086170827
            ],
            "peak_trough_ratio_7": [
                -0.36798149788677836,
                0.07359629957735568
            ],
            "peak_trough_ratio_8": [
                -1.13962498511901,
                0.22792499702380198
            ],
            "peak_trough_ratio_9": [
                -1.562683387480243,
                0.31253667749604863
            ],
            "peak_trough_ratio_10": [
                -2.0784534809045145,
                0.41569069618090293
            ],
            "peak_trough_ratio_11": [
                -2.562411448812409,
                0.5124822897624818
            ],
            "peak_trough_ratio_12": [
                -2.609408764796948,
                0.5218817529593897
            ],
            "peak_trough_ratio_13": [
                -2.7464346276871225,
                0.5492869255374245
            ],
            "peak_trough_ratio_14": [
                -3.0063848785443796,
                0.601276975708876
            ],