{
    "Step3": {
        "soma": {
            "AP_height": [
                18.24962495586356,
                3.6499249911727123
            ],
            "AHP_slow_time": [
                0.2305948678833808,
                0.04611897357667616
            ],
            "ISI_CV": [
                0.10246109288690892,
                0.020492218577381788
            ],
            "doublet_ISI": [
                18.60000000000423,
                3.720000000000846
            ],
            "adaptation_index2": [
                0.00793476454880289,
                0.0015869529097605783
            ],
            "mean_frequency": [
                17.64646566503163,
                3.5292931330063264
            ],
            "AHP_depth_abs_slow": [
                -56.66101785263205,
                11.33220357052641
            ],
            "AP_width": [
                0.8742857142850945,
                0.17485714285701892
            ],
            "time_to_first_spike": [
                10.900000000093087,
                2.1800000000186173
            ],
            "AHP_depth_abs": [
                -56.651178747831516,
                11.330235749566304
            ]
        }
    },
    "Step2": {
        "soma": {
            "AP_height": [
                25.65877742224484,
                5.131755484448968
            ],
            "AHP_slow_time": [
                0.17817179187194415,
                0.03563435837438883
            ],
            "ISI_CV": [
                0.05527163878614803,
                0.011054327757229606
            ],
            "doublet_ISI": [
                36.300000000008254,
                7.260000000001651
            ],
            "adaptation_index2": [
                0.0034209307613863368,
                0.0006841861522772674
            ],
            "mean_frequency": [
                11.00550275138317,
                2.2011005502766343
            ],
            "AHP_depth_abs_slow": [
                -60.82649549074448,
                12.165299098148896
            ],
            "AP_width": [
                0.8818181818175607,
                0.17636363636351216
            ],
            "time_to_first_spike": [
                24.000000000096065,
                4.800000000019214
            ],
            "AHP_depth_abs": [
                -61.655267209116545,
                12.33105344182331
            ]
        }
    },
    "Step1": {
        "soma": {
            "AP_height": [
                27.41812581888906,
                5.483625163777813
            ],
            "AHP_slow_time": [
                0.15769795970801656,
                0.031539591941603315
            ],
            "ISI_CV": [
                0.03614055887198541,
                0.007228111774397083
            ],
            "doublet_ISI": [
                52.400000000011914,
                10.480000000002384
            ],
            "adaptation_index2": [
                -0.0001546177448670297,
                3.092354897340594e-05
            ],
            "mean_frequency": [
                8.862475237207484,
                1.7724950474414969
            ],
            "AHP_depth_abs_slow": [
                -61.95104166006556,
                12.390208332013113
            ],
            "AP_width": [
                0.899999999999362,
                0.1799999999998724
            ],
            "time_to_first_spike": [
                34.900000000098544,
                6.980000000019709
            ],
            "AHP_depth_abs": [
                -61.840708892402624,
                12.368141778480526
            ]
        }
    }
}