{
    "bAP": {
        "soma": {
            "AP_width": [
                1.0000000000002274,
                0.20000000000004547
            ],
            "AP_height": [
                39.26896009323931,
                7.853792018647862
            ],
            "Spikecount": [
                1.0,
                0.2
            ]
        },
        "dend1": {
            "AP_amplitude_from_voltagebase": [
                12.117531484346422,
                2.4235062968692844
            ]
        }
    },
    "Step3": {
        "soma": {
            "AP_height": [
                15.520098692973626,
                3.1040197385947255
            ],
            "AHP_slow_time": [
                0.174817091413522,
                0.034963418282704405
            ],
            "ISI_CV": [
                0.08225560542663242,
                0.016451121085326485
            ],
            "doublet_ISI": [
                22.100000000005025,
                4.420000000001005
            ],
            "adaptation_index2": [
                0.004908312213594663,
                0.0009816624427189328
            ],
            "mean_frequency": [
                16.868578438901125,
                3.373715687780225
            ],
            "AHP_depth_abs_slow": [
                -55.33931044597246,
                11.067862089194492
            ],
            "AP_width": [
                0.8515151515145631,
                0.17030303030291263
            ],
            "time_to_first_spike": [
                10.400000000092973,
                2.0800000000185945
            ],
            "AHP_depth_abs": [
                -55.433862324048704,
                11.08677246480974
            ]
        }
    },
    "Step2": {
        "soma": {
            "AP_height": [
                25.937138282018754,
                5.187427656403751
            ],
            "AHP_slow_time": [
                0.13690902095149593,
                0.02738180419029919
            ],
            "ISI_CV": [
                0.035647425336300276,
                0.007129485067260056
            ],
            "doublet_ISI": [
                46.200000000010505,
                9.240000000002102
            ],
            "adaptation_index2": [
                -0.0024197552814413876,
                0.0004839510562882775
            ],
            "mean_frequency": [
                9.259259259265495,
                1.851851851853099
            ],
            "AHP_depth_abs_slow": [
                -61.06733334184643,
                12.213466668369286
            ],
            "AP_width": [
                0.8777777777772005,
                0.1755555555554401
            ],
            "time_to_first_spike": [
                22.600000000095747,
                4.52000000001915
            ],
            "AHP_depth_abs": [
                -61.04205180917659,
                12.20841036183532
            ]
        }
    },
    "Step1": {
        "soma": {
            "AP_height": [
                27.7948661723448,
                5.558973234468961
            ],
            "AHP_slow_time": [
                0.13107570130329993,
                0.026215140260659988
            ],
            "ISI_CV": [
                0.03273253388385037,
                0.006546506776770074
            ],
            "doublet_ISI": [
                67.90000000001544,
                13.58000000000309
            ],
            "adaptation_index2": [
                -0.0038314453214649963,
                0.0007662890642929993
            ],
            "mean_frequency": [
                7.505629221921541,
                1.5011258443843083
            ],
            "AHP_depth_abs_slow": [
                -62.65311299670699,
                12.530622599341399
            ],
            "AP_width": [
                0.8533333333327467,
                0.17066666666654937
            ],
            "time_to_first_spike": [
                32.500000000098,
                6.5000000000196
            ],
            "AHP_depth_abs": [
                -63.787963115085034,
                12.757592623017008
            ]
        }
    }
}