{
    "Step3": {
        "soma": {
            "AP_height": [
                15.520098692973626,
                3.1040197385947255
            ],
            "AHP_slow_time": [
                0.174817091413522,
                0.034963418282704405
            ],
            "ISI_CV": [
                0.08225560542663242,
                0.016451121085326485
            ],
            "doublet_ISI": [
                22.100000000005025,
                4.420000000001005
            ],
            "adaptation_index2": [
                0.004908312213594663,
                0.0009816624427189328
            ],
            "mean_frequency": [
                16.868578438901125,
                3.373715687780225
            ],
            "AHP_depth_abs_slow": [
                -55.33931044597246,
                11.067862089194492
            ],
            "AP_width": [
                0.8515151515145631,
                0.17030303030291263
            ],
            "time_to_first_spike": [
                10.400000000092973,
                2.0800000000185945
            ],
            "AHP_depth_abs": [
                -55.433862324048704,
                11.08677246480974
            ]
        }
    },
    "Step2": {
        "soma": {
            "AP_height": [
                25.937138282018754,
                5.187427656403751
            ],
            "AHP_slow_time": [
                0.13690902095149593,
                0.02738180419029919
            ],
            "ISI_CV": [
                0.035647425336300276,
                0.007129485067260056
            ],
            "doublet_ISI": [
                46.200000000010505,
                9.240000000002102
            ],
            "adaptation_index2": [
                -0.0024197552814413876,
                0.0004839510562882775
            ],
            "mean_frequency": [
                9.259259259265495,
                1.851851851853099
            ],
            "AHP_depth_abs_slow": [
                -61.06733334184643,
                12.213466668369286
            ],
            "AP_width": [
                0.8777777777772005,
                0.1755555555554401
            ],
            "time_to_first_spike": [
                22.600000000095747,
                4.52000000001915
            ],
            "AHP_depth_abs": [
                -61.04205180917659,
                12.20841036183532
            ]
        }
    },
    "Step1": {
        "soma": {
            "AP_height": [
                27.7948661723448,
                5.558973234468961
            ],
            "AHP_slow_time": [
                0.13107570130329993,
                0.026215140260659988
            ],
            "ISI_CV": [
                0.03273253388385037,
                0.006546506776770074
            ],
            "doublet_ISI": [
                67.90000000001544,
                13.58000000000309
            ],
            "adaptation_index2": [
                -0.0038314453214649963,
                0.0007662890642929993
            ],
            "mean_frequency": [
                7.505629221921541,
                1.5011258443843083
            ],
            "AHP_depth_abs_slow": [
                -62.65311299670699,
                12.530622599341399
            ],
            "AP_width": [
                0.8533333333327467,
                0.17066666666654937
            ],
            "time_to_first_spike": [
                32.500000000098,
                6.5000000000196
            ],
            "AHP_depth_abs": [
                -63.787963115085034,
                12.757592623017008
            ]
        },
        "MEA": {
            "peak_to_valley_0": [
                0.00141,
                0.000282
            ],
            "peak_to_valley_1": [
                0.001415,
                0.000283
            ],
            "peak_to_valley_2": [
                0.0013700000000000001,
                0.00027400000000000005
            ],
            "peak_to_valley_3": [
                0.0012850000000000001,
                0.000257
            ],
            "peak_to_valley_4": [
                0.0015600000000000002,
                0.00031200000000000005
            ],
            "peak_to_valley_5": [
                0.001685,
                0.00033700000000000006
            ],
            "peak_to_valley_6": [
                0.001415,
                0.000283
            ],
            "peak_to_valley_7": [
                -0.00036500000000000004,
                7.300000000000001e-05
            ],
            "peak_to_valley_8": [
                -0.001185,
                0.00023700000000000001
            ],
            "peak_to_valley_9": [
                -0.0014500000000000001,
                0.00029000000000000006
            ],
            "peak_to_valley_10": [
                -0.0019150000000000003,
                0.0003830000000000001
            ],
            "peak_to_valley_11": [
                -0.0028000000000000004,
                0.0005600000000000001
            ],
            "peak_to_valley_12": [
                -0.0051400000000000005,
                0.001028
            ],
            "peak_to_valley_13": [
                -0.0064,
                0.00128
            ],
            "peak_to_valley_14": [
                -0.009930000000000001,
                0.0019860000000000004
            ],
            "peak_to_valley_15": [
                -0.009935000000000001,
                0.0019870000000000005
            ],
            "peak_to_valley_16": [
                -0.009940000000000001,
                0.001988
            ],
            "peak_to_valley_17": [
                -0.009940000000000001,
                0.001988
            ],
            "peak_to_valley_18": [
                -0.010010000000000002,
                0.0020020000000000003
            ],
            "peak_to_valley_19": [
                -0.010010000000000002,
                0.0020020000000000003
            ],
            "peak_trough_ratio_0": [
                -0.38356762837743263,
                0.07671352567548653
            ],
            "peak_trough_ratio_1": [
                -0.41622130668720353,
                0.08324426133744071
            ],
            "peak_trough_ratio_2": [
                -0.46178479848426945,
                0.0923569596968539
            ],
            "peak_trough_ratio_3": [
                -0.5320949329191083,
                0.10641898658382165
            ],
            "peak_trough_ratio_4": [
                -0.5750432772929357,
                0.11500865545858714
            ],
            "peak_trough_ratio_5": [
                -0.5516229116455265,
                0.1103245823291053
            ],
            "peak_trough_ratio_6": [
                -0.38943735132536983,
                0.07788747026507398
            ],
            "peak_trough_ratio_7": [
                -0.37376072373280433,
                0.07475214474656088
            ],
            "peak_trough_ratio_8": [
                -1.1403097474819672,
                0.22806194949639347
            ],
            "peak_trough_ratio_9": [
                -1.6912728518021305,
                0.3382545703604261
            ],
            "peak_trough_ratio_10": [
                -2.200536934523401,
                0.4401073869046802
            ],
            "peak_trough_ratio_11": [
                -2.6319675582895745,
                0.5263935116579149
            ],
            "peak_trough_ratio_12": [
                -2.704686851083616,
                0.5409373702167233
            ],
            "peak_trough_ratio_13": [
                -2.8172673010755207,
                0.5634534602151041
            ],
            "peak_trough_ratio_14": [
                -3.1058900108588223,
                0.6211780021717646
            ],