{
    "Step3": {
        "soma": {
            "AP_height": [
                15.638204378205765,
                3.1276408756411533
            ],
            "AHP_slow_time": [
                0.17509176833538032,
                0.03501835366707606
            ],
            "ISI_CV": [
                0.08215992003451757,
                0.016431984006903513
            ],
            "doublet_ISI": [
                22.100000000005025,
                4.420000000001005
            ],
            "adaptation_index2": [
                0.004908360097029306,
                0.0009816720194058613
            ],
            "mean_frequency": [
                16.869440752490682,
                3.3738881504981366
            ],
            "AHP_depth_abs_slow": [
                -55.341475222929986,
                11.068295044585998
            ],
            "AP_width": [
                0.8393939393933517,
                0.16787878787867036
            ],
            "time_to_first_spike": [
                10.400000000092973,
                2.0800000000185945
            ],
            "AHP_depth_abs": [
                -55.43523914867561,
                11.087047829735123
            ]
        }
    },
    "Step2": {
        "soma": {
            "AP_height": [
                26.006207798689054,
                5.201241559737811
            ],
            "AHP_slow_time": [
                0.13647160080772558,
                0.027294320161545118
            ],
            "ISI_CV": [
                0.035803475920829095,
                0.00716069518416582
            ],
            "doublet_ISI": [
                46.10000000001048,
                9.220000000002097
            ],
            "adaptation_index2": [
                -0.0023587041008053507,
                0.00047174082016107014
            ],
            "mean_frequency": [
                9.25783058170659,
                1.8515661163413182
            ],
            "AHP_depth_abs_slow": [
                -61.06651567991652,
                12.213303135983304
            ],
            "AP_width": [
                0.8555555555549985,
                0.17111111111099972
            ],
            "time_to_first_spike": [
                22.600000000095747,
                4.52000000001915
            ],
            "AHP_depth_abs": [
                -61.04054178453532,
                12.208108356907065
            ]
        }
    },
    "Step1": {
        "soma": {
            "AP_height": [
                28.222356558711617,
                5.644471311742324
            ],
            "AHP_slow_time": [
                0.13162182481622922,
                0.026324364963245847
            ],
            "ISI_CV": [
                0.03326910193148607,
                0.006653820386297214
            ],
            "doublet_ISI": [
                67.90000000001544,
                13.58000000000309
            ],
            "adaptation_index2": [
                -0.0038800078196068264,
                0.0007760015639213653
            ],
            "mean_frequency": [
                7.506380423364959,
                1.501276084672992
            ],
            "AHP_depth_abs_slow": [
                -62.65335015554726,
                12.530670031109452
            ],
            "AP_width": [
                0.8733333333327361,
                0.17466666666654723
            ],
            "time_to_first_spike": [
                32.500000000098,
                6.5000000000196
            ],
            "AHP_depth_abs": [
                -63.788876909672304,
                12.757775381934461
            ]
        }
    }
}