{
    "bAP": {
        "soma": {
            "AP_width": [
                0.9000000000002046,
                0.18000000000004093
            ],
            "AP_height": [
                35.88244472206613,
                7.176488944413227
            ],
            "Spikecount": [
                1.0,
                0.2
            ]
        },
        "dend1": {
            "AP_amplitude_from_voltagebase": [
                13.099159813881677,
                2.6198319627763356
            ]
        }
    },
    "Step3": {
        "soma": {
            "AP_height": [
                13.171278243139602,
                2.6342556486279207
            ],
            "AHP_slow_time": [
                0.16125318326675148,
                0.0322506366533503
            ],
            "ISI_CV": [
                0.07978504617549617,
                0.015957009235099236
            ],
            "doublet_ISI": [
                23.600000000005366,
                4.720000000001074
            ],
            "adaptation_index2": [
                0.0053935454639719846,
                0.001078709092794397
            ],
            "mean_frequency": [
                17.142280931745013,
                3.4284561863490026
            ],
            "AHP_depth_abs_slow": [
                -55.46162509651584,
                11.092325019303168
            ],
            "AP_width": [
                0.8235294117641307,
                0.16470588235282616
            ],
            "time_to_first_spike": [
                10.200000000092928,
                2.0400000000185856
            ],
            "AHP_depth_abs": [
                -55.56422490244602,
                11.112844980489205
            ]
        }
    },
    "Step2": {
        "soma": {
            "AP_height": [
                23.762538549564216,
                4.752507709912844
            ],
            "AHP_slow_time": [
                0.12926074356703987,
                0.025852148713407977
            ],
            "ISI_CV": [
                0.03119441634126626,
                0.006238883268253253
            ],
            "doublet_ISI": [
                47.00000000001069,
                9.400000000002137
            ],
            "adaptation_index2": [
                -0.0016938882128938412,
                0.00033877764257876826
            ],
            "mean_frequency": [
                9.28265690269306,
                1.8565313805386119
            ],
            "AHP_depth_abs_slow": [
                -61.482992124112954,
                12.29659842482259
            ],
            "AP_width": [
                0.8444444444438849,
                0.16888888888877698
            ],
            "time_to_first_spike": [
                22.00000000009561,
                4.400000000019122
            ],
            "AHP_depth_abs": [
                -61.467627710527076,
                12.293525542105415
            ]
        }
    },
    "Step1": {
        "soma": {
            "AP_height": [
                26.395630105538906,
                5.279126021107782
            ],
            "AHP_slow_time": [
                0.12508982978388872,
                0.025017965956777743
            ],
            "ISI_CV": [
                0.02926769787635279,
                0.005853539575270558
            ],
            "doublet_ISI": [
                67.60000000001537,
                13.520000000003074
            ],
            "adaptation_index2": [
                -0.003271265050077163,
                0.0006542530100154326
            ],
            "mean_frequency": [
                7.574609907594893,
                1.5149219815189787
            ],
            "AHP_depth_abs_slow": [
                -63.132197865089424,
                12.626439573017885
            ],
            "AP_width": [
                0.8666666666660755,
                0.1733333333332151
            ],
            "time_to_first_spike": [
                31.50000000009777,
                6.300000000019555
            ],
            "AHP_depth_abs": [
                -63.07317307219468,
                12.614634614438936
            ]
        }
    }
}