{
    "bAP": {
        "soma": {
            "AP_width": [
                0.9000000000002046,
                0.18000000000004093
            ],
            "AP_height": [
                35.88237516181388,
                7.176475032362777
            ],
            "Spikecount": [
                1.0,
                0.2
            ]
        },
        "dend1": {
            "AP_amplitude_from_voltagebase": [
                13.099167701302683,
                2.6198335402605366
            ]
        }
    },
    "Step3": {
        "soma": {
            "AP_height": [
                13.218285712516218,
                2.643657142503244
            ],
            "AHP_slow_time": [
                0.16251833067988905,
                0.03250366613597781
            ],
            "ISI_CV": [
                0.07924018677595229,
                0.01584803735519046
            ],
            "doublet_ISI": [
                23.500000000005343,
                4.700000000001069
            ],
            "adaptation_index2": [
                0.005410120532421758,
                0.0010820241064843515
            ],
            "mean_frequency": [
                17.14055253076379,
                3.4281105061527586
            ],
            "AHP_depth_abs_slow": [
                -55.46162274032366,
                11.092324548064733
            ],
            "AP_width": [
                0.8294117647053019,
                0.16588235294106038
            ],
            "time_to_first_spike": [
                10.200000000092928,
                2.0400000000185856
            ],
            "AHP_depth_abs": [
                -55.56354729533969,
                11.112709459067938
            ]
        }
    },
    "Step2": {
        "soma": {
            "AP_height": [
                23.895511551298938,
                4.779102310259788
            ],
            "AHP_slow_time": [
                0.1285998104297543,
                0.02571996208595086
            ],
            "ISI_CV": [
                0.03157923108637222,
                0.006315846217274445
            ],
            "doublet_ISI": [
                46.900000000010664,
                9.380000000002132
            ],
            "adaptation_index2": [
                -0.0016659452137144256,
                0.00033318904274288514
            ],
            "mean_frequency": [
                9.281699582329765,
                1.856339916465953
            ],
            "AHP_depth_abs_slow": [
                -61.48141878558005,
                12.29628375711601
            ],
            "AP_width": [
                0.8388888888883343,
                0.1677777777776669
            ],
            "time_to_first_spike": [
                22.00000000009561,
                4.400000000019122
            ],
            "AHP_depth_abs": [
                -61.46644360633223,
                12.293288721266446
            ]
        }
    },
    "Step1": {
        "soma": {
            "AP_height": [
                26.49065176365867,
                5.298130352731734
            ],
            "AHP_slow_time": [
                0.12489051967949738,
                0.024978103935899477
            ],
            "ISI_CV": [
                0.029428130405222824,
                0.005885626081044565
            ],
            "doublet_ISI": [
                67.50000000001535,
                13.50000000000307
            ],
            "adaptation_index2": [
                -0.0033031308361072056,
                0.0006606261672214412
            ],
            "mean_frequency": [
                7.575757575762711,
                1.5151515151525423
            ],
            "AHP_depth_abs_slow": [
                -63.13253450871494,
                12.626506901742989
            ],
            "AP_width": [
                0.8399999999994331,
                0.16799999999988663
            ],
            "time_to_first_spike": [
                31.50000000009777,
                6.300000000019555
            ],
            "AHP_depth_abs": [
                -63.07354841490584,
                12.614709682981168
            ]
        }
    }
}