{
    "Step3": {
        "soma": {
            "AP_height": [
                13.218285712516218,
                2.643657142503244
            ],
            "AHP_slow_time": [
                0.16251833067988905,
                0.03250366613597781
            ],
            "ISI_CV": [
                0.07924018677595229,
                0.01584803735519046
            ],
            "doublet_ISI": [
                23.500000000005343,
                4.700000000001069
            ],
            "adaptation_index2": [
                0.005410120532421758,
                0.0010820241064843515
            ],
            "mean_frequency": [
                17.14055253076379,
                3.4281105061527586
            ],
            "AHP_depth_abs_slow": [
                -55.46162274032366,
                11.092324548064733
            ],
            "AP_width": [
                0.8294117647053019,
                0.16588235294106038
            ],
            "time_to_first_spike": [
                10.200000000092928,
                2.0400000000185856
            ],
            "AHP_depth_abs": [
                -55.56354729533969,
                11.112709459067938
            ]
        }
    },
    "Step2": {
        "soma": {
            "AP_height": [
                23.895511551298938,
                4.779102310259788
            ],
            "AHP_slow_time": [
                0.1285998104297543,
                0.02571996208595086
            ],
            "ISI_CV": [
                0.03157923108637222,
                0.006315846217274445
            ],
            "doublet_ISI": [
                46.900000000010664,
                9.380000000002132
            ],
            "adaptation_index2": [
                -0.0016659452137144256,
                0.00033318904274288514
            ],
            "mean_frequency": [
                9.281699582329765,
                1.856339916465953
            ],
            "AHP_depth_abs_slow": [
                -61.48141878558005,
                12.29628375711601
            ],
            "AP_width": [
                0.8388888888883343,
                0.1677777777776669
            ],
            "time_to_first_spike": [
                22.00000000009561,
                4.400000000019122
            ],
            "AHP_depth_abs": [
                -61.46644360633223,
                12.293288721266446
            ]
        }
    },
    "Step1": {
        "soma": {
            "AP_height": [
                26.49065176365867,
                5.298130352731734
            ],
            "AHP_slow_time": [
                0.12489051967949738,
                0.024978103935899477
            ],
            "ISI_CV": [
                0.029428130405222824,
                0.005885626081044565
            ],
            "doublet_ISI": [
                67.50000000001535,
                13.50000000000307
            ],
            "adaptation_index2": [
                -0.0033031308361072056,
                0.0006606261672214412
            ],
            "mean_frequency": [
                7.575757575762711,
                1.5151515151525423
            ],
            "AHP_depth_abs_slow": [
                -63.13253450871494,
                12.626506901742989
            ],
            "AP_width": [
                0.8399999999994331,
                0.16799999999988663
            ],
            "time_to_first_spike": [
                31.50000000009777,
                6.300000000019555
            ],
            "AHP_depth_abs": [
                -63.07354841490584,
                12.614709682981168
            ]
        },
        "MEA": {
            "peak_to_valley_0": [
                0.0013950000000000002,
                0.00027900000000000006
            ],
            "peak_to_valley_1": [
                0.001345,
                0.00026900000000000003
            ],
            "peak_to_valley_2": [
                0.0013000000000000002,
                0.00026000000000000003
            ],
            "peak_to_valley_3": [
                0.001255,
                0.00025100000000000003
            ],
            "peak_to_valley_4": [
                0.0015650000000000002,
                0.00031300000000000007
            ],
            "peak_to_valley_5": [
                0.00168,
                0.00033600000000000004
            ],
            "peak_to_valley_6": [
                0.0014050000000000002,
                0.00028100000000000005
            ],
            "peak_to_valley_7": [
                -0.000675,
                0.000135
            ],
            "peak_to_valley_8": [
                -0.00119,
                0.00023800000000000004
            ],
            "peak_to_valley_9": [
                -0.00143,
                0.000286
            ],
            "peak_to_valley_10": [
                -0.0019100000000000002,
                0.00038200000000000007
            ],
            "peak_to_valley_11": [
                -0.00304,
                0.000608
            ],
            "peak_to_valley_12": [
                -0.005105,
                0.001021
            ],
            "peak_to_valley_13": [
                -0.0064150000000000006,
                0.0012830000000000003
            ],
            "peak_to_valley_14": [
                -0.00995,
                0.00199
            ],
            "peak_to_valley_15": [
                -0.00995,
                0.00199
            ],
            "peak_to_valley_16": [
                -0.009955,
                0.001991
            ],
            "peak_to_valley_17": [
                -0.009955,
                0.001991
            ],
            "peak_to_valley_18": [
                -0.010020000000000001,
                0.002004
            ],
            "peak_to_valley_19": [
                -0.010020000000000001,
                0.002004
            ],
            "peak_trough_ratio_0": [
                -0.3681590721246343,
                0.07363181442492686
            ],
            "peak_trough_ratio_1": [
                -0.39882229230151406,
                0.07976445846030282
            ],
            "peak_trough_ratio_2": [
                -0.44155569518798715,
                0.08831113903759744
            ],
            "peak_trough_ratio_3": [
                -0.5086959179595979,
                0.10173918359191958
            ],
            "peak_trough_ratio_4": [
                -0.5394966412713473,
                0.10789932825426947
            ],
            "peak_trough_ratio_5": [
                -0.5176812740226409,
                0.10353625480452817
            ],
            "peak_trough_ratio_6": [
                -0.3883436276604296,
                0.07766872553208592
            ],
            "peak_trough_ratio_7": [
                -0.4224011953033796,
                0.08448023906067592
            ],
            "peak_trough_ratio_8": [
                -1.1201156421580416,
                0.22402312843160832
            ],
            "peak_trough_ratio_9": [
                -1.6664035602810279,
                0.3332807120562056
            ],
            "peak_trough_ratio_10": [
                -2.1605725526740254,
                0.4321145105348051
            ],
            "peak_trough_ratio_11": [
                -2.5871244027963143,
                0.5174248805592628
            ],
            "peak_trough_ratio_12": [
                -2.7200838377066794,
                0.5440167675413359
            ],
            "peak_trough_ratio_13": [
                -2.8554228774881345,
                0.5710845754976269
            ],
            "peak_trough_ratio_14": [
                -3.1285552019582696,
                0.6257110403916539
            ],
            "peak_trough_ratio_15": [
                -3.335645765291513,
                0.6671291530583026
            ],