{
    "Step3": {
        "soma": {
            "AP_height": [
                13.171278243139602,
                2.6342556486279207
            ],
            "AHP_slow_time": [
                0.16125318326675148,
                0.0322506366533503
            ],
            "ISI_CV": [
                0.07978504617549617,
                0.015957009235099236
            ],
            "doublet_ISI": [
                23.600000000005366,
                4.720000000001074
            ],
            "adaptation_index2": [
                0.0053935454639719846,
                0.001078709092794397
            ],
            "mean_frequency": [
                17.142280931745013,
                3.4284561863490026
            ],
            "AHP_depth_abs_slow": [
                -55.46162509651584,
                11.092325019303168
            ],
            "AP_width": [
                0.8235294117641307,
                0.16470588235282616
            ],
            "time_to_first_spike": [
                10.200000000092928,
                2.0400000000185856
            ],
            "AHP_depth_abs": [
                -55.56422490244602,
                11.112844980489205
            ]
        }
    },
    "Step2": {
        "soma": {
            "AP_height": [
                23.762538549564216,
                4.752507709912844
            ],
            "AHP_slow_time": [
                0.12926074356703987,
                0.025852148713407977
            ],
            "ISI_CV": [
                0.03119441634126626,
                0.006238883268253253
            ],
            "doublet_ISI": [
                47.00000000001069,
                9.400000000002137
            ],
            "adaptation_index2": [
                -0.0016938882128938412,
                0.00033877764257876826
            ],
            "mean_frequency": [
                9.28265690269306,
                1.8565313805386119
            ],
            "AHP_depth_abs_slow": [
                -61.482992124112954,
                12.29659842482259
            ],
            "AP_width": [
                0.8444444444438849,
                0.16888888888877698
            ],
            "time_to_first_spike": [
                22.00000000009561,
                4.400000000019122
            ],
            "AHP_depth_abs": [
                -61.467627710527076,
                12.293525542105415
            ]
        }
    },
    "Step1": {
        "soma": {
            "AP_height": [
                26.395630105538906,
                5.279126021107782
            ],
            "AHP_slow_time": [
                0.12508982978388872,
                0.025017965956777743
            ],
            "ISI_CV": [
                0.02926769787635279,
                0.005853539575270558
            ],
            "doublet_ISI": [
                67.60000000001537,
                13.520000000003074
            ],
            "adaptation_index2": [
                -0.003271265050077163,
                0.0006542530100154326
            ],
            "mean_frequency": [
                7.574609907594893,
                1.5149219815189787
            ],
            "AHP_depth_abs_slow": [
                -63.132197865089424,
                12.626439573017885
            ],
            "AP_width": [
                0.8666666666660755,
                0.1733333333332151
            ],
            "time_to_first_spike": [
                31.50000000009777,
                6.300000000019555
            ],
            "AHP_depth_abs": [
                -63.07317307219468,
                12.614634614438936
            ]
        },
        "MEA": {
            "peak_to_valley_0": [
                0.0013700000000000001,
                0.00027400000000000005
            ],
            "peak_to_valley_1": [
                0.001325,
                0.000265
            ],
            "peak_to_valley_2": [
                0.0013050000000000002,
                0.00026100000000000006
            ],
            "peak_to_valley_3": [
                0.00159,
                0.00031800000000000003
            ],
            "peak_to_valley_4": [
                0.0015400000000000001,
                0.00030800000000000006
            ],
            "peak_to_valley_5": [
                0.0016550000000000002,
                0.0003310000000000001
            ],
            "peak_to_valley_6": [
                0.0013850000000000002,
                0.00027700000000000007
            ],
            "peak_to_valley_7": [
                -0.00067,
                0.000134
            ],
            "peak_to_valley_8": [
                -0.001165,
                0.00023300000000000003
            ],
            "peak_to_valley_9": [
                -0.001425,
                0.00028500000000000004
            ],
            "peak_to_valley_10": [
                -0.0019000000000000002,
                0.0003800000000000001
            ],
            "peak_to_valley_11": [
                -0.0030150000000000003,
                0.0006030000000000001
            ],
            "peak_to_valley_12": [
                -0.00513,
                0.001026
            ],
            "peak_to_valley_13": [
                -0.00644,
                0.001288
            ],
            "peak_to_valley_14": [
                -0.00992,
                0.001984
            ],
            "peak_to_valley_15": [
                -0.009925000000000002,
                0.0019850000000000002
            ],
            "peak_to_valley_16": [
                -0.009925000000000002,
                0.0019850000000000002
            ],
            "peak_to_valley_17": [
                -0.009930000000000001,
                0.0019860000000000004
            ],
            "peak_to_valley_18": [
                -0.009995,
                0.0019990000000000003
            ],
            "peak_to_valley_19": [
                -0.009995,
                0.0019990000000000003
            ],
            "peak_trough_ratio_0": [
                -0.379538287371537,
                0.0759076574743074
            ],
            "peak_trough_ratio_1": [
                -0.411513954567781,
                0.0823027909135562
            ],
            "peak_trough_ratio_2": [
                -0.45648432162458835,
                0.09129686432491768
            ],
            "peak_trough_ratio_3": [
                -0.5150399947227636,
                0.10300799894455273
            ],
            "peak_trough_ratio_4": [
                -0.5428849936170054,
                0.10857699872340108
            ],
            "peak_trough_ratio_5": [
                -0.5215877522083907,
                0.10431755044167815
            ],
            "peak_trough_ratio_6": [
                -0.39355778459154106,
                0.07871155691830822
            ],
            "peak_trough_ratio_7": [
                -0.41501832706915087,
                0.08300366541383018
            ],
            "peak_trough_ratio_8": [
                -1.1048529501529938,
                0.22097059003059877
            ],
            "peak_trough_ratio_9": [
                -1.65598459556152,
                0.33119691911230403
            ],
            "peak_trough_ratio_10": [
                -2.1580812084271783,
                0.43161624168543566
            ],
            "peak_trough_ratio_11": [
                -2.5856675784533736,
                0.5171335156906748
            ],
            "peak_trough_ratio_12": [
                -2.7088885262035785,
                0.5417777052407157
            ],
            "peak_trough_ratio_13": [
                -2.8355171838873114,
                0.5671034367774623
            ],
            "peak_trough_ratio_14": [
                -3.096132649756155,
                0.6192265299512311
            ],