{
    "bAP": {
        "soma": {
            "AP_width": [
                1.0000000000002274,
                0.20000000000004547
            ],
            "AP_height": [
                35.832951634240644,
                7.166590326848129
            ],
            "Spikecount": [
                1.0,
                0.2
            ]
        },
        "dend1": {
            "AP_amplitude_from_voltagebase": [
                36.307703672138565,
                7.261540734427713
            ]
        },
        "dend2": {
            "AP_amplitude_from_voltagebase": [
                18.168872759208718,
                3.6337745518417437
            ]
        }
    },
    "Step3": {
        "soma": {
            "AP_height": [
                16.141895134786676,
                3.2283790269573354
            ],
            "AHP_slow_time": [
                0.28717516886701205,
                0.057435033773402415
            ],
            "ISI_CV": [
                0.11934188830692607,
                0.023868377661385217
            ],
            "doublet_ISI": [
                16.200000000003683,
                3.240000000000737
            ],
            "adaptation_index2": [
                0.01085680251226544,
                0.002171360502453088
            ],
            "mean_frequency": [
                15.211439002139898,
                3.04228780042798
            ],
            "AHP_depth_abs_slow": [
                -56.254504478356644,
                11.250900895671329
            ],
            "AP_width": [
                0.9233333333327096,
                0.18466666666654194
            ],
            "time_to_first_spike": [
                10.900000000093087,
                2.1800000000186173
            ],
            "AHP_depth_abs": [
                -56.15181558497706,
                11.230363116995413
            ]
        }
    },
    "Step2": {
        "soma": {
            "AP_height": [
                23.362636217594414,
                4.672527243518883
            ],
            "AHP_slow_time": [
                0.20409765724526702,
                0.040819531449053405
            ],
            "ISI_CV": [
                0.05367254635187557,
                0.010734509270375114
            ],
            "doublet_ISI": [
                34.60000000000787,
                6.920000000001574
            ],
            "adaptation_index2": [
                0.002460254626270943,
                0.0004920509252541886
            ],
            "mean_frequency": [
                9.352592746551013,
                1.8705185493102026
            ],
            "AHP_depth_abs_slow": [
                -60.15027068914813,
                12.030054137829627
            ],
            "AP_width": [
                0.9166666666660667,
                0.18333333333321333
            ],
            "time_to_first_spike": [
                23.80000000009602,
                4.760000000019204
            ],
            "AHP_depth_abs": [
                -59.93835889896929,
                11.987671779793859
            ]
        }
    },
    "Step1": {
        "soma": {
            "AP_height": [
                25.03059478456573,
                5.006118956913146
            ],
            "AHP_slow_time": [
                0.18225235906454976,
                0.03645047181290995
            ],
            "ISI_CV": [
                0.035301974830248266,
                0.007060394966049654
            ],
            "doublet_ISI": [
                52.800000000012005,
                10.560000000002402
            ],
            "adaptation_index2": [
                -0.0021167611574242308,
                0.00042335223148484615
            ],
            "mean_frequency": [
                7.527286413253013,
                1.5054572826506027
            ],
            "AHP_depth_abs_slow": [
                -61.385164419670474,
                12.277032883934096
            ],
            "AP_width": [
                0.9285714285708195,
                0.18571428571416393
            ],
            "time_to_first_spike": [
                34.600000000098476,
                6.920000000019695
            ],
            "AHP_depth_abs": [
                -61.16145762203811,
                12.232291524407621
            ]
        }
    }
}