{
    "bAP": {
        "soma": {
            "AP_width": [
                1.0000000000002274,
                0.20000000000004547
            ],
            "AP_height": [
                35.832941097605506,
                7.166588219521102
            ],
            "Spikecount": [
                1.0,
                0.2
            ]
        },
        "dend1": {
            "AP_amplitude_from_voltagebase": [
                36.30770858095538,
                7.261541716191076
            ]
        },
        "dend2": {
            "AP_amplitude_from_voltagebase": [
                18.168875830076104,
                3.633775166015221
            ]
        }
    },
    "Step3": {
        "soma": {
            "AP_height": [
                16.03186533510299,
                3.206373067020598
            ],
            "AHP_slow_time": [
                0.2872882577382461,
                0.05745765154764923
            ],
            "ISI_CV": [
                0.1192151311608369,
                0.023843026232167382
            ],
            "doublet_ISI": [
                16.200000000003683,
                3.240000000000737
            ],
            "adaptation_index2": [
                0.010854491788397503,
                0.0021708983576795007
            ],
            "mean_frequency": [
                15.211439002139898,
                3.04228780042798
            ],
            "AHP_depth_abs_slow": [
                -56.25607357341316,
                11.251214714682632
            ],
            "AP_width": [
                0.9099999999993845,
                0.18199999999987693
            ],
            "time_to_first_spike": [
                10.900000000093087,
                2.1800000000186173
            ],
            "AHP_depth_abs": [
                -56.15506586118055,
                11.23101317223611
            ]
        }
    },
    "Step2": {
        "soma": {
            "AP_height": [
                23.242054641181838,
                4.648410928236368
            ],
            "AHP_slow_time": [
                0.20491086862239463,
                0.04098217372447893
            ],
            "ISI_CV": [
                0.05348091602236481,
                0.010696183204472963
            ],
            "doublet_ISI": [
                34.60000000000787,
                6.920000000001574
            ],
            "adaptation_index2": [
                0.002487940991163541,
                0.0004975881982327082
            ],
            "mean_frequency": [
                9.350649350655626,
                1.8701298701311253
            ],
            "AHP_depth_abs_slow": [
                -60.14680451553102,
                12.029360903106204
            ],
            "AP_width": [
                0.9388888888882624,
                0.18777777777765248
            ],
            "time_to_first_spike": [
                23.80000000009602,
                4.760000000019204
            ],
            "AHP_depth_abs": [
                -59.934830220812586,
                11.986966044162518
            ]
        }
    },
    "Step1": {
        "soma": {
            "AP_height": [
                25.064194669300587,
                5.012838933860118
            ],
            "AHP_slow_time": [
                0.1819356095021902,
                0.036387121900438045
            ],
            "ISI_CV": [
                0.035323714000710126,
                0.007064742800142025
            ],
            "doublet_ISI": [
                53.200000000012096,
                10.64000000000242
            ],
            "adaptation_index2": [
                -0.0021805346152991884,
                0.0004361069230598377
            ],
            "mean_frequency": [
                7.527286413253013,
                1.5054572826506027
            ],
            "AHP_depth_abs_slow": [
                -61.38338008605422,
                12.276676017210844
            ],
            "AP_width": [
                0.9214285714279608,
                0.18428571428559215
            ],
            "time_to_first_spike": [
                34.600000000098476,
                6.920000000019695
            ],
            "AHP_depth_abs": [
                -61.16124716600664,
                12.232249433201329
            ]
        }
    }
}