{
    "Step3": {
        "soma": {
            "AP_height": [
                16.03186533510299,
                3.206373067020598
            ],
            "AHP_slow_time": [
                0.2872882577382461,
                0.05745765154764923
            ],
            "ISI_CV": [
                0.1192151311608369,
                0.023843026232167382
            ],
            "doublet_ISI": [
                16.200000000003683,
                3.240000000000737
            ],
            "adaptation_index2": [
                0.010854491788397503,
                0.0021708983576795007
            ],
            "mean_frequency": [
                15.211439002139898,
                3.04228780042798
            ],
            "AHP_depth_abs_slow": [
                -56.25607357341316,
                11.251214714682632
            ],
            "AP_width": [
                0.9099999999993845,
                0.18199999999987693
            ],
            "time_to_first_spike": [
                10.900000000093087,
                2.1800000000186173
            ],
            "AHP_depth_abs": [
                -56.15506586118055,
                11.23101317223611
            ]
        }
    },
    "Step2": {
        "soma": {
            "AP_height": [
                23.242054641181838,
                4.648410928236368
            ],
            "AHP_slow_time": [
                0.20491086862239463,
                0.04098217372447893
            ],
            "ISI_CV": [
                0.05348091602236481,
                0.010696183204472963
            ],
            "doublet_ISI": [
                34.60000000000787,
                6.920000000001574
            ],
            "adaptation_index2": [
                0.002487940991163541,
                0.0004975881982327082
            ],
            "mean_frequency": [
                9.350649350655626,
                1.8701298701311253
            ],
            "AHP_depth_abs_slow": [
                -60.14680451553102,
                12.029360903106204
            ],
            "AP_width": [
                0.9388888888882624,
                0.18777777777765248
            ],
            "time_to_first_spike": [
                23.80000000009602,
                4.760000000019204
            ],
            "AHP_depth_abs": [
                -59.934830220812586,
                11.986966044162518
            ]
        }
    },
    "Step1": {
        "soma": {
            "AP_height": [
                25.064194669300587,
                5.012838933860118
            ],
            "AHP_slow_time": [
                0.1819356095021902,
                0.036387121900438045
            ],
            "ISI_CV": [
                0.035323714000710126,
                0.007064742800142025
            ],
            "doublet_ISI": [
                53.200000000012096,
                10.64000000000242
            ],
            "adaptation_index2": [
                -0.0021805346152991884,
                0.0004361069230598377
            ],
            "mean_frequency": [
                7.527286413253013,
                1.5054572826506027
            ],
            "AHP_depth_abs_slow": [
                -61.38338008605422,
                12.276676017210844
            ],
            "AP_width": [
                0.9214285714279608,
                0.18428571428559215
            ],
            "time_to_first_spike": [
                34.600000000098476,
                6.920000000019695
            ],
            "AHP_depth_abs": [
                -61.16124716600664,
                12.232249433201329
            ]
        },
        "MEA": {
            "peak_to_valley_0": [
                0.0015500000000000002,
                0.00031000000000000005
            ],
            "peak_to_valley_1": [
                0.001505,
                0.00030100000000000005
            ],
            "peak_to_valley_2": [
                0.0014550000000000001,
                0.000291
            ],
            "peak_to_valley_3": [
                0.00136,
                0.00027200000000000005
            ],
            "peak_to_valley_4": [
                0.001675,
                0.000335
            ],
            "peak_to_valley_5": [
                0.001855,
                0.000371
            ],
            "peak_to_valley_6": [
                0.0015550000000000002,
                0.0003110000000000001
            ],
            "peak_to_valley_7": [
                -0.0007450000000000001,
                0.00014900000000000004
            ],
            "peak_to_valley_8": [
                -0.0011300000000000001,
                0.00022600000000000005
            ],
            "peak_to_valley_9": [
                -0.0015450000000000001,
                0.00030900000000000003
            ],
            "peak_to_valley_10": [
                -0.00205,
                0.00041000000000000005
            ],
            "peak_to_valley_11": [
                -0.0037500000000000003,
                0.0007500000000000001
            ],
            "peak_to_valley_12": [
                -0.00525,
                0.0010500000000000002
            ],
            "peak_to_valley_13": [
                -0.0072050000000000005,
                0.0014410000000000002
            ],
            "peak_to_valley_14": [
                -0.009940000000000001,
                0.001988
            ],
            "peak_to_valley_15": [
                -0.009945,
                0.0019890000000000003
            ],
            "peak_to_valley_16": [
                -0.00995,
                0.00199
            ],
            "peak_to_valley_17": [
                -0.010015000000000001,
                0.0020030000000000004
            ],
            "peak_to_valley_18": [
                -0.005695,
                0.001139
            ],
            "peak_to_valley_19": [
                -0.010020000000000001,
                0.002004
            ],
            "peak_trough_ratio_0": [
                -0.38497527931375963,
                0.07699505586275193
            ],
            "peak_trough_ratio_1": [
                -0.41967606049141887,
                0.08393521209828378
            ],
            "peak_trough_ratio_2": [
                -0.4692150955049463,
                0.09384301910098926
            ],
            "peak_trough_ratio_3": [
                -0.5487418654611494,
                0.1097483730922299
            ],
            "peak_trough_ratio_4": [
                -0.6034345682396758,
                0.12068691364793516
            ],
            "peak_trough_ratio_5": [
                -0.5863303166272436,
                0.11726606332544871
            ],
            "peak_trough_ratio_6": [
                -0.34625423785536263,
                0.06925084757107253
            ],
            "peak_trough_ratio_7": [
                -0.34139971900699767,
                0.06827994380139954
            ],
            "peak_trough_ratio_8": [
                -1.110144176335811,
                0.22202883526716222
            ],
            "peak_trough_ratio_9": [
                -1.5310665755976696,
                0.3062133151195339
            ],
            "peak_trough_ratio_10": [
                -2.0784973944111664,
                0.4156994788822333
            ],
            "peak_trough_ratio_11": [
                -2.6104544438119768,
                0.5220908887623954
            ],
            "peak_trough_ratio_12": [
                -2.600390875903061,
                0.5200781751806123
            ],
            "peak_trough_ratio_13": [
                -2.725264834106339,
                0.5450529668212678
            ],
            "peak_trough_ratio_14": [
                -2.9081378617664457,
                0.5816275723532892
            ],