{
    "Step3": {
        "soma": {
            "AP_height": [
                16.141895134786676,
                3.2283790269573354
            ],
            "AHP_slow_time": [
                0.28717516886701205,
                0.057435033773402415
            ],
            "ISI_CV": [
                0.11934188830692607,
                0.023868377661385217
            ],
            "doublet_ISI": [
                16.200000000003683,
                3.240000000000737
            ],
            "adaptation_index2": [
                0.01085680251226544,
                0.002171360502453088
            ],
            "mean_frequency": [
                15.211439002139898,
                3.04228780042798
            ],
            "AHP_depth_abs_slow": [
                -56.254504478356644,
                11.250900895671329
            ],
            "AP_width": [
                0.9233333333327096,
                0.18466666666654194
            ],
            "time_to_first_spike": [
                10.900000000093087,
                2.1800000000186173
            ],
            "AHP_depth_abs": [
                -56.15181558497706,
                11.230363116995413
            ]
        }
    },
    "Step2": {
        "soma": {
            "AP_height": [
                23.362636217594414,
                4.672527243518883
            ],
            "AHP_slow_time": [
                0.20409765724526702,
                0.040819531449053405
            ],
            "ISI_CV": [
                0.05367254635187557,
                0.010734509270375114
            ],
            "doublet_ISI": [
                34.60000000000787,
                6.920000000001574
            ],
            "adaptation_index2": [
                0.002460254626270943,
                0.0004920509252541886
            ],
            "mean_frequency": [
                9.352592746551013,
                1.8705185493102026
            ],
            "AHP_depth_abs_slow": [
                -60.15027068914813,
                12.030054137829627
            ],
            "AP_width": [
                0.9166666666660667,
                0.18333333333321333
            ],
            "time_to_first_spike": [
                23.80000000009602,
                4.760000000019204
            ],
            "AHP_depth_abs": [
                -59.93835889896929,
                11.987671779793859
            ]
        }
    },
    "Step1": {
        "soma": {
            "AP_height": [
                25.03059478456573,
                5.006118956913146
            ],
            "AHP_slow_time": [
                0.18225235906454976,
                0.03645047181290995
            ],
            "ISI_CV": [
                0.035301974830248266,
                0.007060394966049654
            ],
            "doublet_ISI": [
                52.800000000012005,
                10.560000000002402
            ],
            "adaptation_index2": [
                -0.0021167611574242308,
                0.00042335223148484615
            ],
            "mean_frequency": [
                7.527286413253013,
                1.5054572826506027
            ],
            "AHP_depth_abs_slow": [
                -61.385164419670474,
                12.277032883934096
            ],
            "AP_width": [
                0.9285714285708195,
                0.18571428571416393
            ],
            "time_to_first_spike": [
                34.600000000098476,
                6.920000000019695
            ],
            "AHP_depth_abs": [
                -61.16145762203811,
                12.232291524407621
            ]
        },
        "MEA": {
            "peak_to_valley_0": [
                0.001585,
                0.000317
            ],
            "peak_to_valley_1": [
                0.0015400000000000001,
                0.00030800000000000006
            ],
            "peak_to_valley_2": [
                0.00144,
                0.000288
            ],
            "peak_to_valley_3": [
                0.001345,
                0.00026900000000000003
            ],
            "peak_to_valley_4": [
                0.001665,
                0.000333
            ],
            "peak_to_valley_5": [
                0.001835,
                0.00036700000000000003
            ],
            "peak_to_valley_6": [
                0.0015450000000000001,
                0.00030900000000000003
            ],
            "peak_to_valley_7": [
                -0.0007350000000000001,
                0.00014700000000000002
            ],
            "peak_to_valley_8": [
                -0.0011300000000000001,
                0.00022600000000000005
            ],
            "peak_to_valley_9": [
                -0.0015350000000000001,
                0.00030700000000000004
            ],
            "peak_to_valley_10": [
                -0.00205,
                0.00041000000000000005
            ],
            "peak_to_valley_11": [
                -0.0038000000000000004,
                0.0007600000000000002
            ],
            "peak_to_valley_12": [
                -0.0053,
                0.00106
            ],
            "peak_to_valley_13": [
                -0.007200000000000001,
                0.0014400000000000003
            ],
            "peak_to_valley_14": [
                -0.009930000000000001,
                0.0019860000000000004
            ],
            "peak_to_valley_15": [
                -0.009935000000000001,
                0.0019870000000000005
            ],
            "peak_to_valley_16": [
                -0.009940000000000001,
                0.001988
            ],
            "peak_to_valley_17": [
                -0.010005,
                0.002001
            ],
            "peak_to_valley_18": [
                -0.005695,
                0.001139
            ],
            "peak_to_valley_19": [
                -0.010005,
                0.002001
            ],
            "peak_trough_ratio_0": [
                -0.38806212172290583,
                0.07761242434458117
            ],
            "peak_trough_ratio_1": [
                -0.4237344981297615,
                0.0847468996259523
            ],
            "peak_trough_ratio_2": [
                -0.4745397121448159,
                0.09490794242896318
            ],
            "peak_trough_ratio_3": [
                -0.5568151265085897,
                0.11136302530171793
            ],
            "peak_trough_ratio_4": [
                -0.6034222160903014,
                0.1206844432180603
            ],
            "peak_trough_ratio_5": [
                -0.5896175280377661,
                0.11792350560755323
            ],
            "peak_trough_ratio_6": [
                -0.34658601863049215,
                0.06931720372609844
            ],
            "peak_trough_ratio_7": [
                -0.34147939878289457,
                0.06829587975657891
            ],
            "peak_trough_ratio_8": [
                -1.107181140996319,
                0.2214362281992638
            ],
            "peak_trough_ratio_9": [
                -1.5257999543130583,
                0.3051599908626117
            ],
            "peak_trough_ratio_10": [
                -2.075384677497729,
                0.41507693549954583
            ],
            "peak_trough_ratio_11": [
                -2.6089515587967265,
                0.5217903117593453
            ],
            "peak_trough_ratio_12": [
                -2.599220212438858,
                0.5198440424877716
            ],
            "peak_trough_ratio_13": [
                -2.732097696765251,
                0.5464195393530502
            ],
            "peak_trough_ratio_14": [
                -2.915099336736461,
                0.5830198673472923
            ],
            "peak_trough_ratio_15": [
                -3.494012615471991,
                0.6988025230943982
            ],