{
    "bAP": {
        "soma": {
            "AP_width": [
                0.9000000000002046,
                0.18000000000004093
            ],
            "AP_height": [
                38.120268653155456,
                7.624053730631092
            ],
            "Spikecount": [
                1.0,
                0.2
            ]
        },
        "dend1": {
            "AP_amplitude_from_voltagebase": [
                68.3828895554731,
                13.67657791109462
            ]
        },
        "dend2": {
            "AP_amplitude_from_voltagebase": [
                52.07076660383755,
                10.414153320767511
            ]
        }
    },
    "Step3": {
        "soma": {
            "AP_height": [
                16.9592020647389,
                3.39184041294778
            ],
            "AHP_slow_time": [
                0.20542193746149703,
                0.04108438749229941
            ],
            "ISI_CV": [
                0.11048432883675731,
                0.022096865767351464
            ],
            "doublet_ISI": [
                14.900000000003388,
                2.9800000000006777
            ],
            "adaptation_index2": [
                0.007304389943675683,
                0.0014608779887351367
            ],
            "mean_frequency": [
                19.54397394138136,
                3.908794788276272
            ],
            "AHP_depth_abs_slow": [
                -55.67466998525515,
                11.13493399705103
            ],
            "AP_width": [
                0.8333333333327533,
                0.16666666666655067
            ],
            "time_to_first_spike": [
                10.700000000093041,
                2.1400000000186084
            ],
            "AHP_depth_abs": [
                -56.39582957823557,
                11.279165915647114
            ]
        }
    },
    "Step2": {
        "soma": {
            "AP_height": [
                24.831208949395744,
                4.966241789879149
            ],
            "AHP_slow_time": [
                0.1689782096308694,
                0.03379564192617388
            ],
            "ISI_CV": [
                0.08341952053718583,
                0.016683904107437166
            ],
            "doublet_ISI": [
                30.800000000007003,
                6.160000000001401
            ],
            "adaptation_index2": [
                0.009199021356988992,
                0.0018398042713977986
            ],
            "mean_frequency": [
                10.181744132776826,
                2.0363488265553653
            ],
            "AHP_depth_abs_slow": [
                -59.50192321397786,
                11.900384642795572
            ],
            "AP_width": [
                0.8649999999994179,
                0.17299999999988358
            ],
            "time_to_first_spike": [
                23.40000000009593,
                4.680000000019186
            ],
            "AHP_depth_abs": [
                -59.42389167345645,
                11.88477833469129
            ]
        }
    },
    "Step1": {
        "soma": {
            "AP_height": [
                26.71954579070313,
                5.343909158140626
            ],
            "AHP_slow_time": [
                0.16515780337323557,
                0.03303156067464712
            ],
            "ISI_CV": [
                0.049183766159348226,
                0.009836753231869645
            ],
            "doublet_ISI": [
                46.30000000001053,
                9.260000000002107
            ],
            "adaptation_index2": [
                0.004031091417024187,
                0.0008062182834048375
            ],
            "mean_frequency": [
                7.992753237070376,
                1.5985506474140754
            ],
            "AHP_depth_abs_slow": [
                -60.69336681460719,
                12.138673362921438
            ],
            "AP_width": [
                0.8333333333327573,
                0.16666666666655147
            ],
            "time_to_first_spike": [
                34.40000000009843,
                6.880000000019686
            ],
            "AHP_depth_abs": [
                -60.57730936191078,
                12.115461872382156
            ]
        }
    }
}