{
    "Step3": {
        "soma": {
            "AP_height": [
                16.929908441771307,
                3.3859816883542617
            ],
            "AHP_slow_time": [
                0.20463329486326817,
                0.040926658972653636
            ],
            "ISI_CV": [
                0.1101634821374443,
                0.02203269642748886
            ],
            "doublet_ISI": [
                14.800000000003365,
                2.960000000000673
            ],
            "adaptation_index2": [
                0.0072320215994562,
                0.0014464043198912401
            ],
            "mean_frequency": [
                19.54397394138136,
                3.908794788276272
            ],
            "AHP_depth_abs_slow": [
                -55.67389421162192,
                11.134778842324385
            ],
            "AP_width": [
                0.8384615384609478,
                0.16769230769218957
            ],
            "time_to_first_spike": [
                10.700000000093041,
                2.1400000000186084
            ],
            "AHP_depth_abs": [
                -56.395728419346014,
                11.279145683869203
            ]
        }
    },
    "Step2": {
        "soma": {
            "AP_height": [
                24.917472855654275,
                4.983494571130855
            ],
            "AHP_slow_time": [
                0.1680145387463147,
                0.03360290774926294
            ],
            "ISI_CV": [
                0.08348607206859208,
                0.01669721441371842
            ],
            "doublet_ISI": [
                30.800000000007003,
                6.160000000001401
            ],
            "adaptation_index2": [
                0.00916595210664394,
                0.001833190421328788
            ],
            "mean_frequency": [
                10.18122581959556,
                2.036245163919112
            ],
            "AHP_depth_abs_slow": [
                -59.500786699080614,
                11.900157339816124
            ],
            "AP_width": [
                0.8549999999994157,
                0.17099999999988313
            ],
            "time_to_first_spike": [
                23.40000000009593,
                4.680000000019186
            ],
            "AHP_depth_abs": [
                -59.42288376556066,
                11.884576753112134
            ]
        }
    },
    "Step1": {
        "soma": {
            "AP_height": [
                27.022858749534212,
                5.404571749906843
            ],
            "AHP_slow_time": [
                0.1643779609348745,
                0.0328755921869749
            ],
            "ISI_CV": [
                0.0498354891583749,
                0.00996709783167498
            ],
            "doublet_ISI": [
                46.30000000001053,
                9.260000000002107
            ],
            "adaptation_index2": [
                0.004096192601179751,
                0.0008192385202359503
            ],
            "mean_frequency": [
                7.988922028126319,
                1.597784405625264
            ],
            "AHP_depth_abs_slow": [
                -60.69252549704943,
                12.138505099409887
            ],
            "AP_width": [
                0.8533333333327467,
                0.17066666666654937
            ],
            "time_to_first_spike": [
                34.40000000009843,
                6.880000000019686
            ],
            "AHP_depth_abs": [
                -60.576266373088274,
                12.115253274617656
            ]
        },
        "MEA": {
            "peak_to_valley_0": [
                0.00141,
                0.000282
            ],
            "peak_to_valley_1": [
                0.00141,
                0.000282
            ],
            "peak_to_valley_2": [
                0.0013650000000000001,
                0.000273
            ],
            "peak_to_valley_3": [
                0.001275,
                0.000255
            ],
            "peak_to_valley_4": [
                0.00158,
                0.00031600000000000004
            ],
            "peak_to_valley_5": [
                0.0017000000000000001,
                0.00034
            ],
            "peak_to_valley_6": [
                0.001415,
                0.000283
            ],
            "peak_to_valley_7": [
                -0.00035000000000000005,
                7.000000000000001e-05
            ],
            "peak_to_valley_8": [
                -0.00108,
                0.00021600000000000002
            ],
            "peak_to_valley_9": [
                -0.0014550000000000001,
                0.000291
            ],
            "peak_to_valley_10": [
                -0.002105,
                0.00042100000000000004
            ],
            "peak_to_valley_11": [
                -0.004350000000000001,
                0.0008700000000000001
            ],
            "peak_to_valley_12": [
                -0.006010000000000001,
                0.0012020000000000002
            ],
            "peak_to_valley_13": [
                -0.0071200000000000005,
                0.0014240000000000001
            ],
            "peak_to_valley_14": [
                -0.009955,
                0.001991
            ],
            "peak_to_valley_15": [
                -0.00996,
                0.0019920000000000003
            ],
            "peak_to_valley_16": [
                -0.00996,
                0.0019920000000000003
            ],
            "peak_to_valley_17": [
                -0.005795000000000001,
                0.001159
            ],
            "peak_to_valley_18": [
                -0.005045,
                0.0010090000000000001
            ],
            "peak_to_valley_19": [
                -0.004545,
                0.0009090000000000001
            ],
            "peak_trough_ratio_0": [
                -0.4811610878527979,
                0.09623221757055958
            ],
            "peak_trough_ratio_1": [
                -0.5150148996354506,
                0.10300297992709012
            ],
            "peak_trough_ratio_2": [
                -0.562567647247966,
                0.11251352944959321
            ],
            "peak_trough_ratio_3": [
                -0.6363515869512507,
                0.12727031739025016
            ],
            "peak_trough_ratio_4": [
                -0.6879755583212445,
                0.1375951116642489
            ],
            "peak_trough_ratio_5": [
                -0.6396003400782836,
                0.12792006801565672
            ],
            "peak_trough_ratio_6": [
                -0.4181752617484922,
                0.08363505234969844
            ],
            "peak_trough_ratio_7": [
                -0.3858890863731915,
                0.07717781727463831
            ],
            "peak_trough_ratio_8": [
                -0.9439860369147047,
                0.18879720738294095
            ],
            "peak_trough_ratio_9": [
                -1.0823367537541317,
                0.21646735075082635
            ],
            "peak_trough_ratio_10": [
                -1.3281629099431453,
                0.2656325819886291
            ],
            "peak_trough_ratio_11": [
                -1.5532405094685935,
                0.3106481018937187
            ],
            "peak_trough_ratio_12": [
                -1.6534937690103293,
                0.33069875380206587
            ],
            "peak_trough_ratio_13": [
                -1.8222261360217755,
                0.3644452272043551
            ],
            "peak_trough_ratio_14": [
                -2.110190986717284,
                0.4220381973434568
            ],
            "peak_trough_ratio_15": [
                -2.5197427004271726,
                0.5039485400854345
            ],