{
    "Step3": {
        "soma": {
            "AP_height": [
                16.9592020647389,
                3.39184041294778
            ],
            "AHP_slow_time": [
                0.20542193746149703,
                0.04108438749229941
            ],
            "ISI_CV": [
                0.11048432883675731,
                0.022096865767351464
            ],
            "doublet_ISI": [
                14.900000000003388,
                2.9800000000006777
            ],
            "adaptation_index2": [
                0.007304389943675683,
                0.0014608779887351367
            ],
            "mean_frequency": [
                19.54397394138136,
                3.908794788276272
            ],
            "AHP_depth_abs_slow": [
                -55.67466998525515,
                11.13493399705103
            ],
            "AP_width": [
                0.8333333333327533,
                0.16666666666655067
            ],
            "time_to_first_spike": [
                10.700000000093041,
                2.1400000000186084
            ],
            "AHP_depth_abs": [
                -56.39582957823557,
                11.279165915647114
            ]
        }
    },
    "Step2": {
        "soma": {
            "AP_height": [
                24.831208949395744,
                4.966241789879149
            ],
            "AHP_slow_time": [
                0.1689782096308694,
                0.03379564192617388
            ],
            "ISI_CV": [
                0.08341952053718583,
                0.016683904107437166
            ],
            "doublet_ISI": [
                30.800000000007003,
                6.160000000001401
            ],
            "adaptation_index2": [
                0.009199021356988992,
                0.0018398042713977986
            ],
            "mean_frequency": [
                10.181744132776826,
                2.0363488265553653
            ],
            "AHP_depth_abs_slow": [
                -59.50192321397786,
                11.900384642795572
            ],
            "AP_width": [
                0.8649999999994179,
                0.17299999999988358
            ],
            "time_to_first_spike": [
                23.40000000009593,
                4.680000000019186
            ],
            "AHP_depth_abs": [
                -59.42389167345645,
                11.88477833469129
            ]
        }
    },
    "Step1": {
        "soma": {
            "AP_height": [
                26.71954579070313,
                5.343909158140626
            ],
            "AHP_slow_time": [
                0.16515780337323557,
                0.03303156067464712
            ],
            "ISI_CV": [
                0.049183766159348226,
                0.009836753231869645
            ],
            "doublet_ISI": [
                46.30000000001053,
                9.260000000002107
            ],
            "adaptation_index2": [
                0.004031091417024187,
                0.0008062182834048375
            ],
            "mean_frequency": [
                7.992753237070376,
                1.5985506474140754
            ],
            "AHP_depth_abs_slow": [
                -60.69336681460719,
                12.138673362921438
            ],
            "AP_width": [
                0.8333333333327573,
                0.16666666666655147
            ],
            "time_to_first_spike": [
                34.40000000009843,
                6.880000000019686
            ],
            "AHP_depth_abs": [
                -60.57730936191078,
                12.115461872382156
            ]
        },
        "MEA": {
            "peak_to_valley_0": [
                0.001415,
                0.000283
            ],
            "peak_to_valley_1": [
                0.00142,
                0.000284
            ],
            "peak_to_valley_2": [
                0.0013700000000000001,
                0.00027400000000000005
            ],
            "peak_to_valley_3": [
                0.001275,
                0.000255
            ],
            "peak_to_valley_4": [
                0.001585,
                0.000317
            ],
            "peak_to_valley_5": [
                0.0017000000000000001,
                0.00034
            ],
            "peak_to_valley_6": [
                0.001425,
                0.00028500000000000004
            ],
            "peak_to_valley_7": [
                -0.00035000000000000005,
                7.000000000000001e-05
            ],
            "peak_to_valley_8": [
                -0.00108,
                0.00021600000000000002
            ],
            "peak_to_valley_9": [
                -0.0014550000000000001,
                0.000291
            ],
            "peak_to_valley_10": [
                -0.002105,
                0.00042100000000000004
            ],
            "peak_to_valley_11": [
                -0.0043,
                0.0008600000000000001
            ],
            "peak_to_valley_12": [
                -0.00525,
                0.0010500000000000002
            ],
            "peak_to_valley_13": [
                -0.007125,
                0.001425
            ],
            "peak_to_valley_14": [
                -0.00996,
                0.0019920000000000003
            ],
            "peak_to_valley_15": [
                -0.009965000000000002,
                0.0019930000000000004
            ],
            "peak_to_valley_16": [
                -0.009970000000000001,
                0.0019940000000000005
            ],
            "peak_to_valley_17": [
                -0.005795000000000001,
                0.001159
            ],
            "peak_to_valley_18": [
                -0.005045,
                0.0010090000000000001
            ],
            "peak_to_valley_19": [
                -0.004495000000000001,
                0.0008990000000000002
            ],
            "peak_trough_ratio_0": [
                -0.4814453612054187,
                0.09628907224108374
            ],
            "peak_trough_ratio_1": [
                -0.5151201873500374,
                0.10302403747000749
            ],
            "peak_trough_ratio_2": [
                -0.56199885200459,
                0.112399770400918
            ],
            "peak_trough_ratio_3": [
                -0.6349420819706895,
                0.1269884163941379
            ],
            "peak_trough_ratio_4": [
                -0.6883963547351297,
                0.13767927094702595
            ],
            "peak_trough_ratio_5": [
                -0.6399029464574014,
                0.1279805892914803
            ],
            "peak_trough_ratio_6": [
                -0.42115327099732586,
                0.08423065419946518
            ],
            "peak_trough_ratio_7": [
                -0.3931538531235728,
                0.07863077062471457
            ],
            "peak_trough_ratio_8": [
                -0.9357446209992604,
                0.18714892419985207
            ],
            "peak_trough_ratio_9": [
                -1.079370643540916,
                0.21587412870818323
            ],
            "peak_trough_ratio_10": [
                -1.3267800943502814,
                0.2653560188700563
            ],
            "peak_trough_ratio_11": [
                -1.551915812824437,
                0.3103831625648874
            ],
            "peak_trough_ratio_12": [
                -1.6505278568237782,
                0.33010557136475566
            ],
            "peak_trough_ratio_13": [
                -1.8067225185506655,
                0.3613445037101331
            ],
            "peak_trough_ratio_14": [
                -2.094323365996889,
                0.4188646731993778
            ],
            "peak_trough_ratio_15": [
                -2.501767121831668,
                0.5003534243663336
            ],