{
    "Step3": {
        "soma": {
            "AP_height": [
                16.929908441771307,
                3.3859816883542617
            ],
            "AHP_slow_time": [
                0.20463329486326817,
                0.040926658972653636
            ],
            "ISI_CV": [
                0.1101634821374443,
                0.02203269642748886
            ],
            "doublet_ISI": [
                14.800000000003365,
                2.960000000000673
            ],
            "adaptation_index2": [
                0.0072320215994562,
                0.0014464043198912401
            ],
            "mean_frequency": [
                19.54397394138136,
                3.908794788276272
            ],
            "AHP_depth_abs_slow": [
                -55.67389421162192,
                11.134778842324385
            ],
            "AP_width": [
                0.8384615384609478,
                0.16769230769218957
            ],
            "time_to_first_spike": [
                10.700000000093041,
                2.1400000000186084
            ],
            "AHP_depth_abs": [
                -56.395728419346014,
                11.279145683869203
            ]
        }
    },
    "Step2": {
        "soma": {
            "AP_height": [
                24.917472855654275,
                4.983494571130855
            ],
            "AHP_slow_time": [
                0.1680145387463147,
                0.03360290774926294
            ],
            "ISI_CV": [
                0.08348607206859208,
                0.01669721441371842
            ],
            "doublet_ISI": [
                30.800000000007003,
                6.160000000001401
            ],
            "adaptation_index2": [
                0.00916595210664394,
                0.001833190421328788
            ],
            "mean_frequency": [
                10.18122581959556,
                2.036245163919112
            ],
            "AHP_depth_abs_slow": [
                -59.500786699080614,
                11.900157339816124
            ],
            "AP_width": [
                0.8549999999994157,
                0.17099999999988313
            ],
            "time_to_first_spike": [
                23.40000000009593,
                4.680000000019186
            ],
            "AHP_depth_abs": [
                -59.42288376556066,
                11.884576753112134
            ]
        }
    },
    "Step1": {
        "soma": {
            "AP_height": [
                27.022858749534212,
                5.404571749906843
            ],
            "AHP_slow_time": [
                0.1643779609348745,
                0.0328755921869749
            ],
            "ISI_CV": [
                0.0498354891583749,
                0.00996709783167498
            ],
            "doublet_ISI": [
                46.30000000001053,
                9.260000000002107
            ],
            "adaptation_index2": [
                0.004096192601179751,
                0.0008192385202359503
            ],
            "mean_frequency": [
                7.988922028126319,
                1.597784405625264
            ],
            "AHP_depth_abs_slow": [
                -60.69252549704943,
                12.138505099409887
            ],
            "AP_width": [
                0.8533333333327467,
                0.17066666666654937
            ],
            "time_to_first_spike": [
                34.40000000009843,
                6.880000000019686
            ],
            "AHP_depth_abs": [
                -60.576266373088274,
                12.115253274617656
            ]
        }
    }
}