{
  "firepattern_200": {
    "stimuli": [
      {
        "delay": 0.0,
        "amp": 0.0,
        "duration": 4094.350000014895,
        "totduration": 4094.350000014895
      },
      {
        "delay": 250.0000000009095,
        "amp": 0.68,
        "thresh_perc": 204.08163265306115,
        "duration": 3600.0000000130967,
        "totduration": 4094.350000014895
      }
    ]
  },
  "IV_-100": {
    "stimuli": [
      {
        "delay": 0.0,
        "amp": 0.0,
        "duration": 3499.0500000127295,
        "totduration": 3499.0500000127295
      },
      {
        "delay": 250.0000000009095,
        "amp": -0.34,
        "thresh_perc": -102.04081632653057,
        "duration": 3000.000000010914,
        "totduration": 3499.0500000127295
      }
    ]
  },
  "APWaveform_260": {
    "stimuli": [
      {
        "delay": 0.0,
        "amp": 0.0,
        "duration": 548.9750000000078,
        "totduration": 548.9750000000078
      },
      {
        "delay": 250.00000000000355,
        "amp": 0.8500000000000001,
        "thresh_perc": 255.10204081632648,
        "duration": 50.00000000000071,
        "totduration": 548.9750000000078
      }
    ]
  }
}