{
    "bAP": {
        "soma": {
            "AP_width": [
                1.0000000000002274,
                0.20000000000004547
            ],
            "AP_height": [
                37.61114606519758,
                7.522229213039516
            ],
            "Spikecount": [
                1.0,
                0.2
            ]
        },
        "dend1": {
            "AP_amplitude_from_voltagebase": [
                67.76884693194312,
                13.553769386388623
            ]
        },
        "dend2": {
            "AP_amplitude_from_voltagebase": [
                51.31836145255554,
                10.26367229051111
            ]
        }
    },
    "Step3": {
        "soma": {
            "AP_height": [
                14.32450420794026,
                2.864900841588052
            ],
            "AHP_slow_time": [
                0.22417466955261653,
                0.04483493391052331
            ],
            "ISI_CV": [
                0.09146281068448146,
                0.018292562136896295
            ],
            "doublet_ISI": [
                19.900000000004525,
                3.980000000000905
            ],
            "adaptation_index2": [
                0.006394253505523621,
                0.0012788507011047244
            ],
            "mean_frequency": [
                15.610050858563389,
                3.122010171712678
            ],
            "AHP_depth_abs_slow": [
                -53.998629409728984,
                10.799725881945797
            ],
            "AP_width": [
                0.8580645161284463,
                0.17161290322568926
            ],
            "time_to_first_spike": [
                10.500000000092996,
                2.1000000000185994
            ],
            "AHP_depth_abs": [
                -55.01350352914253,
                11.002700705828508
            ]
        }
    },
    "Step2": {
        "soma": {
            "AP_height": [
                26.46710001251572,
                5.293420002503144
            ],
            "AHP_slow_time": [
                0.1449023037408669,
                0.028980460748173384
            ],
            "ISI_CV": [
                0.03277991025444121,
                0.006555982050888242
            ],
            "doublet_ISI": [
                49.40000000001123,
                9.880000000002248
            ],
            "adaptation_index2": [
                -0.0033007316192034037,
                0.0006601463238406807
            ],
            "mean_frequency": [
                7.319878699157886,
                1.4639757398315774
            ],
            "AHP_depth_abs_slow": [
                -60.24740542675457,
                12.049481085350914
            ],
            "AP_width": [
                0.8857142857136994,
                0.1771428571427399
            ],
            "time_to_first_spike": [
                22.600000000095747,
                4.52000000001915
            ],
            "AHP_depth_abs": [
                -60.10473724716231,
                12.020947449432462
            ]
        }
    },
    "Step1": {
        "soma": {
            "AP_height": [
                28.72296769334033,
                5.744593538668067
            ],
            "AHP_slow_time": [
                0.14738184093284235,
                0.029476368186568472
            ],
            "ISI_CV": [
                0.03297132825013203,
                0.006594265650026406
            ],
            "doublet_ISI": [
                79.90000000001817,
                15.980000000003635
            ],
            "adaptation_index2": [
                -0.005809770496137524,
                0.0011619540992275049
            ],
            "mean_frequency": [
                5.976636783486695,
                1.195327356697339
            ],
            "AHP_depth_abs_slow": [
                -62.02284625232091,
                12.404569250464183
            ],
            "AP_width": [
                0.8818181818176485,
                0.1763636363635297
            ],
            "time_to_first_spike": [
                32.400000000097975,
                6.480000000019595
            ],
            "AHP_depth_abs": [
                -61.85309777573696,
                12.370619555147393
            ]
        }
    }
}