{
    "bAP": {
        "soma": {
            "AP_width": [
                1.0000000000002274,
                0.20000000000004547
            ],
            "AP_height": [
                37.611098875457955,
                7.522219775091592
            ],
            "Spikecount": [
                1.0,
                0.2
            ]
        },
        "dend1": {
            "AP_amplitude_from_voltagebase": [
                67.76884897608299,
                13.5537697952166
            ]
        },
        "dend2": {
            "AP_amplitude_from_voltagebase": [
                51.318364107053874,
                10.263672821410776
            ]
        }
    },
    "Step3": {
        "soma": {
            "AP_height": [
                14.215193032417831,
                2.8430386064835664
            ],
            "AHP_slow_time": [
                0.22511054689845209,
                0.04502210937969042
            ],
            "ISI_CV": [
                0.09143446682289263,
                0.01828689336457853
            ],
            "doublet_ISI": [
                19.900000000004525,
                3.980000000000905
            ],
            "adaptation_index2": [
                0.006393632420000928,
                0.0012787264840001856
            ],
            "mean_frequency": [
                15.610050858563389,
                3.122010171712678
            ],
            "AHP_depth_abs_slow": [
                -53.99512826961672,
                10.799025653923344
            ],
            "AP_width": [
                0.8516129032252227,
                0.17032258064504455
            ],
            "time_to_first_spike": [
                10.500000000092996,
                2.1000000000185994
            ],
            "AHP_depth_abs": [
                -55.01075456054084,
                11.002150912108169
            ]
        }
    },
    "Step2": {
        "soma": {
            "AP_height": [
                26.0075363358915,
                5.2015072671783
            ],
            "AHP_slow_time": [
                0.1457651048922912,
                0.02915302097845824
            ],
            "ISI_CV": [
                0.03300873618448422,
                0.006601747236896845
            ],
            "doublet_ISI": [
                49.500000000011255,
                9.900000000002251
            ],
            "adaptation_index2": [
                -0.003366284708027957,
                0.0006732569416055915
            ],
            "mean_frequency": [
                7.321027035511883,
                1.4642054071023767
            ],
            "AHP_depth_abs_slow": [
                -60.2478387402659,
                12.04956774805318
            ],
            "AP_width": [
                0.87142857142799,
                0.17428571428559803
            ],
            "time_to_first_spike": [
                22.600000000095747,
                4.52000000001915
            ],
            "AHP_depth_abs": [
                -60.105702591962775,
                12.021140518392556
            ]
        }
    },
    "Step1": {
        "soma": {
            "AP_height": [
                28.347567524922272,
                5.6695135049844545
            ],
            "AHP_slow_time": [
                0.1466929343897801,
                0.02933858687795602
            ],
            "ISI_CV": [
                0.032879528088831614,
                0.006575905617766323
            ],
            "doublet_ISI": [
                79.80000000001814,
                15.96000000000363
            ],
            "adaptation_index2": [
                -0.005767243363933666,
                0.0011534486727867333
            ],
            "mean_frequency": [
                5.9756627553277175,
                1.1951325510655435
            ],
            "AHP_depth_abs_slow": [
                -62.02288531308622,
                12.404577062617244
            ],
            "AP_width": [
                0.8818181818176588,
                0.17636363636353178
            ],
            "time_to_first_spike": [
                32.400000000097975,
                6.480000000019595
            ],
            "AHP_depth_abs": [
                -61.852705394600065,
                12.370541078920013
            ]
        }
    }
}