{
    "Step3": {
        "soma": {
            "AP_height": [
                14.215193032417831,
                2.8430386064835664
            ],
            "AHP_slow_time": [
                0.22511054689845209,
                0.04502210937969042
            ],
            "ISI_CV": [
                0.09143446682289263,
                0.01828689336457853
            ],
            "doublet_ISI": [
                19.900000000004525,
                3.980000000000905
            ],
            "adaptation_index2": [
                0.006393632420000928,
                0.0012787264840001856
            ],
            "mean_frequency": [
                15.610050858563389,
                3.122010171712678
            ],
            "AHP_depth_abs_slow": [
                -53.99512826961672,
                10.799025653923344
            ],
            "AP_width": [
                0.8516129032252227,
                0.17032258064504455
            ],
            "time_to_first_spike": [
                10.500000000092996,
                2.1000000000185994
            ],
            "AHP_depth_abs": [
                -55.01075456054084,
                11.002150912108169
            ]
        }
    },
    "Step2": {
        "soma": {
            "AP_height": [
                26.0075363358915,
                5.2015072671783
            ],
            "AHP_slow_time": [
                0.1457651048922912,
                0.02915302097845824
            ],
            "ISI_CV": [
                0.03300873618448422,
                0.006601747236896845
            ],
            "doublet_ISI": [
                49.500000000011255,
                9.900000000002251
            ],
            "adaptation_index2": [
                -0.003366284708027957,
                0.0006732569416055915
            ],
            "mean_frequency": [
                7.321027035511883,
                1.4642054071023767
            ],
            "AHP_depth_abs_slow": [
                -60.2478387402659,
                12.04956774805318
            ],
            "AP_width": [
                0.87142857142799,
                0.17428571428559803
            ],
            "time_to_first_spike": [
                22.600000000095747,
                4.52000000001915
            ],
            "AHP_depth_abs": [
                -60.105702591962775,
                12.021140518392556
            ]
        }
    },
    "Step1": {
        "soma": {
            "AP_height": [
                28.347567524922272,
                5.6695135049844545
            ],
            "AHP_slow_time": [
                0.1466929343897801,
                0.02933858687795602
            ],
            "ISI_CV": [
                0.032879528088831614,
                0.006575905617766323
            ],
            "doublet_ISI": [
                79.80000000001814,
                15.96000000000363
            ],
            "adaptation_index2": [
                -0.005767243363933666,
                0.0011534486727867333
            ],
            "mean_frequency": [
                5.9756627553277175,
                1.1951325510655435
            ],
            "AHP_depth_abs_slow": [
                -62.02288531308622,
                12.404577062617244
            ],
            "AP_width": [
                0.8818181818176588,
                0.17636363636353178
            ],
            "time_to_first_spike": [
                32.400000000097975,
                6.480000000019595
            ],
            "AHP_depth_abs": [
                -61.852705394600065,
                12.370541078920013
            ]
        },
        "MEA": {
            "peak_to_valley_0": [
                0.0014850000000000002,
                0.00029700000000000006
            ],
            "peak_to_valley_1": [
                0.001435,
                0.00028700000000000004
            ],
            "peak_to_valley_2": [
                0.00144,
                0.000288
            ],
            "peak_to_valley_3": [
                0.00135,
                0.00027
            ],
            "peak_to_valley_4": [
                0.0016500000000000002,
                0.00033000000000000005
            ],
            "peak_to_valley_5": [
                0.001775,
                0.00035500000000000006
            ],
            "peak_to_valley_6": [
                0.00144,
                0.000288
            ],
            "peak_to_valley_7": [
                -0.000355,
                7.1e-05
            ],
            "peak_to_valley_8": [
                -0.00107,
                0.000214
            ],
            "peak_to_valley_9": [
                -0.0014800000000000002,
                0.00029600000000000004
            ],
            "peak_to_valley_10": [
                -0.00214,
                0.000428
            ],
            "peak_to_valley_11": [
                -0.00415,
                0.00083
            ],
            "peak_to_valley_12": [
                -0.005200000000000001,
                0.0010400000000000001
            ],
            "peak_to_valley_13": [
                -0.007045000000000001,
                0.0014090000000000003
            ],
            "peak_to_valley_14": [
                -0.009930000000000001,
                0.0019860000000000004
            ],
            "peak_to_valley_15": [
                -0.009930000000000001,
                0.0019860000000000004
            ],
            "peak_to_valley_16": [
                -0.00653,
                0.001306
            ],
            "peak_to_valley_17": [
                -0.005745,
                0.001149
            ],
            "peak_to_valley_18": [
                -0.004995,
                0.000999
            ],
            "peak_to_valley_19": [
                -0.004495000000000001,
                0.0008990000000000002
            ],
            "peak_trough_ratio_0": [
                -0.46231023967913326,
                0.09246204793582666
            ],
            "peak_trough_ratio_1": [
                -0.4960779611701127,
                0.09921559223402254
            ],
            "peak_trough_ratio_2": [
                -0.5424598039742973,
                0.10849196079485945
            ],
            "peak_trough_ratio_3": [
                -0.6136918161778494,
                0.12273836323556989
            ],
            "peak_trough_ratio_4": [
                -0.670249032594587,
                0.1340498065189174
            ],
            "peak_trough_ratio_5": [
                -0.6267725002112344,
                0.12535450004224688
            ],
            "peak_trough_ratio_6": [
                -0.40391610357903696,
                0.0807832207158074
            ],
            "peak_trough_ratio_7": [
                -0.37151252024137416,
                0.07430250404827483
            ],
            "peak_trough_ratio_8": [
                -0.9649593780452195,
                0.1929918756090439
            ],
            "peak_trough_ratio_9": [
                -1.0687255888443568,
                0.21374511776887137
            ],
            "peak_trough_ratio_10": [
                -1.2497094794062564,
                0.2499418958812513
            ],
            "peak_trough_ratio_11": [
                -1.4163032685606278,
                0.28326065371212555
            ],
            "peak_trough_ratio_12": [
                -1.5651098880921186,
                0.31302197761842376
            ],
            "peak_trough_ratio_13": [
                -1.7033749653164458,
                0.3406749930632892
            ],
            "peak_trough_ratio_14": [
                -1.972146892152443,
                0.39442937843048864
            ],
            "peak_trough_ratio_15": [
                -2.3731743384935173,
                0.4746348676987035
            ],