{
    "Step3": {
        "soma": {
            "AP_height": [
                14.32450420794026,
                2.864900841588052
            ],
            "AHP_slow_time": [
                0.22417466955261653,
                0.04483493391052331
            ],
            "ISI_CV": [
                0.09146281068448146,
                0.018292562136896295
            ],
            "doublet_ISI": [
                19.900000000004525,
                3.980000000000905
            ],
            "adaptation_index2": [
                0.006394253505523621,
                0.0012788507011047244
            ],
            "mean_frequency": [
                15.610050858563389,
                3.122010171712678
            ],
            "AHP_depth_abs_slow": [
                -53.998629409728984,
                10.799725881945797
            ],
            "AP_width": [
                0.8580645161284463,
                0.17161290322568926
            ],
            "time_to_first_spike": [
                10.500000000092996,
                2.1000000000185994
            ],
            "AHP_depth_abs": [
                -55.01350352914253,
                11.002700705828508
            ]
        }
    },
    "Step2": {
        "soma": {
            "AP_height": [
                26.46710001251572,
                5.293420002503144
            ],
            "AHP_slow_time": [
                0.1449023037408669,
                0.028980460748173384
            ],
            "ISI_CV": [
                0.03277991025444121,
                0.006555982050888242
            ],
            "doublet_ISI": [
                49.40000000001123,
                9.880000000002248
            ],
            "adaptation_index2": [
                -0.0033007316192034037,
                0.0006601463238406807
            ],
            "mean_frequency": [
                7.319878699157886,
                1.4639757398315774
            ],
            "AHP_depth_abs_slow": [
                -60.24740542675457,
                12.049481085350914
            ],
            "AP_width": [
                0.8857142857136994,
                0.1771428571427399
            ],
            "time_to_first_spike": [
                22.600000000095747,
                4.52000000001915
            ],
            "AHP_depth_abs": [
                -60.10473724716231,
                12.020947449432462
            ]
        }
    },
    "Step1": {
        "soma": {
            "AP_height": [
                28.72296769334033,
                5.744593538668067
            ],
            "AHP_slow_time": [
                0.14738184093284235,
                0.029476368186568472
            ],
            "ISI_CV": [
                0.03297132825013203,
                0.006594265650026406
            ],
            "doublet_ISI": [
                79.90000000001817,
                15.980000000003635
            ],
            "adaptation_index2": [
                -0.005809770496137524,
                0.0011619540992275049
            ],
            "mean_frequency": [
                5.976636783486695,
                1.195327356697339
            ],
            "AHP_depth_abs_slow": [
                -62.02284625232091,
                12.404569250464183
            ],
            "AP_width": [
                0.8818181818176485,
                0.1763636363635297
            ],
            "time_to_first_spike": [
                32.400000000097975,
                6.480000000019595
            ],
            "AHP_depth_abs": [
                -61.85309777573696,
                12.370619555147393
            ]
        },
        "MEA": {
            "peak_to_valley_0": [
                0.0014900000000000002,
                0.0002980000000000001
            ],
            "peak_to_valley_1": [
                0.00144,
                0.000288
            ],
            "peak_to_valley_2": [
                0.0013950000000000002,
                0.00027900000000000006
            ],
            "peak_to_valley_3": [
                0.00135,
                0.00027
            ],
            "peak_to_valley_4": [
                0.0016,
                0.00032
            ],
            "peak_to_valley_5": [
                0.001765,
                0.000353
            ],
            "peak_to_valley_6": [
                0.0014500000000000001,
                0.00029000000000000006
            ],
            "peak_to_valley_7": [
                -0.000675,
                0.000135
            ],
            "peak_to_valley_8": [
                -0.0010550000000000002,
                0.00021100000000000003
            ],
            "peak_to_valley_9": [
                -0.001495,
                0.000299
            ],
            "peak_to_valley_10": [
                -0.00215,
                0.00043000000000000004
            ],
            "peak_to_valley_11": [
                -0.004200000000000001,
                0.0008400000000000001
            ],
            "peak_to_valley_12": [
                -0.00515,
                0.00103
            ],
            "peak_to_valley_13": [
                -0.007005000000000001,
                0.0014010000000000003
            ],
            "peak_to_valley_14": [
                -0.009940000000000001,
                0.001988
            ],
            "peak_to_valley_15": [
                -0.009940000000000001,
                0.001988
            ],
            "peak_to_valley_16": [
                -0.00653,
                0.001306
            ],
            "peak_to_valley_17": [
                -0.005745,
                0.001149
            ],
            "peak_to_valley_18": [
                -0.005045,
                0.0010090000000000001
            ],
            "peak_to_valley_19": [
                -0.004495000000000001,
                0.0008990000000000002
            ],
            "peak_trough_ratio_0": [
                -0.4605495399369923,
                0.09210990798739847
            ],
            "peak_trough_ratio_1": [
                -0.494755491057967,
                0.09895109821159341
            ],
            "peak_trough_ratio_2": [
                -0.5421506367618959,
                0.10843012735237918
            ],
            "peak_trough_ratio_3": [
                -0.6155097028178528,
                0.12310194056357056
            ],
            "peak_trough_ratio_4": [
                -0.665634375963096,
                0.1331268751926192
            ],
            "peak_trough_ratio_5": [
                -0.6327130679625668,
                0.12654261359251337
            ],
            "peak_trough_ratio_6": [
                -0.4004271916696888,
                0.08008543833393778
            ],
            "peak_trough_ratio_7": [
                -0.3417890333200139,
                0.06835780666400279
            ],
            "peak_trough_ratio_8": [
                -0.9721278193376135,
                0.19442556386752272
            ],
            "peak_trough_ratio_9": [
                -1.0676459435083823,
                0.21352918870167648
            ],
            "peak_trough_ratio_10": [
                -1.2486093451016715,
                0.24972186902033433
            ],
            "peak_trough_ratio_11": [
                -1.4150132119852132,
                0.28300264239704265
            ],
            "peak_trough_ratio_12": [
                -1.5637134048729093,
                0.3127426809745819
            ],
            "peak_trough_ratio_13": [
                -1.717074921017146,
                0.34341498420342925
            ],
            "peak_trough_ratio_14": [
                -1.9899686756292039,
                0.3979937351258408
            ],
            "peak_trough_ratio_15": [
                -2.391567778542894,
                0.4783135557085788
            ],