{
    "Step3": {
        "soma": {
            "AP_height": [
                12.896307060653731,
                2.5792614121307462
            ],
            "AHP_slow_time": [
                0.2405291234533174,
                0.04810582469066348
            ],
            "ISI_CV": [
                0.10598678052209842,
                0.021197356104419685
            ],
            "doublet_ISI": [
                18.900000000004297,
                3.7800000000008596
            ],
            "adaptation_index2": [
                0.006734621698829305,
                0.001346924339765861
            ],
            "mean_frequency": [
                20.303537891491327,
                4.060707578298266
            ],
            "AHP_depth_abs_slow": [
                -55.096280116656864,
                11.019256023331373
            ],
            "AP_width": [
                0.8349999999994054,
                0.1669999999998811
            ],
            "time_to_first_spike": [
                10.800000000093064,
                2.160000000018613
            ],
            "AHP_depth_abs": [
                -55.15312942926497,
                11.030625885852995
            ]
        }
    },
    "Step2": {
        "soma": {
            "AP_height": [
                22.019412251801402,
                4.403882450360281
            ],
            "AHP_slow_time": [
                0.14761875731376542,
                0.029523751462753087
            ],
            "ISI_CV": [
                0.0682023367430249,
                0.01364046734860498
            ],
            "doublet_ISI": [
                35.80000000000814,
                7.160000000001628
            ],
            "adaptation_index2": [
                0.006750291476965243,
                0.0013500582953930487
            ],
            "mean_frequency": [
                10.310872815390761,
                2.0621745630781523
            ],
            "AHP_depth_abs_slow": [
                -59.964475899037666,
                11.992895179807533
            ],
            "AP_width": [
                0.8349999999994395,
                0.1669999999998879
            ],
            "time_to_first_spike": [
                23.40000000009593,
                4.680000000019186
            ],
            "AHP_depth_abs": [
                -59.949538746965096,
                11.98990774939302
            ]
        }
    },
    "Step1": {
        "soma": {
            "AP_height": [
                24.263634927165302,
                4.852726985433061
            ],
            "AHP_slow_time": [
                0.13206088085021842,
                0.026412176170043683
            ],
            "ISI_CV": [
                0.03872276726850226,
                0.007744553453700453
            ],
            "doublet_ISI": [
                51.20000000001164,
                10.240000000002329
            ],
            "adaptation_index2": [
                0.0021500018611776742,
                0.00043000037223553487
            ],
            "mean_frequency": [
                8.106601813857644,
                1.621320362771529
            ],
            "AHP_depth_abs_slow": [
                -61.525653226471846,
                12.30513064529437
            ],
            "AP_width": [
                0.8562499999994131,
                0.17124999999988263
            ],
            "time_to_first_spike": [
                33.800000000098294,
                6.760000000019659
            ],
            "AHP_depth_abs": [
                -61.47238950470755,
                12.29447790094151
            ]
        },
        "MEA": {
            "peak_to_valley_0": [
                0.0015,
                0.00030000000000000003
            ],
            "peak_to_valley_1": [
                0.0014500000000000001,
                0.00029000000000000006
            ],
            "peak_to_valley_2": [
                0.001355,
                0.00027100000000000003
            ],
            "peak_to_valley_3": [
                0.0017050000000000001,
                0.00034100000000000005
            ],
            "peak_to_valley_4": [
                0.0016150000000000001,
                0.00032300000000000004
            ],
            "peak_to_valley_5": [
                0.0017850000000000001,
                0.00035700000000000006
            ],
            "peak_to_valley_6": [
                0.0014550000000000001,
                0.000291
            ],
            "peak_to_valley_7": [
                -0.000715,
                0.000143
            ],
            "peak_to_valley_8": [
                -0.00119,
                0.00023800000000000004
            ],
            "peak_to_valley_9": [
                -0.0014500000000000001,
                0.00029000000000000006
            ],
            "peak_to_valley_10": [
                -0.001975,
                0.00039500000000000006
            ],
            "peak_to_valley_11": [
                -0.0030700000000000002,
                0.0006140000000000001
            ],
            "peak_to_valley_12": [
                -0.005195000000000001,
                0.0010390000000000002
            ],
            "peak_to_valley_13": [
                -0.006505,
                0.001301
            ],
            "peak_to_valley_14": [
                -0.009940000000000001,
                0.001988
            ],
            "peak_to_valley_15": [
                -0.009945,
                0.0019890000000000003
            ],
            "peak_to_valley_16": [
                -0.00995,
                0.00199
            ],
            "peak_to_valley_17": [
                -0.00995,
                0.00199
            ],
            "peak_to_valley_18": [
                -0.010020000000000001,
                0.002004
            ],
            "peak_to_valley_19": [
                -0.010020000000000001,
                0.002004
            ],
            "peak_trough_ratio_0": [
                -0.36456730719428343,
                0.07291346143885669
            ],
            "peak_trough_ratio_1": [
                -0.39620779994732097,
                0.0792415599894642
            ],
            "peak_trough_ratio_2": [
                -0.44136369738025105,
                0.08827273947605022
            ],
            "peak_trough_ratio_3": [
                -0.5123711105089428,
                0.10247422210178857
            ],
            "peak_trough_ratio_4": [
                -0.5435394266513827,
                0.10870788533027653
            ],
            "peak_trough_ratio_5": [
                -0.5301040056014102,
                0.10602080112028206
            ],
            "peak_trough_ratio_6": [
                -0.36949315168924024,
                0.07389863033784805
            ],
            "peak_trough_ratio_7": [
                -0.3677826144153193,
                0.07355652288306386
            ],
            "peak_trough_ratio_8": [
                -1.1608379170669574,
                0.2321675834133915
            ],
            "peak_trough_ratio_9": [
                -1.8188847840217188,
                0.3637769568043438
            ],
            "peak_trough_ratio_10": [
                -2.3219917010724394,
                0.4643983402144879
            ],
            "peak_trough_ratio_11": [
                -2.7438604907524615,
                0.5487720981504923
            ],
            "peak_trough_ratio_12": [
                -2.8565686662246823,
                0.5713137332449365
            ],
            "peak_trough_ratio_13": [
                -2.9741801709695754,
                0.5948360341939151
            ],
            "peak_trough_ratio_14": [
                -3.232621734842043,
                0.6465243469684087
            ],