{
    "Step3": {
        "soma": {
            "AP_height": [
                13.00091461406858,
                2.6001829228137163
            ],
            "AHP_slow_time": [
                0.24023101290019166,
                0.04804620258003833
            ],
            "ISI_CV": [
                0.10577924496834049,
                0.021155848993668097
            ],
            "doublet_ISI": [
                18.900000000004297,
                3.7800000000008596
            ],
            "adaptation_index2": [
                0.0067068809446864126,
                0.0013413761889372825
            ],
            "mean_frequency": [
                20.303537891491327,
                4.060707578298266
            ],
            "AHP_depth_abs_slow": [
                -55.09587185459946,
                11.019174370919892
            ],
            "AP_width": [
                0.8324999999994077,
                0.16649999999988155
            ],
            "time_to_first_spike": [
                10.800000000093064,
                2.160000000018613
            ],
            "AHP_depth_abs": [
                -55.152270961448984,
                11.030454192289797
            ]
        }
    },
    "Step2": {
        "soma": {
            "AP_height": [
                22.103334395242733,
                4.420666879048547
            ],
            "AHP_slow_time": [
                0.14734502164546895,
                0.02946900432909379
            ],
            "ISI_CV": [
                0.06792614533572182,
                0.013585229067144364
            ],
            "doublet_ISI": [
                35.80000000000814,
                7.160000000001628
            ],
            "adaptation_index2": [
                0.006687660444727783,
                0.0013375320889455566
            ],
            "mean_frequency": [
                10.31034127230305,
                2.0620682544606104
            ],
            "AHP_depth_abs_slow": [
                -59.9657636688867,
                11.993152733777341
            ],
            "AP_width": [
                0.8299999999994384,
                0.16599999999988768
            ],
            "time_to_first_spike": [
                23.40000000009593,
                4.680000000019186
            ],
            "AHP_depth_abs": [
                -59.95052789118496,
                11.990105578236992
            ]
        }
    },
    "Step1": {
        "soma": {
            "AP_height": [
                24.043384636805598,
                4.80867692736112
            ],
            "AHP_slow_time": [
                0.13337779838249106,
                0.026675559676498213
            ],
            "ISI_CV": [
                0.03893154941496648,
                0.0077863098829932965
            ],
            "doublet_ISI": [
                51.10000000001162,
                10.220000000002324
            ],
            "adaptation_index2": [
                0.0019169827044027304,
                0.0003833965408805461
            ],
            "mean_frequency": [
                8.107834194796206,
                1.6215668389592413
            ],
            "AHP_depth_abs_slow": [
                -61.52663501331608,
                12.305327002663217
            ],
            "AP_width": [
                0.8624999999994003,
                0.17249999999988008
            ],
            "time_to_first_spike": [
                33.800000000098294,
                6.760000000019659
            ],
            "AHP_depth_abs": [
                -61.47328258321115,
                12.294656516642231
            ]
        },
        "MEA": {
            "peak_to_valley_0": [
                0.0014850000000000002,
                0.00029700000000000006
            ],
            "peak_to_valley_1": [
                0.00144,
                0.000288
            ],
            "peak_to_valley_2": [
                0.0013900000000000002,
                0.00027800000000000004
            ],
            "peak_to_valley_3": [
                0.00169,
                0.00033800000000000003
            ],
            "peak_to_valley_4": [
                0.0016450000000000002,
                0.0003290000000000001
            ],
            "peak_to_valley_5": [
                0.0018200000000000002,
                0.00036400000000000007
            ],
            "peak_to_valley_6": [
                0.00144,
                0.000288
            ],
            "peak_to_valley_7": [
                -0.000715,
                0.000143
            ],
            "peak_to_valley_8": [
                -0.001175,
                0.00023500000000000002
            ],
            "peak_to_valley_9": [
                -0.0014900000000000002,
                0.0002980000000000001
            ],
            "peak_to_valley_10": [
                -0.0019600000000000004,
                0.0003920000000000001
            ],
            "peak_to_valley_11": [
                -0.003105,
                0.000621
            ],
            "peak_to_valley_12": [
                -0.00523,
                0.001046
            ],
            "peak_to_valley_13": [
                -0.00649,
                0.0012980000000000001
            ],
            "peak_to_valley_14": [
                -0.009925000000000002,
                0.0019850000000000002
            ],
            "peak_to_valley_15": [
                -0.009930000000000001,
                0.0019860000000000004
            ],
            "peak_to_valley_16": [
                -0.009930000000000001,
                0.0019860000000000004
            ],
            "peak_to_valley_17": [
                -0.009935000000000001,
                0.0019870000000000005
            ],
            "peak_to_valley_18": [
                -0.01,
                0.002
            ],
            "peak_to_valley_19": [
                -0.01,
                0.002
            ],
            "peak_trough_ratio_0": [
                -0.369313115336831,
                0.0738626230673662
            ],
            "peak_trough_ratio_1": [
                -0.4015915016410097,
                0.08031830032820195
            ],
            "peak_trough_ratio_2": [
                -0.44769454627890565,
                0.08953890925578113
            ],
            "peak_trough_ratio_3": [
                -0.5129092504547826,
                0.10258185009095654
            ],
            "peak_trough_ratio_4": [
                -0.5445376549943405,
                0.1089075309988681
            ],
            "peak_trough_ratio_5": [
                -0.532980371383301,
                0.10659607427666021
            ],
            "peak_trough_ratio_6": [
                -0.3707550972271062,
                0.07415101944542124
            ],
            "peak_trough_ratio_7": [
                -0.3653990493839432,
                0.07307980987678864
            ],
            "peak_trough_ratio_8": [
                -1.1576046421663881,
                0.23152092843327765
            ],
            "peak_trough_ratio_9": [
                -1.8159290489889799,
                0.363185809797796
            ],
            "peak_trough_ratio_10": [
                -2.322300080019645,
                0.464460016003929
            ],
            "peak_trough_ratio_11": [
                -2.744960342281881,
                0.5489920684563762
            ],
            "peak_trough_ratio_12": [
                -2.8559370315416195,
                0.5711874063083239
            ],
            "peak_trough_ratio_13": [
                -2.9714872370365932,
                0.5942974474073187
            ],
            "peak_trough_ratio_14": [
                -3.2266856666305985,
                0.6453371333261197
            ],
            "peak_trough_ratio_15": [
                -3.461263477721809,
                0.6922526955443619
            ],