{
    "Step3": {
        "soma": {
            "AP_height": [
                13.00091461406858,
                2.6001829228137163
            ],
            "AHP_slow_time": [
                0.24023101290019166,
                0.04804620258003833
            ],
            "ISI_CV": [
                0.10577924496834049,
                0.021155848993668097
            ],
            "doublet_ISI": [
                18.900000000004297,
                3.7800000000008596
            ],
            "adaptation_index2": [
                0.0067068809446864126,
                0.0013413761889372825
            ],
            "mean_frequency": [
                20.303537891491327,
                4.060707578298266
            ],
            "AHP_depth_abs_slow": [
                -55.09587185459946,
                11.019174370919892
            ],
            "AP_width": [
                0.8324999999994077,
                0.16649999999988155
            ],
            "time_to_first_spike": [
                10.800000000093064,
                2.160000000018613
            ],
            "AHP_depth_abs": [
                -55.152270961448984,
                11.030454192289797
            ]
        }
    },
    "Step2": {
        "soma": {
            "AP_height": [
                22.103334395242733,
                4.420666879048547
            ],
            "AHP_slow_time": [
                0.14734502164546895,
                0.02946900432909379
            ],
            "ISI_CV": [
                0.06792614533572182,
                0.013585229067144364
            ],
            "doublet_ISI": [
                35.80000000000814,
                7.160000000001628
            ],
            "adaptation_index2": [
                0.006687660444727783,
                0.0013375320889455566
            ],
            "mean_frequency": [
                10.31034127230305,
                2.0620682544606104
            ],
            "AHP_depth_abs_slow": [
                -59.9657636688867,
                11.993152733777341
            ],
            "AP_width": [
                0.8299999999994384,
                0.16599999999988768
            ],
            "time_to_first_spike": [
                23.40000000009593,
                4.680000000019186
            ],
            "AHP_depth_abs": [
                -59.95052789118496,
                11.990105578236992
            ]
        }
    },
    "Step1": {
        "soma": {
            "AP_height": [
                24.043384636805598,
                4.80867692736112
            ],
            "AHP_slow_time": [
                0.13337779838249106,
                0.026675559676498213
            ],
            "ISI_CV": [
                0.03893154941496648,
                0.0077863098829932965
            ],
            "doublet_ISI": [
                51.10000000001162,
                10.220000000002324
            ],
            "adaptation_index2": [
                0.0019169827044027304,
                0.0003833965408805461
            ],
            "mean_frequency": [
                8.107834194796206,
                1.6215668389592413
            ],
            "AHP_depth_abs_slow": [
                -61.52663501331608,
                12.305327002663217
            ],
            "AP_width": [
                0.8624999999994003,
                0.17249999999988008
            ],
            "time_to_first_spike": [
                33.800000000098294,
                6.760000000019659
            ],
            "AHP_depth_abs": [
                -61.47328258321115,
                12.294656516642231
            ]
        }
    }
}