{
    "Step3": {
        "soma": {
            "AP_height": [
                12.896307060653731,
                2.5792614121307462
            ],
            "AHP_slow_time": [
                0.2405291234533174,
                0.04810582469066348
            ],
            "ISI_CV": [
                0.10598678052209842,
                0.021197356104419685
            ],
            "doublet_ISI": [
                18.900000000004297,
                3.7800000000008596
            ],
            "adaptation_index2": [
                0.006734621698829305,
                0.001346924339765861
            ],
            "mean_frequency": [
                20.303537891491327,
                4.060707578298266
            ],
            "AHP_depth_abs_slow": [
                -55.096280116656864,
                11.019256023331373
            ],
            "AP_width": [
                0.8349999999994054,
                0.1669999999998811
            ],
            "time_to_first_spike": [
                10.800000000093064,
                2.160000000018613
            ],
            "AHP_depth_abs": [
                -55.15312942926497,
                11.030625885852995
            ]
        }
    },
    "Step2": {
        "soma": {
            "AP_height": [
                22.019412251801402,
                4.403882450360281
            ],
            "AHP_slow_time": [
                0.14761875731376542,
                0.029523751462753087
            ],
            "ISI_CV": [
                0.0682023367430249,
                0.01364046734860498
            ],
            "doublet_ISI": [
                35.80000000000814,
                7.160000000001628
            ],
            "adaptation_index2": [
                0.006750291476965243,
                0.0013500582953930487
            ],
            "mean_frequency": [
                10.310872815390761,
                2.0621745630781523
            ],
            "AHP_depth_abs_slow": [
                -59.964475899037666,
                11.992895179807533
            ],
            "AP_width": [
                0.8349999999994395,
                0.1669999999998879
            ],
            "time_to_first_spike": [
                23.40000000009593,
                4.680000000019186
            ],
            "AHP_depth_abs": [
                -59.949538746965096,
                11.98990774939302
            ]
        }
    },
    "Step1": {
        "soma": {
            "AP_height": [
                24.263634927165302,
                4.852726985433061
            ],
            "AHP_slow_time": [
                0.13206088085021842,
                0.026412176170043683
            ],
            "ISI_CV": [
                0.03872276726850226,
                0.007744553453700453
            ],
            "doublet_ISI": [
                51.20000000001164,
                10.240000000002329
            ],
            "adaptation_index2": [
                0.0021500018611776742,
                0.00043000037223553487
            ],
            "mean_frequency": [
                8.106601813857644,
                1.621320362771529
            ],
            "AHP_depth_abs_slow": [
                -61.525653226471846,
                12.30513064529437
            ],
            "AP_width": [
                0.8562499999994131,
                0.17124999999988263
            ],
            "time_to_first_spike": [
                33.800000000098294,
                6.760000000019659
            ],
            "AHP_depth_abs": [
                -61.47238950470755,
                12.29447790094151
            ]
        }
    }
}