{
    "bAP": {
        "soma": {
            "AP_width": [
                1.0000000000002274,
                0.20000000000004547
            ],
            "AP_height": [
                38.5069689750216,
                7.7013937950043205
            ],
            "Spikecount": [
                1.0,
                0.2
            ]
        }
    },
    "Step3": {
        "soma": {
            "AP_height": [
                15.348807800215951,
                3.0697615600431902
            ],
            "AHP_slow_time": [
                0.13552449414736628,
                0.027104898829473256
            ],
            "ISI_CV": [
                0.0854455590930955,
                0.0170891118186191
            ],
            "doublet_ISI": [
                18.400000000004184,
                3.680000000000837
            ],
            "adaptation_index2": [
                0.0034291290111704803,
                0.0006858258022340961
            ],
            "mean_frequency": [
                25.83979328167124,
                5.167958656334249
            ],
            "AHP_depth_abs_slow": [
                -56.04138539616227,
                11.208277079232454
            ],
            "AP_width": [
                0.8019607843131589,
                0.16039215686263178
            ],
            "time_to_first_spike": [
                10.600000000093019,
                2.120000000018604
            ],
            "AHP_depth_abs": [
                -56.12610043133978,
                11.225220086267957
            ]
        }
    },
    "Step2": {
        "soma": {
            "AP_height": [
                24.564830823150597,
                4.91296616463012
            ],
            "AHP_slow_time": [
                0.060235467081837434,
                0.012047093416367487
            ],
            "ISI_CV": [
                0.06439689524643452,
                0.012879379049286904
            ],
            "doublet_ISI": [
                34.80000000000791,
                6.960000000001583
            ],
            "adaptation_index2": [
                0.005407524559735432,
                0.0010815049119470865
            ],
            "mean_frequency": [
                11.162979500717926,
                2.2325959001435853
            ],
            "AHP_depth_abs_slow": [
                -60.82534427513873,
                12.165068855027748
            ],
            "AP_width": [
                0.8181818181812446,
                0.16363636363624892
            ],
            "time_to_first_spike": [
                23.600000000095974,
                4.720000000019195
            ],
            "AHP_depth_abs": [
                -60.86352865995304,
                12.17270573199061
            ]
        }
    },
    "Step1": {
        "soma": {
            "AP_height": [
                26.522821391114324,
                5.304564278222865
            ],
            "AHP_slow_time": [
                0.052431488569124766,
                0.010486297713824954
            ],
            "ISI_CV": [
                0.03949277438280406,
                0.007898554876560812
            ],
            "doublet_ISI": [
                50.200000000011414,
                10.040000000002284
            ],
            "adaptation_index2": [
                0.0012721089858183747,
                0.000254421797163675
            ],
            "mean_frequency": [
                8.618067525099619,
                1.723613505019924
            ],
            "AHP_depth_abs_slow": [
                -61.998213187714356,
                12.399642637542872
            ],
            "AP_width": [
                0.8235294117641241,
                0.16470588235282482
            ],
            "time_to_first_spike": [
                34.7000000000985,
                6.9400000000197
            ],
            "AHP_depth_abs": [
                -62.007536281585836,
                12.401507256317167
            ]
        }
    }
}