{
    "Step3": {
        "soma": {
            "AP_height": [
                15.404005674651016,
                3.080801134930203
            ],
            "AHP_slow_time": [
                0.13518122196726687,
                0.027036244393453375
            ],
            "ISI_CV": [
                0.08547886825205742,
                0.017095773650411483
            ],
            "doublet_ISI": [
                18.400000000004184,
                3.680000000000837
            ],
            "adaptation_index2": [
                0.0034566260184234307,
                0.0006913252036846862
            ],
            "mean_frequency": [
                25.83717513553601,
                5.167435027107203
            ],
            "AHP_depth_abs_slow": [
                -56.04300139993259,
                11.20860027998652
            ],
            "AP_width": [
                0.8058823529406085,
                0.1611764705881217
            ],
            "time_to_first_spike": [
                10.600000000093019,
                2.120000000018604
            ],
            "AHP_depth_abs": [
                -56.1276086847724,
                11.22552173695448
            ]
        }
    },
    "Step2": {
        "soma": {
            "AP_height": [
                24.28991057131602,
                4.857982114263205
            ],
            "AHP_slow_time": [
                0.060477062572277016,
                0.012095412514455403
            ],
            "ISI_CV": [
                0.06282159768942415,
                0.012564319537884831
            ],
            "doublet_ISI": [
                34.80000000000791,
                6.960000000001583
            ],
            "adaptation_index2": [
                0.005178910257084842,
                0.0010357820514169684
            ],
            "mean_frequency": [
                11.163545948147808,
                2.2327091896295617
            ],
            "AHP_depth_abs_slow": [
                -60.827604031525766,
                12.165520806305153
            ],
            "AP_width": [
                0.8272727272721506,
                0.16545454545443014
            ],
            "time_to_first_spike": [
                23.600000000095974,
                4.720000000019195
            ],
            "AHP_depth_abs": [
                -60.86613033643378,
                12.173226067286755
            ]
        }
    },
    "Step1": {
        "soma": {
            "AP_height": [
                26.845927369302167,
                5.369185473860433
            ],
            "AHP_slow_time": [
                0.05260656686693332,
                0.010521313373386664
            ],
            "ISI_CV": [
                0.039853148154151696,
                0.00797062963083034
            ],
            "doublet_ISI": [
                50.10000000001139,
                10.020000000002279
            ],
            "adaptation_index2": [
                0.0013306687160875611,
                0.0002661337432175122
            ],
            "mean_frequency": [
                8.618504436000764,
                1.723700887200153
            ],
            "AHP_depth_abs_slow": [
                -61.9983289731394,
                12.39966579462788
            ],
            "AP_width": [
                0.8470588235288152,
                0.16941176470576305
            ],
            "time_to_first_spike": [
                34.7000000000985,
                6.9400000000197
            ],
            "AHP_depth_abs": [
                -62.00718412019125,
                12.40143682403825
            ]
        },
        "MEA": {
            "peak_to_valley_0": [
                0.0012900000000000001,
                0.00025800000000000004
            ],
            "peak_to_valley_1": [
                0.0012850000000000001,
                0.000257
            ],
            "peak_to_valley_2": [
                0.00124,
                0.000248
            ],
            "peak_to_valley_3": [
                0.0015500000000000002,
                0.00031000000000000005
            ],
            "peak_to_valley_4": [
                0.0015,
                0.00030000000000000003
            ],
            "peak_to_valley_5": [
                0.0016200000000000001,
                0.00032400000000000007
            ],
            "peak_to_valley_6": [
                0.00134,
                0.000268
            ],
            "peak_to_valley_7": [
                -0.000665,
                0.000133
            ],
            "peak_to_valley_8": [
                -0.001175,
                0.00023500000000000002
            ],
            "peak_to_valley_9": [
                -0.0013900000000000002,
                0.00027800000000000004
            ],
            "peak_to_valley_10": [
                -0.0019100000000000002,
                0.00038200000000000007
            ],
            "peak_to_valley_11": [
                -0.00287,
                0.0005740000000000001
            ],
            "peak_to_valley_12": [
                -0.004685000000000001,
                0.0009370000000000002
            ],
            "peak_to_valley_13": [
                -0.005895,
                0.0011790000000000001
            ],
            "peak_to_valley_14": [
                -0.007050000000000001,
                0.0014100000000000002
            ],
            "peak_to_valley_15": [
                -0.009930000000000001,
                0.0019860000000000004
            ],
            "peak_to_valley_16": [
                -0.009935000000000001,
                0.0019870000000000005
            ],
            "peak_to_valley_17": [
                -0.009935000000000001,
                0.0019870000000000005
            ],
            "peak_to_valley_18": [
                -0.009940000000000001,
                0.001988
            ],
            "peak_to_valley_19": [
                -0.010005,
                0.002001
            ],
            "peak_trough_ratio_0": [
                -0.3880527641011702,
                0.07761055282023405
            ],
            "peak_trough_ratio_1": [
                -0.4224820245589654,
                0.08449640491179308
            ],
            "peak_trough_ratio_2": [
                -0.4717321138932321,
                0.09434642277864642
            ],
            "peak_trough_ratio_3": [
                -0.5459757504390376,
                0.10919515008780752
            ],
            "peak_trough_ratio_4": [
                -0.5804200243253018,
                0.11608400486506038
            ],
            "peak_trough_ratio_5": [
                -0.5562468770104113,
                0.11124937540208227
            ],
            "peak_trough_ratio_6": [
                -0.402072462065959,
                0.0804144924131918
            ],
            "peak_trough_ratio_7": [
                -0.388455918092003,
                0.0776911836184006
            ],
            "peak_trough_ratio_8": [
                -1.1837384738794452,
                0.23674769477588906
            ],
            "peak_trough_ratio_9": [
                -1.8276342437284072,
                0.3655268487456815
            ],
            "peak_trough_ratio_10": [
                -2.2663514162076948,
                0.45327028324153895
            ],
            "peak_trough_ratio_11": [
                -2.563457759579296,
                0.5126915519158592
            ],
            "peak_trough_ratio_12": [
                -2.7384046235628587,
                0.5476809247125718
            ],
            "peak_trough_ratio_13": [
                -2.8841725486666667,
                0.5768345097333334
            ],
            "peak_trough_ratio_14": [
                -3.2330239503923948,
                0.646604790078479
            ],