{
    "Step3": {
        "soma": {
            "AP_height": [
                15.348807800215951,
                3.0697615600431902
            ],
            "AHP_slow_time": [
                0.13552449414736628,
                0.027104898829473256
            ],
            "ISI_CV": [
                0.0854455590930955,
                0.0170891118186191
            ],
            "doublet_ISI": [
                18.400000000004184,
                3.680000000000837
            ],
            "adaptation_index2": [
                0.0034291290111704803,
                0.0006858258022340961
            ],
            "mean_frequency": [
                25.83979328167124,
                5.167958656334249
            ],
            "AHP_depth_abs_slow": [
                -56.04138539616227,
                11.208277079232454
            ],
            "AP_width": [
                0.8019607843131589,
                0.16039215686263178
            ],
            "time_to_first_spike": [
                10.600000000093019,
                2.120000000018604
            ],
            "AHP_depth_abs": [
                -56.12610043133978,
                11.225220086267957
            ]
        }
    },
    "Step2": {
        "soma": {
            "AP_height": [
                24.564830823150597,
                4.91296616463012
            ],
            "AHP_slow_time": [
                0.060235467081837434,
                0.012047093416367487
            ],
            "ISI_CV": [
                0.06439689524643452,
                0.012879379049286904
            ],
            "doublet_ISI": [
                34.80000000000791,
                6.960000000001583
            ],
            "adaptation_index2": [
                0.005407524559735432,
                0.0010815049119470865
            ],
            "mean_frequency": [
                11.162979500717926,
                2.2325959001435853
            ],
            "AHP_depth_abs_slow": [
                -60.82534427513873,
                12.165068855027748
            ],
            "AP_width": [
                0.8181818181812446,
                0.16363636363624892
            ],
            "time_to_first_spike": [
                23.600000000095974,
                4.720000000019195
            ],
            "AHP_depth_abs": [
                -60.86352865995304,
                12.17270573199061
            ]
        }
    },
    "Step1": {
        "soma": {
            "AP_height": [
                26.522821391114324,
                5.304564278222865
            ],
            "AHP_slow_time": [
                0.052431488569124766,
                0.010486297713824954
            ],
            "ISI_CV": [
                0.03949277438280406,
                0.007898554876560812
            ],
            "doublet_ISI": [
                50.200000000011414,
                10.040000000002284
            ],
            "adaptation_index2": [
                0.0012721089858183747,
                0.000254421797163675
            ],
            "mean_frequency": [
                8.618067525099619,
                1.723613505019924
            ],
            "AHP_depth_abs_slow": [
                -61.998213187714356,
                12.399642637542872
            ],
            "AP_width": [
                0.8235294117641241,
                0.16470588235282482
            ],
            "time_to_first_spike": [
                34.7000000000985,
                6.9400000000197
            ],
            "AHP_depth_abs": [
                -62.007536281585836,
                12.401507256317167
            ]
        },
        "MEA": {
            "peak_to_valley_0": [
                0.0013000000000000002,
                0.00026000000000000003
            ],
            "peak_to_valley_1": [
                0.0012900000000000001,
                0.00025800000000000004
            ],
            "peak_to_valley_2": [
                0.001255,
                0.00025100000000000003
            ],
            "peak_to_valley_3": [
                0.0012100000000000001,
                0.00024200000000000003
            ],
            "peak_to_valley_4": [
                0.00152,
                0.000304
            ],
            "peak_to_valley_5": [
                0.001595,
                0.00031900000000000006
            ],
            "peak_to_valley_6": [
                0.001355,
                0.00027100000000000003
            ],
            "peak_to_valley_7": [
                -0.000675,
                0.000135
            ],
            "peak_to_valley_8": [
                -0.00119,
                0.00023800000000000004
            ],
            "peak_to_valley_9": [
                -0.0014000000000000002,
                0.00028000000000000003
            ],
            "peak_to_valley_10": [
                -0.0018750000000000001,
                0.00037500000000000006
            ],
            "peak_to_valley_11": [
                -0.00288,
                0.000576
            ],
            "peak_to_valley_12": [
                -0.0046500000000000005,
                0.0009300000000000002
            ],
            "peak_to_valley_13": [
                -0.005860000000000001,
                0.0011720000000000003
            ],
            "peak_to_valley_14": [
                -0.007065000000000001,
                0.0014130000000000002
            ],
            "peak_to_valley_15": [
                -0.00995,
                0.00199
            ],
            "peak_to_valley_16": [
                -0.00995,
                0.00199
            ],
            "peak_to_valley_17": [
                -0.00995,
                0.00199
            ],
            "peak_to_valley_18": [
                -0.009955,
                0.001991
            ],
            "peak_to_valley_19": [
                -0.010020000000000001,
                0.002004
            ],
            "peak_trough_ratio_0": [
                -0.38540060781081464,
                0.07708012156216293
            ],
            "peak_trough_ratio_1": [
                -0.41874263368813497,
                0.083748526737627
            ],
            "peak_trough_ratio_2": [
                -0.4667016198874099,
                0.09334032397748199
            ],
            "peak_trough_ratio_3": [
                -0.5428465227779444,
                0.10856930455558889
            ],
            "peak_trough_ratio_4": [
                -0.5816716365126992,
                0.11633432730253984
            ],
            "peak_trough_ratio_5": [
                -0.5534323542312262,
                0.11068647084624524
            ],
            "peak_trough_ratio_6": [
                -0.40236014410105503,
                0.08047202882021101
            ],
            "peak_trough_ratio_7": [
                -0.3875681082779377,
                0.07751362165558755
            ],
            "peak_trough_ratio_8": [
                -1.1848015408537056,
                0.23696030817074112
            ],
            "peak_trough_ratio_9": [
                -1.8308460408076916,
                0.36616920816153836
            ],
            "peak_trough_ratio_10": [
                -2.26674689832585,
                0.45334937966517
            ],
            "peak_trough_ratio_11": [
                -2.5589504449399865,
                0.5117900889879973
            ],
            "peak_trough_ratio_12": [
                -2.7292190249375388,
                0.5458438049875077
            ],
            "peak_trough_ratio_13": [
                -2.871426935586512,
                0.5742853871173024
            ],
            "peak_trough_ratio_14": [
                -3.2204108398518,
                0.64408216797036
            ],
            "peak_trough_ratio_15": [
                -3.402811539863359,
                0.6805623079726719
            ],