{
    "Step3": {
        "soma": {
            "AP_height": [
                15.404005674651016,
                3.080801134930203
            ],
            "AHP_slow_time": [
                0.13518122196726687,
                0.027036244393453375
            ],
            "ISI_CV": [
                0.08547886825205742,
                0.017095773650411483
            ],
            "doublet_ISI": [
                18.400000000004184,
                3.680000000000837
            ],
            "adaptation_index2": [
                0.0034566260184234307,
                0.0006913252036846862
            ],
            "mean_frequency": [
                25.83717513553601,
                5.167435027107203
            ],
            "AHP_depth_abs_slow": [
                -56.04300139993259,
                11.20860027998652
            ],
            "AP_width": [
                0.8058823529406085,
                0.1611764705881217
            ],
            "time_to_first_spike": [
                10.600000000093019,
                2.120000000018604
            ],
            "AHP_depth_abs": [
                -56.1276086847724,
                11.22552173695448
            ]
        }
    },
    "Step2": {
        "soma": {
            "AP_height": [
                24.28991057131602,
                4.857982114263205
            ],
            "AHP_slow_time": [
                0.060477062572277016,
                0.012095412514455403
            ],
            "ISI_CV": [
                0.06282159768942415,
                0.012564319537884831
            ],
            "doublet_ISI": [
                34.80000000000791,
                6.960000000001583
            ],
            "adaptation_index2": [
                0.005178910257084842,
                0.0010357820514169684
            ],
            "mean_frequency": [
                11.163545948147808,
                2.2327091896295617
            ],
            "AHP_depth_abs_slow": [
                -60.827604031525766,
                12.165520806305153
            ],
            "AP_width": [
                0.8272727272721506,
                0.16545454545443014
            ],
            "time_to_first_spike": [
                23.600000000095974,
                4.720000000019195
            ],
            "AHP_depth_abs": [
                -60.86613033643378,
                12.173226067286755
            ]
        }
    },
    "Step1": {
        "soma": {
            "AP_height": [
                26.845927369302167,
                5.369185473860433
            ],
            "AHP_slow_time": [
                0.05260656686693332,
                0.010521313373386664
            ],
            "ISI_CV": [
                0.039853148154151696,
                0.00797062963083034
            ],
            "doublet_ISI": [
                50.10000000001139,
                10.020000000002279
            ],
            "adaptation_index2": [
                0.0013306687160875611,
                0.0002661337432175122
            ],
            "mean_frequency": [
                8.618504436000764,
                1.723700887200153
            ],
            "AHP_depth_abs_slow": [
                -61.9983289731394,
                12.39966579462788
            ],
            "AP_width": [
                0.8470588235288152,
                0.16941176470576305
            ],
            "time_to_first_spike": [
                34.7000000000985,
                6.9400000000197
            ],
            "AHP_depth_abs": [
                -62.00718412019125,
                12.40143682403825
            ]
        }
    }
}