{
    "bAP": {
        "soma": {
            "AP_width": [
                1.0000000000002274,
                0.20000000000004547
            ],
            "AP_height": [
                38.67126173201946,
                7.734252346403892
            ],
            "Spikecount": [
                1.0,
                0.2
            ]
        },
        "dend1": {
            "AP_amplitude_from_voltagebase": [
                64.09806352413405,
                12.81961270482681
            ]
        },
        "dend2": {
            "AP_amplitude_from_voltagebase": [
                42.79008628074567,
                8.558017256149133
            ]
        }
    },
    "Step3": {
        "soma": {
            "AP_height": [
                16.280058985304848,
                3.2560117970609697
            ],
            "AHP_slow_time": [
                0.19967659608898308,
                0.03993531921779662
            ],
            "ISI_CV": [
                0.08125078661656762,
                0.016250157323313526
            ],
            "doublet_ISI": [
                19.40000000000441,
                3.8800000000008823
            ],
            "adaptation_index2": [
                0.004347937326920304,
                0.0008695874653840608
            ],
            "mean_frequency": [
                18.53800290596981,
                3.7076005811939625
            ],
            "AHP_depth_abs_slow": [
                -55.97976966730904,
                11.195953933461809
            ],
            "AP_width": [
                0.8378378378372541,
                0.16756756756745084
            ],
            "time_to_first_spike": [
                10.400000000092973,
                2.0800000000185945
            ],
            "AHP_depth_abs": [
                -56.74123756938934,
                11.348247513877869
            ]
        }
    },
    "Step2": {
        "soma": {
            "AP_height": [
                25.837863857965072,
                5.167572771593015
            ],
            "AHP_slow_time": [
                0.16837991983748618,
                0.033675983967497235
            ],
            "ISI_CV": [
                0.03658791084146635,
                0.00731758216829327
            ],
            "doublet_ISI": [
                41.40000000000941,
                8.280000000001882
            ],
            "adaptation_index2": [
                -0.0001166679690678119,
                2.3333593813562383e-05
            ],
            "mean_frequency": [
                10.619469026555867,
                2.1238938053111736
            ],
            "AHP_depth_abs_slow": [
                -60.92118647877655,
                12.18423729575531
            ],
            "AP_width": [
                0.8428571428565658,
                0.16857142857131316
            ],
            "time_to_first_spike": [
                22.600000000095747,
                4.52000000001915
            ],
            "AHP_depth_abs": [
                -60.84322341154284,
                12.168644682308567
            ]
        }
    },
    "Step1": {
        "soma": {
            "AP_height": [
                27.56160833238576,
                5.512321666477153
            ],
            "AHP_slow_time": [
                0.16427679470530937,
                0.032855358941061875
            ],
            "ISI_CV": [
                0.03164164011992267,
                0.006328328023984534
            ],
            "doublet_ISI": [
                58.80000000001337,
                11.760000000002675
            ],
            "adaptation_index2": [
                -0.0023251377096985474,
                0.0004650275419397095
            ],
            "mean_frequency": [
                8.594539939338482,
                1.7189079878676965
            ],
            "AHP_depth_abs_slow": [
                -62.18344187528513,
                12.436688375057027
            ],
            "AP_width": [
                0.8705882352934997,
                0.17411764705869995
            ],
            "time_to_first_spike": [
                32.60000000009802,
                6.520000000019604
            ],
            "AHP_depth_abs": [
                -62.09072298759168,
                12.418144597518337
            ]
        }
    }
}