{
    "Step3": {
        "soma": {
            "AP_height": [
                16.32654291466161,
                3.265308582932322
            ],
            "AHP_slow_time": [
                0.1990123865974692,
                0.039802477319493844
            ],
            "ISI_CV": [
                0.08129129800120133,
                0.016258259600240268
            ],
            "doublet_ISI": [
                19.40000000000441,
                3.8800000000008823
            ],
            "adaptation_index2": [
                0.004410361091744235,
                0.000882072218348847
            ],
            "mean_frequency": [
                18.53521691214565,
                3.7070433824291302
            ],
            "AHP_depth_abs_slow": [
                -55.97907930549693,
                11.195815861099387
            ],
            "AP_width": [
                0.8270270270264561,
                0.16540540540529125
            ],
            "time_to_first_spike": [
                10.400000000092973,
                2.0800000000185945
            ],
            "AHP_depth_abs": [
                -56.740551862995844,
                11.34811037259917
            ]
        }
    },
    "Step2": {
        "soma": {
            "AP_height": [
                25.718774957051284,
                5.143754991410257
            ],
            "AHP_slow_time": [
                0.16727572070485472,
                0.03345514414097094
            ],
            "ISI_CV": [
                0.03755624572618751,
                0.007511249145237502
            ],
            "doublet_ISI": [
                41.40000000000941,
                8.280000000001882
            ],
            "adaptation_index2": [
                -8.967111349144826e-05,
                1.793422269828965e-05
            ],
            "mean_frequency": [
                10.62161752061819,
                2.1243235041236384
            ],
            "AHP_depth_abs_slow": [
                -60.9197824959236,
                12.18395649918472
            ],
            "AP_width": [
                0.852380952380372,
                0.17047619047607443
            ],
            "time_to_first_spike": [
                22.600000000095747,
                4.52000000001915
            ],
            "AHP_depth_abs": [
                -60.84261816295683,
                12.168523632591366
            ]
        }
    },
    "Step1": {
        "soma": {
            "AP_height": [
                27.337769729667492,
                5.467553945933499
            ],
            "AHP_slow_time": [
                0.16339819681037102,
                0.03267963936207421
            ],
            "ISI_CV": [
                0.03143168212135221,
                0.006286336424270442
            ],
            "doublet_ISI": [
                59.000000000013415,
                11.800000000002683
            ],
            "adaptation_index2": [
                -0.002297675695564883,
                0.00045953513911297663
            ],
            "mean_frequency": [
                8.594105454735109,
                1.7188210909470218
            ],
            "AHP_depth_abs_slow": [
                -62.1825398383662,
                12.436507967673242
            ],
            "AP_width": [
                0.8588235294111575,
                0.1717647058822315
            ],
            "time_to_first_spike": [
                32.60000000009802,
                6.520000000019604
            ],
            "AHP_depth_abs": [
                -62.08993752696474,
                12.417987505392949
            ]
        },
        "MEA": {
            "peak_to_valley_0": [
                0.0014050000000000002,
                0.00028100000000000005
            ],
            "peak_to_valley_1": [
                0.00141,
                0.000282
            ],
            "peak_to_valley_2": [
                0.00136,
                0.00027200000000000005
            ],
            "peak_to_valley_3": [
                0.0013150000000000002,
                0.00026300000000000005
            ],
            "peak_to_valley_4": [
                0.0015600000000000002,
                0.00031200000000000005
            ],
            "peak_to_valley_5": [
                0.00168,
                0.00033600000000000004
            ],
            "peak_to_valley_6": [
                0.00141,
                0.000282
            ],
            "peak_to_valley_7": [
                -0.00035000000000000005,
                7.000000000000001e-05
            ],
            "peak_to_valley_8": [
                -0.001095,
                0.000219
            ],
            "peak_to_valley_9": [
                -0.0014500000000000001,
                0.00029000000000000006
            ],
            "peak_to_valley_10": [
                -0.002055,
                0.000411
            ],
            "peak_to_valley_11": [
                -0.004200000000000001,
                0.0008400000000000001
            ],
            "peak_to_valley_12": [
                -0.006,
                0.0012000000000000001
            ],
            "peak_to_valley_13": [
                -0.007110000000000001,
                0.0014220000000000003
            ],
            "peak_to_valley_14": [
                -0.00995,
                0.00199
            ],
            "peak_to_valley_15": [
                -0.00995,
                0.00199
            ],
            "peak_to_valley_16": [
                -0.009955,
                0.001991
            ],
            "peak_to_valley_17": [
                -0.006295,
                0.0012590000000000001
            ],
            "peak_to_valley_18": [
                -0.005345000000000001,
                0.0010690000000000003
            ],
            "peak_to_valley_19": [
                -0.004745,
                0.0009490000000000001
            ],
            "peak_trough_ratio_0": [
                -0.4528189399050943,
                0.09056378798101887
            ],
            "peak_trough_ratio_1": [
                -0.4865227263560969,
                0.09730454527121939
            ],
            "peak_trough_ratio_2": [
                -0.5327493529872278,
                0.10654987059744557
            ],
            "peak_trough_ratio_3": [
                -0.6034982749912275,
                0.12069965499824552
            ],
            "peak_trough_ratio_4": [
                -0.6375617269725178,
                0.12751234539450357
            ],
            "peak_trough_ratio_5": [
                -0.5963709353818188,
                0.11927418707636378
            ],
            "peak_trough_ratio_6": [
                -0.4140485565051029,
                0.08280971130102059
            ],
            "peak_trough_ratio_7": [
                -0.3698060550384952,
                0.07396121100769903
            ],
            "peak_trough_ratio_8": [
                -0.9540812932591135,
                0.19081625865182272
            ],
            "peak_trough_ratio_9": [
                -1.1484292835763898,
                0.22968585671527797
            ],
            "peak_trough_ratio_10": [
                -1.5163970466728547,
                0.303279409334571
            ],
            "peak_trough_ratio_11": [
                -1.9024895032449305,
                0.38049790064898614
            ],
            "peak_trough_ratio_12": [
                -1.9399689332159604,
                0.3879937866431921
            ],
            "peak_trough_ratio_13": [
                -2.084856832110121,
                0.41697136642202426
            ],
            "peak_trough_ratio_14": [
                -2.3067620998378406,
                0.46135241996756815
            ],
            "peak_trough_ratio_15": [
                -2.675732866329192,
                0.5351465732658384
            ],