{
    "Step3": {
        "soma": {
            "AP_height": [
                16.280058985304848,
                3.2560117970609697
            ],
            "AHP_slow_time": [
                0.19967659608898308,
                0.03993531921779662
            ],
            "ISI_CV": [
                0.08125078661656762,
                0.016250157323313526
            ],
            "doublet_ISI": [
                19.40000000000441,
                3.8800000000008823
            ],
            "adaptation_index2": [
                0.004347937326920304,
                0.0008695874653840608
            ],
            "mean_frequency": [
                18.53800290596981,
                3.7076005811939625
            ],
            "AHP_depth_abs_slow": [
                -55.97976966730904,
                11.195953933461809
            ],
            "AP_width": [
                0.8378378378372541,
                0.16756756756745084
            ],
            "time_to_first_spike": [
                10.400000000092973,
                2.0800000000185945
            ],
            "AHP_depth_abs": [
                -56.74123756938934,
                11.348247513877869
            ]
        }
    },
    "Step2": {
        "soma": {
            "AP_height": [
                25.837863857965072,
                5.167572771593015
            ],
            "AHP_slow_time": [
                0.16837991983748618,
                0.033675983967497235
            ],
            "ISI_CV": [
                0.03658791084146635,
                0.00731758216829327
            ],
            "doublet_ISI": [
                41.40000000000941,
                8.280000000001882
            ],
            "adaptation_index2": [
                -0.0001166679690678119,
                2.3333593813562383e-05
            ],
            "mean_frequency": [
                10.619469026555867,
                2.1238938053111736
            ],
            "AHP_depth_abs_slow": [
                -60.92118647877655,
                12.18423729575531
            ],
            "AP_width": [
                0.8428571428565658,
                0.16857142857131316
            ],
            "time_to_first_spike": [
                22.600000000095747,
                4.52000000001915
            ],
            "AHP_depth_abs": [
                -60.84322341154284,
                12.168644682308567
            ]
        }
    },
    "Step1": {
        "soma": {
            "AP_height": [
                27.56160833238576,
                5.512321666477153
            ],
            "AHP_slow_time": [
                0.16427679470530937,
                0.032855358941061875
            ],
            "ISI_CV": [
                0.03164164011992267,
                0.006328328023984534
            ],
            "doublet_ISI": [
                58.80000000001337,
                11.760000000002675
            ],
            "adaptation_index2": [
                -0.0023251377096985474,
                0.0004650275419397095
            ],
            "mean_frequency": [
                8.594539939338482,
                1.7189079878676965
            ],
            "AHP_depth_abs_slow": [
                -62.18344187528513,
                12.436688375057027
            ],
            "AP_width": [
                0.8705882352934997,
                0.17411764705869995
            ],
            "time_to_first_spike": [
                32.60000000009802,
                6.520000000019604
            ],
            "AHP_depth_abs": [
                -62.09072298759168,
                12.418144597518337
            ]
        },
        "MEA": {
            "peak_to_valley_0": [
                0.00143,
                0.000286
            ],
            "peak_to_valley_1": [
                0.0013800000000000002,
                0.00027600000000000004
            ],
            "peak_to_valley_2": [
                0.001335,
                0.00026700000000000004
            ],
            "peak_to_valley_3": [
                0.0012900000000000001,
                0.00025800000000000004
            ],
            "peak_to_valley_4": [
                0.00159,
                0.00031800000000000003
            ],
            "peak_to_valley_5": [
                0.0017100000000000001,
                0.0003420000000000001
            ],
            "peak_to_valley_6": [
                0.0013900000000000002,
                0.00027800000000000004
            ],
            "peak_to_valley_7": [
                -0.00034,
                6.800000000000001e-05
            ],
            "peak_to_valley_8": [
                -0.00109,
                0.000218
            ],
            "peak_to_valley_9": [
                -0.00143,
                0.000286
            ],
            "peak_to_valley_10": [
                -0.0020450000000000004,
                0.0004090000000000001
            ],
            "peak_to_valley_11": [
                -0.004200000000000001,
                0.0008400000000000001
            ],
            "peak_to_valley_12": [
                -0.005940000000000001,
                0.0011880000000000003
            ],
            "peak_to_valley_13": [
                -0.007145,
                0.0014290000000000001
            ],
            "peak_to_valley_14": [
                -0.009930000000000001,
                0.0019860000000000004
            ],
            "peak_to_valley_15": [
                -0.009935000000000001,
                0.0019870000000000005
            ],
            "peak_to_valley_16": [
                -0.009935000000000001,
                0.0019870000000000005
            ],
            "peak_to_valley_17": [
                -0.006295,
                0.0012590000000000001
            ],
            "peak_to_valley_18": [
                -0.005345000000000001,
                0.0010690000000000003
            ],
            "peak_to_valley_19": [
                -0.004745,
                0.0009490000000000001
            ],
            "peak_trough_ratio_0": [
                -0.44319495117170177,
                0.08863899023434035
            ],
            "peak_trough_ratio_1": [
                -0.4761557188225412,
                0.09523114376450825
            ],
            "peak_trough_ratio_2": [
                -0.5215246959189181,
                0.10430493918378364
            ],
            "peak_trough_ratio_3": [
                -0.5921487984566073,
                0.11842975969132147
            ],
            "peak_trough_ratio_4": [
                -0.6321887626408423,
                0.12643775252816847
            ],
            "peak_trough_ratio_5": [
                -0.5917837049948225,
                0.1183567409989645
            ],
            "peak_trough_ratio_6": [
                -0.4093603256907008,
                0.08187206513814016
            ],
            "peak_trough_ratio_7": [
                -0.3753428325118751,
                0.07506856650237503
            ],
            "peak_trough_ratio_8": [
                -0.9643870442958271,
                0.19287740885916543
            ],
            "peak_trough_ratio_9": [
                -1.1514293552361516,
                0.23028587104723033
            ],
            "peak_trough_ratio_10": [
                -1.5171761540633755,
                0.3034352308126751
            ],
            "peak_trough_ratio_11": [
                -1.9033255521791934,
                0.3806651104358387
            ],
            "peak_trough_ratio_12": [
                -1.9545148888615542,
                0.39090297777231087
            ],
            "peak_trough_ratio_13": [
                -2.108793415512002,
                0.42175868310240044
            ],
            "peak_trough_ratio_14": [
                -2.3346000124829307,
                0.46692000249658616
            ],