{
    "Step3": {
        "soma": {
            "AP_height": [
                16.32654291466161,
                3.265308582932322
            ],
            "AHP_slow_time": [
                0.1990123865974692,
                0.039802477319493844
            ],
            "ISI_CV": [
                0.08129129800120133,
                0.016258259600240268
            ],
            "doublet_ISI": [
                19.40000000000441,
                3.8800000000008823
            ],
            "adaptation_index2": [
                0.004410361091744235,
                0.000882072218348847
            ],
            "mean_frequency": [
                18.53521691214565,
                3.7070433824291302
            ],
            "AHP_depth_abs_slow": [
                -55.97907930549693,
                11.195815861099387
            ],
            "AP_width": [
                0.8270270270264561,
                0.16540540540529125
            ],
            "time_to_first_spike": [
                10.400000000092973,
                2.0800000000185945
            ],
            "AHP_depth_abs": [
                -56.740551862995844,
                11.34811037259917
            ]
        }
    },
    "Step2": {
        "soma": {
            "AP_height": [
                25.718774957051284,
                5.143754991410257
            ],
            "AHP_slow_time": [
                0.16727572070485472,
                0.03345514414097094
            ],
            "ISI_CV": [
                0.03755624572618751,
                0.007511249145237502
            ],
            "doublet_ISI": [
                41.40000000000941,
                8.280000000001882
            ],
            "adaptation_index2": [
                -8.967111349144826e-05,
                1.793422269828965e-05
            ],
            "mean_frequency": [
                10.62161752061819,
                2.1243235041236384
            ],
            "AHP_depth_abs_slow": [
                -60.9197824959236,
                12.18395649918472
            ],
            "AP_width": [
                0.852380952380372,
                0.17047619047607443
            ],
            "time_to_first_spike": [
                22.600000000095747,
                4.52000000001915
            ],
            "AHP_depth_abs": [
                -60.84261816295683,
                12.168523632591366
            ]
        }
    },
    "Step1": {
        "soma": {
            "AP_height": [
                27.337769729667492,
                5.467553945933499
            ],
            "AHP_slow_time": [
                0.16339819681037102,
                0.03267963936207421
            ],
            "ISI_CV": [
                0.03143168212135221,
                0.006286336424270442
            ],
            "doublet_ISI": [
                59.000000000013415,
                11.800000000002683
            ],
            "adaptation_index2": [
                -0.002297675695564883,
                0.00045953513911297663
            ],
            "mean_frequency": [
                8.594105454735109,
                1.7188210909470218
            ],
            "AHP_depth_abs_slow": [
                -62.1825398383662,
                12.436507967673242
            ],
            "AP_width": [
                0.8588235294111575,
                0.1717647058822315
            ],
            "time_to_first_spike": [
                32.60000000009802,
                6.520000000019604
            ],
            "AHP_depth_abs": [
                -62.08993752696474,
                12.417987505392949
            ]
        }
    }
}