{
    "bAP": {
        "soma": {
            "AP_width": [
                1.0000000000002274,
                0.20000000000004547
            ],
            "AP_height": [
                37.81199166818208,
                7.562398333636416
            ],
            "Spikecount": [
                1.0,
                0.2
            ]
        },
        "dend1": {
            "AP_amplitude_from_voltagebase": [
                57.32063374018675,
                11.464126748037351
            ]
        },
        "dend2": {
            "AP_amplitude_from_voltagebase": [
                34.85704106635707,
                6.971408213271414
            ]
        }
    },
    "Step3": {
        "soma": {
            "AP_height": [
                16.7445820319505,
                3.3489164063901002
            ],
            "AHP_slow_time": [
                0.25338396677486885,
                0.05067679335497377
            ],
            "ISI_CV": [
                0.10059180206986151,
                0.020118360413972303
            ],
            "doublet_ISI": [
                18.000000000004093,
                3.6000000000008185
            ],
            "adaptation_index2": [
                0.007622500674273483,
                0.0015245001348546967
            ],
            "mean_frequency": [
                16.493995154900023,
                3.298799030980005
            ],
            "AHP_depth_abs_slow": [
                -56.121613612196725,
                11.224322722439346
            ],
            "AP_width": [
                0.8727272727266651,
                0.17454545454533302
            ],
            "time_to_first_spike": [
                10.600000000093019,
                2.120000000018604
            ],
            "AHP_depth_abs": [
                -56.907338958852336,
                11.381467791770469
            ]
        }
    },
    "Step2": {
        "soma": {
            "AP_height": [
                25.062069792610874,
                5.012413958522175
            ],
            "AHP_slow_time": [
                0.1917673332336863,
                0.038353466646737264
            ],
            "ISI_CV": [
                0.042252516087251855,
                0.008450503217450372
            ],
            "doublet_ISI": [
                39.600000000009004,
                7.920000000001801
            ],
            "adaptation_index2": [
                -0.0002750553025682788,
                5.5011060513655765e-05
            ],
            "mean_frequency": [
                10.010010010016694,
                2.002002002003339
            ],
            "AHP_depth_abs_slow": [
                -60.53393012559212,
                12.106786025118424
            ],
            "AP_width": [
                0.8947368421046707,
                0.17894736842093417
            ],
            "time_to_first_spike": [
                23.200000000095883,
                4.640000000019177
            ],
            "AHP_depth_abs": [
                -60.38942500846093,
                12.077885001692188
            ]
        }
    },
    "Step1": {
        "soma": {
            "AP_height": [
                27.110821928121943,
                5.422164385624389
            ],
            "AHP_slow_time": [
                0.17715952532555002,
                0.03543190506511001
            ],
            "ISI_CV": [
                0.03577518123306193,
                0.007155036246612386
            ],
            "doublet_ISI": [
                57.900000000013165,
                11.580000000002634
            ],
            "adaptation_index2": [
                -0.003114785221203469,
                0.0006229570442406938
            ],
            "mean_frequency": [
                8.072653884970155,
                1.6145307769940311
            ],
            "AHP_depth_abs_slow": [
                -61.77647793822889,
                12.355295587645779
            ],
            "AP_width": [
                0.8999999999993733,
                0.17999999999987468
            ],
            "time_to_first_spike": [
                33.60000000009825,
                6.72000000001965
            ],
            "AHP_depth_abs": [
                -62.79188379660466,
                12.558376759320932
            ]
        }
    }
}