{
    "bAP": {
        "soma": {
            "AP_width": [
                1.0000000000002274,
                0.20000000000004547
            ],
            "AP_height": [
                37.81199326877118,
                7.5623986537542365
            ],
            "Spikecount": [
                1.0,
                0.2
            ]
        },
        "dend1": {
            "AP_amplitude_from_voltagebase": [
                57.32063221966492,
                11.464126443932985
            ]
        },
        "dend2": {
            "AP_amplitude_from_voltagebase": [
                34.857039782912935,
                6.9714079565825875
            ]
        }
    },
    "Step3": {
        "soma": {
            "AP_height": [
                16.902378134595597,
                3.38047562691912
            ],
            "AHP_slow_time": [
                0.25332314334277695,
                0.050664628668555395
            ],
            "ISI_CV": [
                0.10027780647829398,
                0.0200555612956588
            ],
            "doublet_ISI": [
                17.90000000000407,
                3.580000000000814
            ],
            "adaptation_index2": [
                0.0075103366566747504,
                0.00150206733133495
            ],
            "mean_frequency": [
                16.493995154900023,
                3.298799030980005
            ],
            "AHP_depth_abs_slow": [
                -56.121082908991845,
                11.22421658179837
            ],
            "AP_width": [
                0.8757575757569585,
                0.1751515151513917
            ],
            "time_to_first_spike": [
                10.600000000093019,
                2.120000000018604
            ],
            "AHP_depth_abs": [
                -56.90743696656112,
                11.381487393312225
            ]
        }
    },
    "Step2": {
        "soma": {
            "AP_height": [
                25.24125465578261,
                5.048250931156522
            ],
            "AHP_slow_time": [
                0.19096598071150805,
                0.038193196142301614
            ],
            "ISI_CV": [
                0.04219909963903486,
                0.008439819927806971
            ],
            "doublet_ISI": [
                39.600000000009004,
                7.920000000001801
            ],
            "adaptation_index2": [
                -0.00033463134573625305,
                6.692626914725062e-05
            ],
            "mean_frequency": [
                10.007900974460199,
                2.00158019489204
            ],
            "AHP_depth_abs_slow": [
                -60.528890018601686,
                12.105778003720339
            ],
            "AP_width": [
                0.8999999999994028,
                0.1799999999998806
            ],
            "time_to_first_spike": [
                23.200000000095883,
                4.640000000019177
            ],
            "AHP_depth_abs": [
                -60.38501668578349,
                12.077003337156698
            ]
        }
    },
    "Step1": {
        "soma": {
            "AP_height": [
                27.08075554174696,
                5.416151108349393
            ],
            "AHP_slow_time": [
                0.17561591699839016,
                0.035123183399678036
            ],
            "ISI_CV": [
                0.035356965303455105,
                0.007071393060691021
            ],
            "doublet_ISI": [
                57.80000000001314,
                11.56000000000263
            ],
            "adaptation_index2": [
                -0.003028650733623859,
                0.0006057301467247718
            ],
            "mean_frequency": [
                8.071839370402001,
                1.6143678740804004
            ],
            "AHP_depth_abs_slow": [
                -61.780646922809005,
                12.356129384561802
            ],
            "AP_width": [
                0.893749999999379,
                0.1787499999998758
            ],
            "time_to_first_spike": [
                33.60000000009825,
                6.72000000001965
            ],
            "AHP_depth_abs": [
                -62.79557166992896,
                12.559114333985793
            ]
        }
    }
}