{
    "Step3": {
        "soma": {
            "AP_height": [
                16.7445820319505,
                3.3489164063901002
            ],
            "AHP_slow_time": [
                0.25338396677486885,
                0.05067679335497377
            ],
            "ISI_CV": [
                0.10059180206986151,
                0.020118360413972303
            ],
            "doublet_ISI": [
                18.000000000004093,
                3.6000000000008185
            ],
            "adaptation_index2": [
                0.007622500674273483,
                0.0015245001348546967
            ],
            "mean_frequency": [
                16.493995154900023,
                3.298799030980005
            ],
            "AHP_depth_abs_slow": [
                -56.121613612196725,
                11.224322722439346
            ],
            "AP_width": [
                0.8727272727266651,
                0.17454545454533302
            ],
            "time_to_first_spike": [
                10.600000000093019,
                2.120000000018604
            ],
            "AHP_depth_abs": [
                -56.907338958852336,
                11.381467791770469
            ]
        }
    },
    "Step2": {
        "soma": {
            "AP_height": [
                25.062069792610874,
                5.012413958522175
            ],
            "AHP_slow_time": [
                0.1917673332336863,
                0.038353466646737264
            ],
            "ISI_CV": [
                0.042252516087251855,
                0.008450503217450372
            ],
            "doublet_ISI": [
                39.600000000009004,
                7.920000000001801
            ],
            "adaptation_index2": [
                -0.0002750553025682788,
                5.5011060513655765e-05
            ],
            "mean_frequency": [
                10.010010010016694,
                2.002002002003339
            ],
            "AHP_depth_abs_slow": [
                -60.53393012559212,
                12.106786025118424
            ],
            "AP_width": [
                0.8947368421046707,
                0.17894736842093417
            ],
            "time_to_first_spike": [
                23.200000000095883,
                4.640000000019177
            ],
            "AHP_depth_abs": [
                -60.38942500846093,
                12.077885001692188
            ]
        }
    },
    "Step1": {
        "soma": {
            "AP_height": [
                27.110821928121943,
                5.422164385624389
            ],
            "AHP_slow_time": [
                0.17715952532555002,
                0.03543190506511001
            ],
            "ISI_CV": [
                0.03577518123306193,
                0.007155036246612386
            ],
            "doublet_ISI": [
                57.900000000013165,
                11.580000000002634
            ],
            "adaptation_index2": [
                -0.003114785221203469,
                0.0006229570442406938
            ],
            "mean_frequency": [
                8.072653884970155,
                1.6145307769940311
            ],
            "AHP_depth_abs_slow": [
                -61.77647793822889,
                12.355295587645779
            ],
            "AP_width": [
                0.8999999999993733,
                0.17999999999987468
            ],
            "time_to_first_spike": [
                33.60000000009825,
                6.72000000001965
            ],
            "AHP_depth_abs": [
                -62.79188379660466,
                12.558376759320932
            ]
        },
        "MEA": {
            "peak_to_valley_0": [
                0.0014850000000000002,
                0.00029700000000000006
            ],
            "peak_to_valley_1": [
                0.00144,
                0.000288
            ],
            "peak_to_valley_2": [
                0.0013950000000000002,
                0.00027900000000000006
            ],
            "peak_to_valley_3": [
                0.00135,
                0.00027
            ],
            "peak_to_valley_4": [
                0.0016300000000000002,
                0.00032600000000000006
            ],
            "peak_to_valley_5": [
                0.00175,
                0.00035000000000000005
            ],
            "peak_to_valley_6": [
                0.001495,
                0.000299
            ],
            "peak_to_valley_7": [
                -0.00071,
                0.000142
            ],
            "peak_to_valley_8": [
                -0.00109,
                0.000218
            ],
            "peak_to_valley_9": [
                -0.0014850000000000002,
                0.00029700000000000006
            ],
            "peak_to_valley_10": [
                -0.00205,
                0.00041000000000000005
            ],
            "peak_to_valley_11": [
                -0.00395,
                0.0007900000000000001
            ],
            "peak_to_valley_12": [
                -0.00515,
                0.00103
            ],
            "peak_to_valley_13": [
                -0.007050000000000001,
                0.0014100000000000002
            ],
            "peak_to_valley_14": [
                -0.009935000000000001,
                0.0019870000000000005
            ],
            "peak_to_valley_15": [
                -0.009935000000000001,
                0.0019870000000000005
            ],
            "peak_to_valley_16": [
                -0.009940000000000001,
                0.001988
            ],
            "peak_to_valley_17": [
                -0.010005,
                0.002001
            ],
            "peak_to_valley_18": [
                -0.0055450000000000004,
                0.0011090000000000002
            ],
            "peak_to_valley_19": [
                -0.004945000000000001,
                0.000989
            ],
            "peak_trough_ratio_0": [
                -0.4241444513684853,
                0.08482889027369706
            ],
            "peak_trough_ratio_1": [
                -0.4586006528740415,
                0.09172013057480831
            ],
            "peak_trough_ratio_2": [
                -0.5073550192216114,
                0.10147100384432228
            ],
            "peak_trough_ratio_3": [
                -0.5841697391440936,
                0.11683394782881873
            ],
            "peak_trough_ratio_4": [
                -0.6289705519975379,
                0.12579411039950758
            ],
            "peak_trough_ratio_5": [
                -0.6003856975919403,
                0.12007713951838805
            ],
            "peak_trough_ratio_6": [
                -0.380754583317992,
                0.07615091666359841
            ],
            "peak_trough_ratio_7": [
                -0.35117793402485,
                0.07023558680497
            ],
            "peak_trough_ratio_8": [
                -1.0249808388309776,
                0.20499616776619553
            ],
            "peak_trough_ratio_9": [
                -1.2856713592019757,
                0.25713427184039517
            ],
            "peak_trough_ratio_10": [
                -1.7353224741800417,
                0.3470644948360084
            ],
            "peak_trough_ratio_11": [
                -2.1864163606859486,
                0.43728327213718976
            ],
            "peak_trough_ratio_12": [
                -2.209447707671247,
                0.4418895415342494
            ],
            "peak_trough_ratio_13": [
                -2.357418648395414,
                0.4714837296790828
            ],
            "peak_trough_ratio_14": [
                -2.5937324542982743,
                0.5187464908596549
            ],
            "peak_trough_ratio_15": [
                -3.029713917862122,
                0.6059427835724245
            ],