{
    "Step3": {
        "soma": {
            "AP_height": [
                16.902378134595597,
                3.38047562691912
            ],
            "AHP_slow_time": [
                0.25332314334277695,
                0.050664628668555395
            ],
            "ISI_CV": [
                0.10027780647829398,
                0.0200555612956588
            ],
            "doublet_ISI": [
                17.90000000000407,
                3.580000000000814
            ],
            "adaptation_index2": [
                0.0075103366566747504,
                0.00150206733133495
            ],
            "mean_frequency": [
                16.493995154900023,
                3.298799030980005
            ],
            "AHP_depth_abs_slow": [
                -56.121082908991845,
                11.22421658179837
            ],
            "AP_width": [
                0.8757575757569585,
                0.1751515151513917
            ],
            "time_to_first_spike": [
                10.600000000093019,
                2.120000000018604
            ],
            "AHP_depth_abs": [
                -56.90743696656112,
                11.381487393312225
            ]
        }
    },
    "Step2": {
        "soma": {
            "AP_height": [
                25.24125465578261,
                5.048250931156522
            ],
            "AHP_slow_time": [
                0.19096598071150805,
                0.038193196142301614
            ],
            "ISI_CV": [
                0.04219909963903486,
                0.008439819927806971
            ],
            "doublet_ISI": [
                39.600000000009004,
                7.920000000001801
            ],
            "adaptation_index2": [
                -0.00033463134573625305,
                6.692626914725062e-05
            ],
            "mean_frequency": [
                10.007900974460199,
                2.00158019489204
            ],
            "AHP_depth_abs_slow": [
                -60.528890018601686,
                12.105778003720339
            ],
            "AP_width": [
                0.8999999999994028,
                0.1799999999998806
            ],
            "time_to_first_spike": [
                23.200000000095883,
                4.640000000019177
            ],
            "AHP_depth_abs": [
                -60.38501668578349,
                12.077003337156698
            ]
        }
    },
    "Step1": {
        "soma": {
            "AP_height": [
                27.08075554174696,
                5.416151108349393
            ],
            "AHP_slow_time": [
                0.17561591699839016,
                0.035123183399678036
            ],
            "ISI_CV": [
                0.035356965303455105,
                0.007071393060691021
            ],
            "doublet_ISI": [
                57.80000000001314,
                11.56000000000263
            ],
            "adaptation_index2": [
                -0.003028650733623859,
                0.0006057301467247718
            ],
            "mean_frequency": [
                8.071839370402001,
                1.6143678740804004
            ],
            "AHP_depth_abs_slow": [
                -61.780646922809005,
                12.356129384561802
            ],
            "AP_width": [
                0.893749999999379,
                0.1787499999998758
            ],
            "time_to_first_spike": [
                33.60000000009825,
                6.72000000001965
            ],
            "AHP_depth_abs": [
                -62.79557166992896,
                12.559114333985793
            ]
        },
        "MEA": {
            "peak_to_valley_0": [
                0.0014900000000000002,
                0.0002980000000000001
            ],
            "peak_to_valley_1": [
                0.001445,
                0.00028900000000000003
            ],
            "peak_to_valley_2": [
                0.0013950000000000002,
                0.00027900000000000006
            ],
            "peak_to_valley_3": [
                0.00135,
                0.00027
            ],
            "peak_to_valley_4": [
                0.0016350000000000002,
                0.00032700000000000003
            ],
            "peak_to_valley_5": [
                0.001755,
                0.000351
            ],
            "peak_to_valley_6": [
                0.0015,
                0.00030000000000000003
            ],
            "peak_to_valley_7": [
                -0.00034500000000000004,
                6.900000000000001e-05
            ],
            "peak_to_valley_8": [
                -0.001095,
                0.000219
            ],
            "peak_to_valley_9": [
                -0.0014900000000000002,
                0.0002980000000000001
            ],
            "peak_to_valley_10": [
                -0.00205,
                0.00041000000000000005
            ],
            "peak_to_valley_11": [
                -0.00395,
                0.0007900000000000001
            ],
            "peak_to_valley_12": [
                -0.00515,
                0.00103
            ],
            "peak_to_valley_13": [
                -0.007105,
                0.0014210000000000002
            ],
            "peak_to_valley_14": [
                -0.009940000000000001,
                0.001988
            ],
            "peak_to_valley_15": [
                -0.009945,
                0.0019890000000000003
            ],
            "peak_to_valley_16": [
                -0.009945,
                0.0019890000000000003
            ],
            "peak_to_valley_17": [
                -0.010010000000000002,
                0.0020020000000000003
            ],
            "peak_to_valley_18": [
                -0.0055450000000000004,
                0.0011090000000000002
            ],
            "peak_to_valley_19": [
                -0.004945000000000001,
                0.000989
            ],
            "peak_trough_ratio_0": [
                -0.4174818297162235,
                0.08349636594324471
            ],
            "peak_trough_ratio_1": [
                -0.4510709608463028,
                0.09021419216926058
            ],
            "peak_trough_ratio_2": [
                -0.49841537170841754,
                0.09968307434168351
            ],
            "peak_trough_ratio_3": [
                -0.5726571785483273,
                0.11453143570966547
            ],
            "peak_trough_ratio_4": [
                -0.6240973807251841,
                0.12481947614503681
            ],
            "peak_trough_ratio_5": [
                -0.5968582316430144,
                0.11937164632860289
            ],
            "peak_trough_ratio_6": [
                -0.3779606860167484,
                0.07559213720334969
            ],
            "peak_trough_ratio_7": [
                -0.366367236158274,
                0.0732734472316548
            ],
            "peak_trough_ratio_8": [
                -1.0322773254749604,
                0.2064554650949921
            ],
            "peak_trough_ratio_9": [
                -1.287723710517429,
                0.2575447421034858
            ],
            "peak_trough_ratio_10": [
                -1.734841585972129,
                0.3469683171944258
            ],
            "peak_trough_ratio_11": [
                -2.18452279522832,
                0.436904559045664
            ],
            "peak_trough_ratio_12": [
                -2.207638811266909,
                0.4415277622533818
            ],
            "peak_trough_ratio_13": [
                -2.3647292425106388,
                0.4729458485021278
            ],
            "peak_trough_ratio_14": [
                -2.605581390311757,
                0.5211162780623514
            ],
            "peak_trough_ratio_15": [
                -3.046819378277677,
                0.6093638756555354
            ],