{
    "bAP": {
        "soma": {
            "AP_width": [
                1.0000000000002274,
                0.20000000000004547
            ],
            "AP_height": [
                37.20020583123527,
                7.440041166247055
            ],
            "Spikecount": [
                1.0,
                0.2
            ]
        },
        "dend1": {
            "AP_amplitude_from_voltagebase": [
                64.7866502275097,
                12.95733004550194
            ]
        },
        "dend2": {
            "AP_amplitude_from_voltagebase": [
                44.12869456902665,
                8.82573891380533
            ]
        }
    },
    "Step3": {
        "soma": {
            "AP_height": [
                12.833885255624336,
                2.5667770511248675
            ],
            "AHP_slow_time": [
                0.28121523001545323,
                0.05624304600309065
            ],
            "ISI_CV": [
                0.09696331624674165,
                0.01939266324934833
            ],
            "doublet_ISI": [
                19.600000000004457,
                3.9200000000008917
            ],
            "adaptation_index2": [
                0.006382211635117754,
                0.0012764423270235508
            ],
            "mean_frequency": [
                16.383370878569316,
                3.2766741757138633
            ],
            "AHP_depth_abs_slow": [
                -54.62116096377202,
                10.924232192754404
            ],
            "AP_width": [
                0.8812499999993868,
                0.17624999999987737
            ],
            "time_to_first_spike": [
                10.700000000093041,
                2.1400000000186084
            ],
            "AHP_depth_abs": [
                -54.64384394783278,
                10.928768789566556
            ]
        }
    },
    "Step2": {
        "soma": {
            "AP_height": [
                22.843560799369847,
                4.56871215987397
            ],
            "AHP_slow_time": [
                0.17760267491110662,
                0.035520534982221325
            ],
            "ISI_CV": [
                0.03681702916595676,
                0.007363405833191353
            ],
            "doublet_ISI": [
                49.40000000001123,
                9.880000000002248
            ],
            "adaptation_index2": [
                -0.0025747291724256597,
                0.000514945834485132
            ],
            "mean_frequency": [
                8.734970712162909,
                1.7469941424325819
            ],
            "AHP_depth_abs_slow": [
                -59.95221269112101,
                11.990442538224203
            ],
            "AP_width": [
                0.8764705882346843,
                0.17529411764693686
            ],
            "time_to_first_spike": [
                23.300000000095906,
                4.660000000019181
            ],
            "AHP_depth_abs": [
                -59.857757574349435,
                11.971551514869887
            ]
        }
    },
    "Step1": {
        "soma": {
            "AP_height": [
                24.602604956872312,
                4.920520991374463
            ],
            "AHP_slow_time": [
                0.16936079172449864,
                0.033872158344899726
            ],
            "ISI_CV": [
                0.03577244300485038,
                0.007154488600970076
            ],
            "doublet_ISI": [
                74.3000000000169,
                14.86000000000338
            ],
            "adaptation_index2": [
                -0.005143731144504332,
                0.0010287462289008664
            ],
            "mean_frequency": [
                7.014514649548699,
                1.40290292990974
            ],
            "AHP_depth_abs_slow": [
                -61.52239634220262,
                12.304479268440524
            ],
            "AP_width": [
                0.8846153846148161,
                0.17692307692296325
            ],
            "time_to_first_spike": [
                33.70000000009827,
                6.740000000019655
            ],
            "AHP_depth_abs": [
                -61.39303918815639,
                12.278607837631279
            ]
        }
    }
}