{
    "Step3": {
        "soma": {
            "AP_height": [
                12.833885255624336,
                2.5667770511248675
            ],
            "AHP_slow_time": [
                0.28121523001545323,
                0.05624304600309065
            ],
            "ISI_CV": [
                0.09696331624674165,
                0.01939266324934833
            ],
            "doublet_ISI": [
                19.600000000004457,
                3.9200000000008917
            ],
            "adaptation_index2": [
                0.006382211635117754,
                0.0012764423270235508
            ],
            "mean_frequency": [
                16.383370878569316,
                3.2766741757138633
            ],
            "AHP_depth_abs_slow": [
                -54.62116096377202,
                10.924232192754404
            ],
            "AP_width": [
                0.8812499999993868,
                0.17624999999987737
            ],
            "time_to_first_spike": [
                10.700000000093041,
                2.1400000000186084
            ],
            "AHP_depth_abs": [
                -54.64384394783278,
                10.928768789566556
            ]
        }
    },
    "Step2": {
        "soma": {
            "AP_height": [
                22.843560799369847,
                4.56871215987397
            ],
            "AHP_slow_time": [
                0.17760267491110662,
                0.035520534982221325
            ],
            "ISI_CV": [
                0.03681702916595676,
                0.007363405833191353
            ],
            "doublet_ISI": [
                49.40000000001123,
                9.880000000002248
            ],
            "adaptation_index2": [
                -0.0025747291724256597,
                0.000514945834485132
            ],
            "mean_frequency": [
                8.734970712162909,
                1.7469941424325819
            ],
            "AHP_depth_abs_slow": [
                -59.95221269112101,
                11.990442538224203
            ],
            "AP_width": [
                0.8764705882346843,
                0.17529411764693686
            ],
            "time_to_first_spike": [
                23.300000000095906,
                4.660000000019181
            ],
            "AHP_depth_abs": [
                -59.857757574349435,
                11.971551514869887
            ]
        }
    },
    "Step1": {
        "soma": {
            "AP_height": [
                24.602604956872312,
                4.920520991374463
            ],
            "AHP_slow_time": [
                0.16936079172449864,
                0.033872158344899726
            ],
            "ISI_CV": [
                0.03577244300485038,
                0.007154488600970076
            ],
            "doublet_ISI": [
                74.3000000000169,
                14.86000000000338
            ],
            "adaptation_index2": [
                -0.005143731144504332,
                0.0010287462289008664
            ],
            "mean_frequency": [
                7.014514649548699,
                1.40290292990974
            ],
            "AHP_depth_abs_slow": [
                -61.52239634220262,
                12.304479268440524
            ],
            "AP_width": [
                0.8846153846148161,
                0.17692307692296325
            ],
            "time_to_first_spike": [
                33.70000000009827,
                6.740000000019655
            ],
            "AHP_depth_abs": [
                -61.39303918815639,
                12.278607837631279
            ]
        },
        "MEA": {
            "peak_to_valley_0": [
                0.0015,
                0.00030000000000000003
            ],
            "peak_to_valley_1": [
                0.0014500000000000001,
                0.00029000000000000006
            ],
            "peak_to_valley_2": [
                0.0014050000000000002,
                0.00028100000000000005
            ],
            "peak_to_valley_3": [
                0.001765,
                0.000353
            ],
            "peak_to_valley_4": [
                0.00167,
                0.00033400000000000004
            ],
            "peak_to_valley_5": [
                0.0017900000000000001,
                0.00035800000000000003
            ],
            "peak_to_valley_6": [
                0.00151,
                0.000302
            ],
            "peak_to_valley_7": [
                -0.0007350000000000001,
                0.00014700000000000002
            ],
            "peak_to_valley_8": [
                -0.00109,
                0.000218
            ],
            "peak_to_valley_9": [
                -0.0015,
                0.00030000000000000003
            ],
            "peak_to_valley_10": [
                -0.00215,
                0.00043000000000000004
            ],
            "peak_to_valley_11": [
                -0.0045000000000000005,
                0.0009000000000000002
            ],
            "peak_to_valley_12": [
                -0.0055000000000000005,
                0.0011
            ],
            "peak_to_valley_13": [
                -0.0073100000000000005,
                0.0014620000000000002
            ],
            "peak_to_valley_14": [
                -0.009945,
                0.0019890000000000003
            ],
            "peak_to_valley_15": [
                -0.00995,
                0.00199
            ],
            "peak_to_valley_16": [
                -0.00995,
                0.00199
            ],
            "peak_to_valley_17": [
                -0.005995,
                0.0011990000000000002
            ],
            "peak_to_valley_18": [
                -0.005095000000000001,
                0.0010190000000000002
            ],
            "peak_to_valley_19": [
                -0.004595,
                0.0009190000000000001
            ],
            "peak_trough_ratio_0": [
                -0.4599386001497332,
                0.09198772002994665
            ],
            "peak_trough_ratio_1": [
                -0.49845229297016747,
                0.0996904585940335
            ],
            "peak_trough_ratio_2": [
                -0.5527777815248393,
                0.11055555630496786
            ],
            "peak_trough_ratio_3": [
                -0.6281123936887861,
                0.12562247873775723
            ],
            "peak_trough_ratio_4": [
                -0.6590387303887232,
                0.13180774607774465
            ],
            "peak_trough_ratio_5": [
                -0.6298975712559265,
                0.1259795142511853
            ],
            "peak_trough_ratio_6": [
                -0.3906147549522852,
                0.07812295099045705
            ],
            "peak_trough_ratio_7": [
                -0.34591364756812476,
                0.06918272951362496
            ],
            "peak_trough_ratio_8": [
                -0.9519339111214866,
                0.19038678222429734
            ],
            "peak_trough_ratio_9": [
                -1.153340420398835,
                0.23066808407976702
            ],
            "peak_trough_ratio_10": [
                -1.4742214359456798,
                0.29484428718913597
            ],
            "peak_trough_ratio_11": [
                -1.7731953087848593,
                0.3546390617569719
            ],
            "peak_trough_ratio_12": [
                -1.8474595777555156,
                0.36949191555110317
            ],
            "peak_trough_ratio_13": [
                -1.9561671387821697,
                0.391233427756434
            ],
            "peak_trough_ratio_14": [
                -2.1546911074027366,
                0.43093822148054733
            ],
            "peak_trough_ratio_15": [
                -2.6135417923462874,
                0.5227083584692575
            ],