{
    "Step3": {
        "soma": {
            "AP_height": [
                12.855171251578653,
                2.571034250315731
            ],
            "AHP_slow_time": [
                0.2810158848783138,
                0.056203176975662766
            ],
            "ISI_CV": [
                0.09691371001894768,
                0.019382742003789536
            ],
            "doublet_ISI": [
                19.600000000004457,
                3.9200000000008917
            ],
            "adaptation_index2": [
                0.006381730431440034,
                0.001276346086288007
            ],
            "mean_frequency": [
                16.385887654268824,
                3.277177530853765
            ],
            "AHP_depth_abs_slow": [
                -54.62209288708724,
                10.924418577417448
            ],
            "AP_width": [
                0.8718749999993953,
                0.17437499999987907
            ],
            "time_to_first_spike": [
                10.700000000093041,
                2.1400000000186084
            ],
            "AHP_depth_abs": [
                -54.644670689212354,
                10.928934137842472
            ]
        }
    },
    "Step2": {
        "soma": {
            "AP_height": [
                22.384852505917756,
                4.476970501183551
            ],
            "AHP_slow_time": [
                0.17805737456764467,
                0.03561147491352894
            ],
            "ISI_CV": [
                0.03665812082086925,
                0.00733162416417385
            ],
            "doublet_ISI": [
                49.40000000001123,
                9.880000000002248
            ],
            "adaptation_index2": [
                -0.0024858640519592546,
                0.0004971728103918509
            ],
            "mean_frequency": [
                8.733624454154356,
                1.7467248908308712
            ],
            "AHP_depth_abs_slow": [
                -59.95503540780646,
                11.991007081561293
            ],
            "AP_width": [
                0.8941176470581976,
                0.17882352941163954
            ],
            "time_to_first_spike": [
                23.300000000095906,
                4.660000000019181
            ],
            "AHP_depth_abs": [
                -59.85970627088278,
                11.971941254176556
            ]
        }
    },
    "Step1": {
        "soma": {
            "AP_height": [
                24.8876803122623,
                4.977536062452461
            ],
            "AHP_slow_time": [
                0.1683134592420145,
                0.0336626918484029
            ],
            "ISI_CV": [
                0.035643840391173895,
                0.0071287680782347795
            ],
            "doublet_ISI": [
                74.40000000001692,
                14.880000000003385
            ],
            "adaptation_index2": [
                -0.005084782618671334,
                0.001016956523734267
            ],
            "mean_frequency": [
                7.012622720902258,
                1.4025245441804517
            ],
            "AHP_depth_abs_slow": [
                -61.52029820229473,
                12.304059640458947
            ],
            "AP_width": [
                0.8923076923071169,
                0.1784615384614234
            ],
            "time_to_first_spike": [
                33.70000000009827,
                6.740000000019655
            ],
            "AHP_depth_abs": [
                -61.390758009199956,
                12.278151601839992
            ]
        },
        "MEA": {
            "peak_to_valley_0": [
                0.0014850000000000002,
                0.00029700000000000006
            ],
            "peak_to_valley_1": [
                0.0014850000000000002,
                0.00029700000000000006
            ],
            "peak_to_valley_2": [
                0.0013900000000000002,
                0.00027800000000000004
            ],
            "peak_to_valley_3": [
                0.00175,
                0.00035000000000000005
            ],
            "peak_to_valley_4": [
                0.0016550000000000002,
                0.0003310000000000001
            ],
            "peak_to_valley_5": [
                0.001775,
                0.00035500000000000006
            ],
            "peak_to_valley_6": [
                0.001495,
                0.000299
            ],
            "peak_to_valley_7": [
                -0.0007300000000000001,
                0.00014600000000000003
            ],
            "peak_to_valley_8": [
                -0.00108,
                0.00021600000000000002
            ],
            "peak_to_valley_9": [
                -0.0014900000000000002,
                0.0002980000000000001
            ],
            "peak_to_valley_10": [
                -0.00215,
                0.00043000000000000004
            ],
            "peak_to_valley_11": [
                -0.0045000000000000005,
                0.0009000000000000002
            ],
            "peak_to_valley_12": [
                -0.0055000000000000005,
                0.0011
            ],
            "peak_to_valley_13": [
                -0.007345000000000001,
                0.0014690000000000003
            ],
            "peak_to_valley_14": [
                -0.009930000000000001,
                0.0019860000000000004
            ],
            "peak_to_valley_15": [
                -0.009935000000000001,
                0.0019870000000000005
            ],
            "peak_to_valley_16": [
                -0.00693,
                0.001386
            ],
            "peak_to_valley_17": [
                -0.005995,
                0.0011990000000000002
            ],
            "peak_to_valley_18": [
                -0.005095000000000001,
                0.0010190000000000002
            ],
            "peak_to_valley_19": [
                -0.004545,
                0.0009090000000000001
            ],
            "peak_trough_ratio_0": [
                -0.47993947475788484,
                0.09598789495157697
            ],
            "peak_trough_ratio_1": [
                -0.5218293813916104,
                0.10436587627832208
            ],
            "peak_trough_ratio_2": [
                -0.5808762474697622,
                0.11617524949395244
            ],
            "peak_trough_ratio_3": [
                -0.6371396377106973,
                0.12742792754213947
            ],
            "peak_trough_ratio_4": [
                -0.6695707801871131,
                0.13391415603742263
            ],
            "peak_trough_ratio_5": [
                -0.641739660853489,
                0.12834793217069781
            ],
            "peak_trough_ratio_6": [
                -0.3987240089900938,
                0.07974480179801877
            ],
            "peak_trough_ratio_7": [
                -0.33484128386362694,
                0.06696825677272539
            ],
            "peak_trough_ratio_8": [
                -0.9311443069953443,
                0.18622886139906888
            ],
            "peak_trough_ratio_9": [
                -1.1442959333894973,
                0.22885918667789948
            ],
            "peak_trough_ratio_10": [
                -1.4722777654821733,
                0.2944555530964347
            ],
            "peak_trough_ratio_11": [
                -1.7748883470637231,
                0.35497766941274467
            ],
            "peak_trough_ratio_12": [
                -1.8494647999800433,
                0.3698929599960087
            ],
            "peak_trough_ratio_13": [
                -1.9414974007882897,
                0.388299480157658
            ],
            "peak_trough_ratio_14": [
                -2.1310004726629455,
                0.4262000945325891
            ],