{
    "Step3": {
        "soma": {
            "AP_height": [
                12.855171251578653,
                2.571034250315731
            ],
            "AHP_slow_time": [
                0.2810158848783138,
                0.056203176975662766
            ],
            "ISI_CV": [
                0.09691371001894768,
                0.019382742003789536
            ],
            "doublet_ISI": [
                19.600000000004457,
                3.9200000000008917
            ],
            "adaptation_index2": [
                0.006381730431440034,
                0.001276346086288007
            ],
            "mean_frequency": [
                16.385887654268824,
                3.277177530853765
            ],
            "AHP_depth_abs_slow": [
                -54.62209288708724,
                10.924418577417448
            ],
            "AP_width": [
                0.8718749999993953,
                0.17437499999987907
            ],
            "time_to_first_spike": [
                10.700000000093041,
                2.1400000000186084
            ],
            "AHP_depth_abs": [
                -54.644670689212354,
                10.928934137842472
            ]
        }
    },
    "Step2": {
        "soma": {
            "AP_height": [
                22.384852505917756,
                4.476970501183551
            ],
            "AHP_slow_time": [
                0.17805737456764467,
                0.03561147491352894
            ],
            "ISI_CV": [
                0.03665812082086925,
                0.00733162416417385
            ],
            "doublet_ISI": [
                49.40000000001123,
                9.880000000002248
            ],
            "adaptation_index2": [
                -0.0024858640519592546,
                0.0004971728103918509
            ],
            "mean_frequency": [
                8.733624454154356,
                1.7467248908308712
            ],
            "AHP_depth_abs_slow": [
                -59.95503540780646,
                11.991007081561293
            ],
            "AP_width": [
                0.8941176470581976,
                0.17882352941163954
            ],
            "time_to_first_spike": [
                23.300000000095906,
                4.660000000019181
            ],
            "AHP_depth_abs": [
                -59.85970627088278,
                11.971941254176556
            ]
        }
    },
    "Step1": {
        "soma": {
            "AP_height": [
                24.8876803122623,
                4.977536062452461
            ],
            "AHP_slow_time": [
                0.1683134592420145,
                0.0336626918484029
            ],
            "ISI_CV": [
                0.035643840391173895,
                0.0071287680782347795
            ],
            "doublet_ISI": [
                74.40000000001692,
                14.880000000003385
            ],
            "adaptation_index2": [
                -0.005084782618671334,
                0.001016956523734267
            ],
            "mean_frequency": [
                7.012622720902258,
                1.4025245441804517
            ],
            "AHP_depth_abs_slow": [
                -61.52029820229473,
                12.304059640458947
            ],
            "AP_width": [
                0.8923076923071169,
                0.1784615384614234
            ],
            "time_to_first_spike": [
                33.70000000009827,
                6.740000000019655
            ],
            "AHP_depth_abs": [
                -61.390758009199956,
                12.278151601839992
            ]
        }
    }
}