{
    "bAP": {
        "soma": {
            "AP_width": [
                1.0000000000002274,
                0.20000000000004547
            ],
            "AP_height": [
                39.00179369767284,
                7.800358739534568
            ],
            "Spikecount": [
                1.0,
                0.2
            ]
        },
        "dend1": {
            "AP_amplitude_from_voltagebase": [
                67.58258656848822,
                13.516517313697646
            ]
        },
        "dend2": {
            "AP_amplitude_from_voltagebase": [
                51.03242059065588,
                10.206484118131177
            ]
        }
    },
    "Step3": {
        "soma": {
            "AP_height": [
                16.15410919550076,
                3.2308218391001517
            ],
            "AHP_slow_time": [
                0.20254804083223485,
                0.04050960816644697
            ],
            "ISI_CV": [
                0.091604921695146,
                0.018320984339029203
            ],
            "doublet_ISI": [
                16.000000000003638,
                3.2000000000007276
            ],
            "adaptation_index2": [
                0.005585399120346602,
                0.0011170798240693204
            ],
            "mean_frequency": [
                19.78891820581814,
                3.957783641163628
            ],
            "AHP_depth_abs_slow": [
                -54.932211273719794,
                10.98644225474396
            ],
            "AP_width": [
                0.8487179487173517,
                0.16974358974347037
            ],
            "time_to_first_spike": [
                10.400000000092973,
                2.0800000000185945
            ],
            "AHP_depth_abs": [
                -54.991586180718656,
                10.998317236143732
            ]
        }
    },
    "Step2": {
        "soma": {
            "AP_height": [
                26.499583068540606,
                5.299916613708121
            ],
            "AHP_slow_time": [
                0.1915507051968594,
                0.03831014103937189
            ],
            "ISI_CV": [
                0.05438881578130583,
                0.010877763156261168
            ],
            "doublet_ISI": [
                32.700000000007435,
                6.540000000001488
            ],
            "adaptation_index2": [
                0.003627297236199856,
                0.0007254594472399712
            ],
            "mean_frequency": [
                10.738392309272946,
                2.147678461854589
            ],
            "AHP_depth_abs_slow": [
                -59.86563863788498,
                11.973127727576996
            ],
            "AP_width": [
                0.8809523809517746,
                0.17619047619035494
            ],
            "time_to_first_spike": [
                22.70000000009577,
                4.5400000000191545
            ],
            "AHP_depth_abs": [
                -59.78797424847992,
                11.957594849695985
            ]
        }
    },
    "Step1": {
        "soma": {
            "AP_height": [
                27.904949307644063,
                5.580989861528813
            ],
            "AHP_slow_time": [
                0.18368686481863886,
                0.036737372963727775
            ],
            "ISI_CV": [
                0.03484914588652274,
                0.006969829177304549
            ],
            "doublet_ISI": [
                48.90000000001112,
                9.780000000002225
            ],
            "adaptation_index2": [
                -3.870593787221628e-06,
                7.741187574443256e-07
            ],
            "mean_frequency": [
                8.588027279621885,
                1.7176054559243772
            ],
            "AHP_depth_abs_slow": [
                -61.18253058604751,
                12.236506117209503
            ],
            "AP_width": [
                0.8588235294111641,
                0.17176470588223283
            ],
            "time_to_first_spike": [
                32.800000000098066,
                6.560000000019613
            ],
            "AHP_depth_abs": [
                -62.20868563083148,
                12.441737126166297
            ]
        }
    }
}