{
    "Step3": {
        "soma": {
            "AP_height": [
                16.15410919550076,
                3.2308218391001517
            ],
            "AHP_slow_time": [
                0.20254804083223485,
                0.04050960816644697
            ],
            "ISI_CV": [
                0.091604921695146,
                0.018320984339029203
            ],
            "doublet_ISI": [
                16.000000000003638,
                3.2000000000007276
            ],
            "adaptation_index2": [
                0.005585399120346602,
                0.0011170798240693204
            ],
            "mean_frequency": [
                19.78891820581814,
                3.957783641163628
            ],
            "AHP_depth_abs_slow": [
                -54.932211273719794,
                10.98644225474396
            ],
            "AP_width": [
                0.8487179487173517,
                0.16974358974347037
            ],
            "time_to_first_spike": [
                10.400000000092973,
                2.0800000000185945
            ],
            "AHP_depth_abs": [
                -54.991586180718656,
                10.998317236143732
            ]
        }
    },
    "Step2": {
        "soma": {
            "AP_height": [
                26.499583068540606,
                5.299916613708121
            ],
            "AHP_slow_time": [
                0.1915507051968594,
                0.03831014103937189
            ],
            "ISI_CV": [
                0.05438881578130583,
                0.010877763156261168
            ],
            "doublet_ISI": [
                32.700000000007435,
                6.540000000001488
            ],
            "adaptation_index2": [
                0.003627297236199856,
                0.0007254594472399712
            ],
            "mean_frequency": [
                10.738392309272946,
                2.147678461854589
            ],
            "AHP_depth_abs_slow": [
                -59.86563863788498,
                11.973127727576996
            ],
            "AP_width": [
                0.8809523809517746,
                0.17619047619035494
            ],
            "time_to_first_spike": [
                22.70000000009577,
                4.5400000000191545
            ],
            "AHP_depth_abs": [
                -59.78797424847992,
                11.957594849695985
            ]
        }
    },
    "Step1": {
        "soma": {
            "AP_height": [
                27.904949307644063,
                5.580989861528813
            ],
            "AHP_slow_time": [
                0.18368686481863886,
                0.036737372963727775
            ],
            "ISI_CV": [
                0.03484914588652274,
                0.006969829177304549
            ],
            "doublet_ISI": [
                48.90000000001112,
                9.780000000002225
            ],
            "adaptation_index2": [
                -3.870593787221628e-06,
                7.741187574443256e-07
            ],
            "mean_frequency": [
                8.588027279621885,
                1.7176054559243772
            ],
            "AHP_depth_abs_slow": [
                -61.18253058604751,
                12.236506117209503
            ],
            "AP_width": [
                0.8588235294111641,
                0.17176470588223283
            ],
            "time_to_first_spike": [
                32.800000000098066,
                6.560000000019613
            ],
            "AHP_depth_abs": [
                -62.20868563083148,
                12.441737126166297
            ]
        },
        "MEA": {
            "peak_to_valley_0": [
                0.001445,
                0.00028900000000000003
            ],
            "peak_to_valley_1": [
                0.0014000000000000002,
                0.00028000000000000003
            ],
            "peak_to_valley_2": [
                0.00135,
                0.00027
            ],
            "peak_to_valley_3": [
                0.0013050000000000002,
                0.00026100000000000006
            ],
            "peak_to_valley_4": [
                0.0015600000000000002,
                0.00031200000000000005
            ],
            "peak_to_valley_5": [
                0.00168,
                0.00033600000000000004
            ],
            "peak_to_valley_6": [
                0.0014050000000000002,
                0.00028100000000000005
            ],
            "peak_to_valley_7": [
                -0.0006850000000000001,
                0.00013700000000000002
            ],
            "peak_to_valley_8": [
                -0.0010550000000000002,
                0.00021100000000000003
            ],
            "peak_to_valley_9": [
                -0.001445,
                0.00028900000000000003
            ],
            "peak_to_valley_10": [
                -0.00215,
                0.00043000000000000004
            ],
            "peak_to_valley_11": [
                -0.00415,
                0.00083
            ],
            "peak_to_valley_12": [
                -0.00515,
                0.00103
            ],
            "peak_to_valley_13": [
                -0.006960000000000001,
                0.0013920000000000002
            ],
            "peak_to_valley_14": [
                -0.009945,
                0.0019890000000000003
            ],
            "peak_to_valley_15": [
                -0.00995,
                0.00199
            ],
            "peak_to_valley_16": [
                -0.0064800000000000005,
                0.0012960000000000003
            ],
            "peak_to_valley_17": [
                -0.005745,
                0.001149
            ],
            "peak_to_valley_18": [
                -0.005045,
                0.0010090000000000001
            ],
            "peak_to_valley_19": [
                -0.004495000000000001,
                0.0008990000000000002
            ],
            "peak_trough_ratio_0": [
                -0.49022776238061033,
                0.09804555247612207
            ],
            "peak_trough_ratio_1": [
                -0.5262504599254708,
                0.10525009198509416
            ],
            "peak_trough_ratio_2": [
                -0.5763037899642075,
                0.11526075799284151
            ],
            "peak_trough_ratio_3": [
                -0.6544014160562841,
                0.13088028321125683
            ],
            "peak_trough_ratio_4": [
                -0.6856736706957703,
                0.13713473413915409
            ],
            "peak_trough_ratio_5": [
                -0.6402693368405872,
                0.12805386736811744
            ],
            "peak_trough_ratio_6": [
                -0.423845257526849,
                0.0847690515053698
            ],
            "peak_trough_ratio_7": [
                -0.3587667614127645,
                0.0717533522825529
            ],
            "peak_trough_ratio_8": [
                -0.9382513350565457,
                0.18765026701130916
            ],
            "peak_trough_ratio_9": [
                -1.0497546716813986,
                0.20995093433627973
            ],
            "peak_trough_ratio_10": [
                -1.2407478741818345,
                0.2481495748363669
            ],
            "peak_trough_ratio_11": [
                -1.4055228073502457,
                0.28110456147004914
            ],
            "peak_trough_ratio_12": [
                -1.5522578069197375,
                0.3104515613839475
            ],
            "peak_trough_ratio_13": [
                -1.7144869283033557,
                0.3428973856606712
            ],
            "peak_trough_ratio_14": [
                -2.021352613542699,
                0.40427052270853986
            ],