{
    "Step3": {
        "soma": {
            "AP_height": [
                16.264700154564807,
                3.2529400309129617
            ],
            "AHP_slow_time": [
                0.2018209470504087,
                0.04036418941008174
            ],
            "ISI_CV": [
                0.0914114867604834,
                0.01828229735209668
            ],
            "doublet_ISI": [
                16.000000000003638,
                3.2000000000007276
            ],
            "adaptation_index2": [
                0.005572851678348806,
                0.0011145703356697614
            ],
            "mean_frequency": [
                19.785906346723348,
                3.9571812693446695
            ],
            "AHP_depth_abs_slow": [
                -54.93352146678274,
                10.98670429335655
            ],
            "AP_width": [
                0.8461538461532486,
                0.16923076923064972
            ],
            "time_to_first_spike": [
                10.400000000092973,
                2.0800000000185945
            ],
            "AHP_depth_abs": [
                -54.99254244648109,
                10.998508489296219
            ]
        }
    },
    "Step2": {
        "soma": {
            "AP_height": [
                26.08918915432841,
                5.217837830865682
            ],
            "AHP_slow_time": [
                0.19214231937667517,
                0.03842846387533504
            ],
            "ISI_CV": [
                0.05431419027308068,
                0.010862838054616138
            ],
            "doublet_ISI": [
                32.80000000000746,
                6.560000000001492
            ],
            "adaptation_index2": [
                0.00368493209391145,
                0.00073698641878229
            ],
            "mean_frequency": [
                10.735647461793453,
                2.1471294923586908
            ],
            "AHP_depth_abs_slow": [
                -59.86498765226483,
                11.972997530452966
            ],
            "AP_width": [
                0.8761904761898688,
                0.17523809523797376
            ],
            "time_to_first_spike": [
                22.70000000009577,
                4.5400000000191545
            ],
            "AHP_depth_abs": [
                -59.7886077236888,
                11.95772154473776
            ]
        }
    },
    "Step1": {
        "soma": {
            "AP_height": [
                28.009136450176705,
                5.601827290035342
            ],
            "AHP_slow_time": [
                0.1839670323045826,
                0.03679340646091652
            ],
            "ISI_CV": [
                0.03446812039850102,
                0.006893624079700205
            ],
            "doublet_ISI": [
                48.90000000001112,
                9.780000000002225
            ],
            "adaptation_index2": [
                8.348347840811888e-05,
                1.6696695681623776e-05
            ],
            "mean_frequency": [
                8.586292236987486,
                1.7172584473974972
            ],
            "AHP_depth_abs_slow": [
                -61.18406177077941,
                12.236812354155882
            ],
            "AP_width": [
                0.8705882352935064,
                0.17411764705870128
            ],
            "time_to_first_spike": [
                32.800000000098066,
                6.560000000019613
            ],
            "AHP_depth_abs": [
                -62.21021417557361,
                12.442042835114723
            ]
        }
    }
}