{
  "firepattern_120": {
    "stimuli": [
      {
        "delay": 0.0,
        "amp": -0.08507513254880905,
        "duration": 4578.59662877303,
        "totduration": 4578.59662877303
      },
      {
        "delay": 500.0,
        "amp": 0.15791899020358657,
        "thresh_perc": 128.5793683433055,
        "duration": 3600.009800078401,
        "totduration": 4578.59662877303
      }
    ]
  },
  "IV_-100": {
    "stimuli": [
      {
        "delay": 0.0,
        "amp": -0.08507513254880905,
        "duration": 3750,
        "totduration": 3750
      },
      {
        "delay": 500.0,
        "amp": -0.1152189411330114,
        "thresh_perc": -93.81252155277929,
        "duration": 3000.0,
        "totduration": 3750
      }
    ]
  },
  "APWaveform_260": {
    "stimuli": [
      {
        "delay": 0.0,
        "amp": -0.08507513254880905,
        "duration": 700.0,
        "totduration": 700.0
      },
      {
        "delay": 500.0,
        "amp": 0.31995578833376576,
        "thresh_perc": 260.51150092020794,
        "duration": 50.0,
        "totduration": 700.0
      }
    ]
  }
}
