{
    "bAP": {
        "soma": {
            "AP_width": [
                1.0000000000002274,
                0.20000000000004547
            ],
            "AP_height": [
                37.40543757447467,
                7.481087514894934
            ],
            "Spikecount": [
                1.0,
                0.2
            ]
        },
        "dend1": {
            "AP_amplitude_from_voltagebase": [
                11.58087180898535,
                2.3161743617970703
            ]
        }
    },
    "Step3": {
        "soma": {
            "AP_height": [
                14.396564987704286,
                2.8793129975408576
            ],
            "AHP_slow_time": [
                0.20360258245482396,
                0.040720516490964795
            ],
            "ISI_CV": [
                0.10602475313969252,
                0.021204950627938507
            ],
            "doublet_ISI": [
                20.80000000000473,
                4.160000000000946
            ],
            "adaptation_index2": [
                0.0064904244000852105,
                0.0012980848800170422
            ],
            "mean_frequency": [
                18.651073696957905,
                3.730214739391581
            ],
            "AHP_depth_abs_slow": [
                -54.97151079859652,
                10.994302159719304
            ],
            "AP_width": [
                0.8621621621615624,
                0.1724324324323125
            ],
            "time_to_first_spike": [
                10.600000000093019,
                2.120000000018604
            ],
            "AHP_depth_abs": [
                -55.05116600088202,
                11.010233200176405
            ]
        }
    },
    "Step2": {
        "soma": {
            "AP_height": [
                23.794659929857502,
                4.7589319859715005
            ],
            "AHP_slow_time": [
                0.12051739952770667,
                0.024103479905541333
            ],
            "ISI_CV": [
                0.03664953868540555,
                0.00732990773708111
            ],
            "doublet_ISI": [
                45.800000000010414,
                9.160000000002084
            ],
            "adaptation_index2": [
                -0.001553496003197417,
                0.00031069920063948344
            ],
            "mean_frequency": [
                8.267024904418083,
                1.6534049808836166
            ],
            "AHP_depth_abs_slow": [
                -59.93437905247614,
                11.986875810495228
            ],
            "AP_width": [
                0.8687499999993875,
                0.1737499999998775
            ],
            "time_to_first_spike": [
                23.200000000095883,
                4.640000000019177
            ],
            "AHP_depth_abs": [
                -59.93642456794862,
                11.987284913589725
            ]
        }
    },
    "Step1": {
        "soma": {
            "AP_height": [
                26.091782174029984,
                5.218356434805997
            ],
            "AHP_slow_time": [
                0.1156336992939941,
                0.02312673985879882
            ],
            "ISI_CV": [
                0.034393893940053946,
                0.00687877878801079
            ],
            "doublet_ISI": [
                70.10000000001594,
                14.020000000003188
            ],
            "adaptation_index2": [
                -0.005079872685734183,
                0.0010159745371468366
            ],
            "mean_frequency": [
                6.544145716315597,
                1.3088291432631196
            ],
            "AHP_depth_abs_slow": [
                -61.69899872118515,
                12.33979974423703
            ],
            "AP_width": [
                0.8692307692302148,
                0.17384615384604296
            ],
            "time_to_first_spike": [
                33.70000000009827,
                6.740000000019655
            ],
            "AHP_depth_abs": [
                -63.1000596812668,
                12.620011936253361
            ]
        }
    }
}