{
    "bAP": {
        "soma": {
            "AP_width": [
                1.0000000000002274,
                0.20000000000004547
            ],
            "AP_height": [
                37.40545046842704,
                7.481090093685409
            ],
            "Spikecount": [
                1.0,
                0.2
            ]
        },
        "dend1": {
            "AP_amplitude_from_voltagebase": [
                11.58087000299205,
                2.31617400059841
            ]
        }
    },
    "Step3": {
        "soma": {
            "AP_height": [
                14.323412323983646,
                2.8646824647967293
            ],
            "AHP_slow_time": [
                0.20260671801778962,
                0.04052134360355793
            ],
            "ISI_CV": [
                0.10591604990388492,
                0.021183209980776985
            ],
            "doublet_ISI": [
                20.80000000000473,
                4.160000000000946
            ],
            "adaptation_index2": [
                0.006518724139918406,
                0.0013037448279836813
            ],
            "mean_frequency": [
                18.649193548399744,
                3.729838709679949
            ],
            "AHP_depth_abs_slow": [
                -54.97123116527021,
                10.994246233054042
            ],
            "AP_width": [
                0.8567567567561649,
                0.171351351351233
            ],
            "time_to_first_spike": [
                10.600000000093019,
                2.120000000018604
            ],
            "AHP_depth_abs": [
                -55.050259932771326,
                11.010051986554267
            ]
        }
    },
    "Step2": {
        "soma": {
            "AP_height": [
                23.882787279430012,
                4.776557455886002
            ],
            "AHP_slow_time": [
                0.1198893447118804,
                0.02397786894237608
            ],
            "ISI_CV": [
                0.03688140773385998,
                0.007376281546771996
            ],
            "doublet_ISI": [
                45.70000000001039,
                9.140000000002079
            ],
            "adaptation_index2": [
                -0.0016122663930023347,
                0.00032245327860046697
            ],
            "mean_frequency": [
                8.264462809922913,
                1.6528925619845827
            ],
            "AHP_depth_abs_slow": [
                -59.93250000146846,
                11.986500000293693
            ],
            "AP_width": [
                0.8437499999994102,
                0.16874999999988205
            ],
            "time_to_first_spike": [
                23.200000000095883,
                4.640000000019177
            ],
            "AHP_depth_abs": [
                -59.934851836733074,
                11.986970367346615
            ]
        }
    },
    "Step1": {
        "soma": {
            "AP_height": [
                26.306104612573872,
                5.261220922514775
            ],
            "AHP_slow_time": [
                0.11553148993325713,
                0.023106297986651425
            ],
            "ISI_CV": [
                0.03414006487852891,
                0.006828012975705781
            ],
            "doublet_ISI": [
                70.20000000001596,
                14.040000000003193
            ],
            "adaptation_index2": [
                -0.00514934122587263,
                0.001029868245174526
            ],
            "mean_frequency": [
                6.542361792611445,
                1.308472358522289
            ],
            "AHP_depth_abs_slow": [
                -61.73124916830985,
                12.346249833661972
            ],
            "AP_width": [
                0.8833333333327857,
                0.17666666666655717
            ],
            "time_to_first_spike": [
                33.70000000009827,
                6.740000000019655
            ],
            "AHP_depth_abs": [
                -61.65478311979371,
                12.330956623958743
            ]
        }
    }
}