{
    "Step3": {
        "soma": {
            "AP_height": [
                14.323412323983646,
                2.8646824647967293
            ],
            "AHP_slow_time": [
                0.20260671801778962,
                0.04052134360355793
            ],
            "ISI_CV": [
                0.10591604990388492,
                0.021183209980776985
            ],
            "doublet_ISI": [
                20.80000000000473,
                4.160000000000946
            ],
            "adaptation_index2": [
                0.006518724139918406,
                0.0013037448279836813
            ],
            "mean_frequency": [
                18.649193548399744,
                3.729838709679949
            ],
            "AHP_depth_abs_slow": [
                -54.97123116527021,
                10.994246233054042
            ],
            "AP_width": [
                0.8567567567561649,
                0.171351351351233
            ],
            "time_to_first_spike": [
                10.600000000093019,
                2.120000000018604
            ],
            "AHP_depth_abs": [
                -55.050259932771326,
                11.010051986554267
            ]
        }
    },
    "Step2": {
        "soma": {
            "AP_height": [
                23.882787279430012,
                4.776557455886002
            ],
            "AHP_slow_time": [
                0.1198893447118804,
                0.02397786894237608
            ],
            "ISI_CV": [
                0.03688140773385998,
                0.007376281546771996
            ],
            "doublet_ISI": [
                45.70000000001039,
                9.140000000002079
            ],
            "adaptation_index2": [
                -0.0016122663930023347,
                0.00032245327860046697
            ],
            "mean_frequency": [
                8.264462809922913,
                1.6528925619845827
            ],
            "AHP_depth_abs_slow": [
                -59.93250000146846,
                11.986500000293693
            ],
            "AP_width": [
                0.8437499999994102,
                0.16874999999988205
            ],
            "time_to_first_spike": [
                23.200000000095883,
                4.640000000019177
            ],
            "AHP_depth_abs": [
                -59.934851836733074,
                11.986970367346615
            ]
        }
    },
    "Step1": {
        "soma": {
            "AP_height": [
                26.306104612573872,
                5.261220922514775
            ],
            "AHP_slow_time": [
                0.11553148993325713,
                0.023106297986651425
            ],
            "ISI_CV": [
                0.03414006487852891,
                0.006828012975705781
            ],
            "doublet_ISI": [
                70.20000000001596,
                14.040000000003193
            ],
            "adaptation_index2": [
                -0.00514934122587263,
                0.001029868245174526
            ],
            "mean_frequency": [
                6.542361792611445,
                1.308472358522289
            ],
            "AHP_depth_abs_slow": [
                -61.73124916830985,
                12.346249833661972
            ],
            "AP_width": [
                0.8833333333327857,
                0.17666666666655717
            ],
            "time_to_first_spike": [
                33.70000000009827,
                6.740000000019655
            ],
            "AHP_depth_abs": [
                -61.65478311979371,
                12.330956623958743
            ]
        },
        "MEA": {
            "peak_to_valley_0": [
                0.0014500000000000001,
                0.00029000000000000006
            ],
            "peak_to_valley_1": [
                0.0014000000000000002,
                0.00028000000000000003
            ],
            "peak_to_valley_2": [
                0.001355,
                0.00027100000000000003
            ],
            "peak_to_valley_3": [
                0.0013100000000000002,
                0.000262
            ],
            "peak_to_valley_4": [
                0.00159,
                0.00031800000000000003
            ],
            "peak_to_valley_5": [
                0.0017150000000000002,
                0.00034300000000000004
            ],
            "peak_to_valley_6": [
                0.0014550000000000001,
                0.000291
            ],
            "peak_to_valley_7": [
                -0.000335,
                6.7e-05
            ],
            "peak_to_valley_8": [
                -0.00119,
                0.00023800000000000004
            ],
            "peak_to_valley_9": [
                -0.0014500000000000001,
                0.00029000000000000006
            ],
            "peak_to_valley_10": [
                -0.0019600000000000004,
                0.0003920000000000001
            ],
            "peak_to_valley_11": [
                -0.0028000000000000004,
                0.0005600000000000001
            ],
            "peak_to_valley_12": [
                -0.0051,
                0.00102
            ],
            "peak_to_valley_13": [
                -0.006355,
                0.0012710000000000002
            ],
            "peak_to_valley_14": [
                -0.009945,
                0.0019890000000000003
            ],
            "peak_to_valley_15": [
                -0.009945,
                0.0019890000000000003
            ],
            "peak_to_valley_16": [
                -0.00995,
                0.00199
            ],
            "peak_to_valley_17": [
                -0.00995,
                0.00199
            ],
            "peak_to_valley_18": [
                -0.010020000000000001,
                0.002004
            ],
            "peak_to_valley_19": [
                -0.010020000000000001,
                0.002004
            ],
            "peak_trough_ratio_0": [
                -0.35907121695663446,
                0.0718142433913269
            ],
            "peak_trough_ratio_1": [
                -0.3907547359314528,
                0.07815094718629056
            ],
            "peak_trough_ratio_2": [
                -0.4358749205262902,
                0.08717498410525804
            ],
            "peak_trough_ratio_3": [
                -0.5078652316329239,
                0.10157304632658477
            ],
            "peak_trough_ratio_4": [
                -0.5590718314933217,
                0.11181436629866436
            ],
            "peak_trough_ratio_5": [
                -0.5420462987481499,
                0.10840925974962999
            ],
            "peak_trough_ratio_6": [
                -0.3702318424056512,
                0.07404636848113025
            ],
            "peak_trough_ratio_7": [
                -0.3835944133516578,
                0.07671888267033156
            ],
            "peak_trough_ratio_8": [
                -1.194306092162409,
                0.2388612184324818
            ],
            "peak_trough_ratio_9": [
                -1.7990760826603127,
                0.35981521653206255
            ],
            "peak_trough_ratio_10": [
                -2.2863996124039074,
                0.45727992248078153
            ],
            "peak_trough_ratio_11": [
                -2.6930789124672594,
                0.5386157824934519
            ],
            "peak_trough_ratio_12": [
                -2.802144621997544,
                0.5604289243995088
            ],
            "peak_trough_ratio_13": [
                -2.9321912115041857,
                0.5864382423008372
            ],
            "peak_trough_ratio_14": [
                -3.237972278564963,
                0.6475944557129927
            ],
            "peak_trough_ratio_15": [
                -3.4543654191826727,
                0.6908730838365346
            ],