{
    "Step3": {
        "soma": {
            "AP_height": [
                14.396564987704286,
                2.8793129975408576
            ],
            "AHP_slow_time": [
                0.20360258245482396,
                0.040720516490964795
            ],
            "ISI_CV": [
                0.10602475313969252,
                0.021204950627938507
            ],
            "doublet_ISI": [
                20.80000000000473,
                4.160000000000946
            ],
            "adaptation_index2": [
                0.0064904244000852105,
                0.0012980848800170422
            ],
            "mean_frequency": [
                18.651073696957905,
                3.730214739391581
            ],
            "AHP_depth_abs_slow": [
                -54.97151079859652,
                10.994302159719304
            ],
            "AP_width": [
                0.8621621621615624,
                0.1724324324323125
            ],
            "time_to_first_spike": [
                10.600000000093019,
                2.120000000018604
            ],
            "AHP_depth_abs": [
                -55.05116600088202,
                11.010233200176405
            ]
        }
    },
    "Step2": {
        "soma": {
            "AP_height": [
                23.794659929857502,
                4.7589319859715005
            ],
            "AHP_slow_time": [
                0.12051739952770667,
                0.024103479905541333
            ],
            "ISI_CV": [
                0.03664953868540555,
                0.00732990773708111
            ],
            "doublet_ISI": [
                45.800000000010414,
                9.160000000002084
            ],
            "adaptation_index2": [
                -0.001553496003197417,
                0.00031069920063948344
            ],
            "mean_frequency": [
                8.267024904418083,
                1.6534049808836166
            ],
            "AHP_depth_abs_slow": [
                -59.93437905247614,
                11.986875810495228
            ],
            "AP_width": [
                0.8687499999993875,
                0.1737499999998775
            ],
            "time_to_first_spike": [
                23.200000000095883,
                4.640000000019177
            ],
            "AHP_depth_abs": [
                -59.93642456794862,
                11.987284913589725
            ]
        }
    },
    "Step1": {
        "soma": {
            "AP_height": [
                26.091782174029984,
                5.218356434805997
            ],
            "AHP_slow_time": [
                0.1156336992939941,
                0.02312673985879882
            ],
            "ISI_CV": [
                0.034393893940053946,
                0.00687877878801079
            ],
            "doublet_ISI": [
                70.10000000001594,
                14.020000000003188
            ],
            "adaptation_index2": [
                -0.005079872685734183,
                0.0010159745371468366
            ],
            "mean_frequency": [
                6.544145716315597,
                1.3088291432631196
            ],
            "AHP_depth_abs_slow": [
                -61.69899872118515,
                12.33979974423703
            ],
            "AP_width": [
                0.8692307692302148,
                0.17384615384604296
            ],
            "time_to_first_spike": [
                33.70000000009827,
                6.740000000019655
            ],
            "AHP_depth_abs": [
                -63.1000596812668,
                12.620011936253361
            ]
        },
        "MEA": {
            "peak_to_valley_0": [
                0.001445,
                0.00028900000000000003
            ],
            "peak_to_valley_1": [
                0.0014000000000000002,
                0.00028000000000000003
            ],
            "peak_to_valley_2": [
                0.00135,
                0.00027
            ],
            "peak_to_valley_3": [
                0.0013050000000000002,
                0.00026100000000000006
            ],
            "peak_to_valley_4": [
                0.00159,
                0.00031800000000000003
            ],
            "peak_to_valley_5": [
                0.001755,
                0.000351
            ],
            "peak_to_valley_6": [
                0.0014600000000000001,
                0.00029200000000000005
            ],
            "peak_to_valley_7": [
                -0.00032,
                6.400000000000001e-05
            ],
            "peak_to_valley_8": [
                -0.00119,
                0.00023800000000000004
            ],
            "peak_to_valley_9": [
                -0.0014500000000000001,
                0.00029000000000000006
            ],
            "peak_to_valley_10": [
                -0.0019500000000000001,
                0.00039000000000000005
            ],
            "peak_to_valley_11": [
                -0.0028000000000000004,
                0.0005600000000000001
            ],
            "peak_to_valley_12": [
                -0.005110000000000001,
                0.0010220000000000001
            ],
            "peak_to_valley_13": [
                -0.00642,
                0.0012840000000000002
            ],
            "peak_to_valley_14": [
                -0.009955,
                0.001991
            ],
            "peak_to_valley_15": [
                -0.009955,
                0.001991
            ],
            "peak_to_valley_16": [
                -0.009955,
                0.001991
            ],
            "peak_to_valley_17": [
                -0.00996,
                0.0019920000000000003
            ],
            "peak_to_valley_18": [
                -0.010025000000000001,
                0.0020050000000000003
            ],
            "peak_to_valley_19": [
                -0.010025000000000001,
                0.0020050000000000003
            ],
            "peak_trough_ratio_0": [
                -0.3412442568443831,
                0.06824885136887662
            ],
            "peak_trough_ratio_1": [
                -0.3707443044526231,
                0.07414886089052462
            ],
            "peak_trough_ratio_2": [
                -0.4125349244876454,
                0.08250698489752908
            ],
            "peak_trough_ratio_3": [
                -0.47987488926236005,
                0.09597497785247201
            ],
            "peak_trough_ratio_4": [
                -0.5439386533460459,
                0.10878773066920917
            ],
            "peak_trough_ratio_5": [
                -0.5327861712155789,
                0.10655723424311579
            ],
            "peak_trough_ratio_6": [
                -0.360854713328316,
                0.07217094266566319
            ],
            "peak_trough_ratio_7": [
                -0.4452183439664557,
                0.08904366879329115
            ],
            "peak_trough_ratio_8": [
                -1.2230745058786385,
                0.2446149011757277
            ],
            "peak_trough_ratio_9": [
                -1.813044294672598,
                0.3626088589345196
            ],
            "peak_trough_ratio_10": [
                -2.2923539914462663,
                0.4584707982892533
            ],
            "peak_trough_ratio_11": [
                -2.699213298524917,
                0.5398426597049835
            ],
            "peak_trough_ratio_12": [
                -2.8491377816358168,
                0.5698275563271634
            ],
            "peak_trough_ratio_13": [
                -3.0084208106308323,
                0.6016841621261665
            ],
            "peak_trough_ratio_14": [
                -3.346159899001293,
                0.6692319798002586
            ],