{
    "Step3": {
        "soma": {
            "AP_height": [
                13.769658400166227,
                2.7539316800332454
            ],
            "AHP_slow_time": [
                0.12001842347186974,
                0.024003684694373948
            ],
            "ISI_CV": [
                0.09790025665968255,
                0.01958005133193651
            ],
            "doublet_ISI": [
                20.300000000004616,
                4.060000000000923
            ],
            "adaptation_index2": [
                0.007180270982322638,
                0.0014360541964645278
            ],
            "mean_frequency": [
                18.032458425177552,
                3.6064916850355107
            ],
            "AHP_depth_abs_slow": [
                -55.41356764392697,
                11.082713528785394
            ],
            "AP_width": [
                0.8111111111105566,
                0.16222222222211133
            ],
            "time_to_first_spike": [
                10.400000000092973,
                2.0800000000185945
            ],
            "AHP_depth_abs": [
                -56.269055951033494,
                11.253811190206699
            ]
        }
    },
    "Step2": {
        "soma": {
            "AP_height": [
                24.941063155482677,
                4.988212631096536
            ],
            "AHP_slow_time": [
                0.08102160851220862,
                0.016204321702441724
            ],
            "ISI_CV": [
                0.039832606966723784,
                0.007966521393344757
            ],
            "doublet_ISI": [
                40.9000000000093,
                8.18000000000186
            ],
            "adaptation_index2": [
                0.001494014735924254,
                0.0002988029471848508
            ],
            "mean_frequency": [
                8.413082343049055,
                1.682616468609811
            ],
            "AHP_depth_abs_slow": [
                -60.95435455048207,
                12.190870910096415
            ],
            "AP_width": [
                0.818749999999433,
                0.1637499999998866
            ],
            "time_to_first_spike": [
                22.600000000095747,
                4.52000000001915
            ],
            "AHP_depth_abs": [
                -60.96869036395723,
                12.193738072791447
            ]
        }
    },
    "Step1": {
        "soma": {
            "AP_height": [
                27.050833880708463,
                5.410166776141693
            ],
            "AHP_slow_time": [
                0.10022369484736911,
                0.020044738969473824
            ],
            "ISI_CV": [
                0.029138462978562853,
                0.005827692595712571
            ],
            "doublet_ISI": [
                60.800000000013824,
                12.160000000002766
            ],
            "adaptation_index2": [
                -0.002952668315347349,
                0.0005905336630694698
            ],
            "mean_frequency": [
                6.755001299043244,
                1.351000259808649
            ],
            "AHP_depth_abs_slow": [
                -62.570929465824356,
                12.514185893164871
            ],
            "AP_width": [
                0.8307692307687026,
                0.16615384615374051
            ],
            "time_to_first_spike": [
                32.70000000009804,
                6.540000000019609
            ],
            "AHP_depth_abs": [
                -62.5179245582634,
                12.50358491165268
            ]
        },
        "MEA": {
            "peak_to_valley_0": [
                0.001345,
                0.00026900000000000003
            ],
            "peak_to_valley_1": [
                0.00135,
                0.00027
            ],
            "peak_to_valley_2": [
                0.0013000000000000002,
                0.00026000000000000003
            ],
            "peak_to_valley_3": [
                0.00125,
                0.00025
            ],
            "peak_to_valley_4": [
                0.0015300000000000001,
                0.00030600000000000007
            ],
            "peak_to_valley_5": [
                0.0016350000000000002,
                0.00032700000000000003
            ],
            "peak_to_valley_6": [
                0.00136,
                0.00027200000000000005
            ],
            "peak_to_valley_7": [
                -0.00067,
                0.000134
            ],
            "peak_to_valley_8": [
                -0.00116,
                0.000232
            ],
            "peak_to_valley_9": [
                -0.0014000000000000002,
                0.00028000000000000003
            ],
            "peak_to_valley_10": [
                -0.0018700000000000001,
                0.00037400000000000004
            ],
            "peak_to_valley_11": [
                -0.00299,
                0.000598
            ],
            "peak_to_valley_12": [
                -0.005005000000000001,
                0.0010010000000000002
            ],
            "peak_to_valley_13": [
                -0.006265000000000001,
                0.0012530000000000002
            ],
            "peak_to_valley_14": [
                -0.009945,
                0.0019890000000000003
            ],
            "peak_to_valley_15": [
                -0.00995,
                0.00199
            ],
            "peak_to_valley_16": [
                -0.00995,
                0.00199
            ],
            "peak_to_valley_17": [
                -0.009955,
                0.001991
            ],
            "peak_to_valley_18": [
                -0.010020000000000001,
                0.002004
            ],
            "peak_to_valley_19": [
                -0.010020000000000001,
                0.002004
            ],
            "peak_trough_ratio_0": [
                -0.40298581516898047,
                0.0805971630337961
            ],
            "peak_trough_ratio_1": [
                -0.4351270637749546,
                0.08702541275499093
            ],
            "peak_trough_ratio_2": [
                -0.4812434846731664,
                0.09624869693463328
            ],
            "peak_trough_ratio_3": [
                -0.5540333866292656,
                0.11080667732585313
            ],
            "peak_trough_ratio_4": [
                -0.5858185830337608,
                0.11716371660675216
            ],
            "peak_trough_ratio_5": [
                -0.5578415767057825,
                0.11156831534115651
            ],
            "peak_trough_ratio_6": [
                -0.4046423987636946,
                0.08092847975273892
            ],
            "peak_trough_ratio_7": [
                -0.38873263543243014,
                0.07774652708648604
            ],
            "peak_trough_ratio_8": [
                -1.0806859970119276,
                0.21613719940238552
            ],
            "peak_trough_ratio_9": [
                -1.5850630974846518,
                0.3170126194969304
            ],
            "peak_trough_ratio_10": [
                -2.071142624888746,
                0.41422852497774926
            ],
            "peak_trough_ratio_11": [
                -2.5021565313540455,
                0.5004313062708091
            ],
            "peak_trough_ratio_12": [
                -2.6434151259788212,
                0.5286830251957643
            ],
            "peak_trough_ratio_13": [
                -2.782508876992851,
                0.5565017753985703
            ],
            "peak_trough_ratio_14": [
                -3.135546542569367,
                0.6271093085138735
            ],
            "peak_trough_ratio_15": [
                -3.3102525404981997,
                0.66205050809964
            ],