{
    "Step3": {
        "soma": {
            "AP_height": [
                13.872767844389275,
                2.774553568877855
            ],
            "AHP_slow_time": [
                0.12083248033037464,
                0.02416649606607493
            ],
            "ISI_CV": [
                0.09781966027098521,
                0.019563932054197042
            ],
            "doublet_ISI": [
                20.300000000004616,
                4.060000000000923
            ],
            "adaptation_index2": [
                0.007152820256564804,
                0.0014305640513129609
            ],
            "mean_frequency": [
                18.03336171919274,
                3.6066723438385484
            ],
            "AHP_depth_abs_slow": [
                -55.408493667219375,
                11.081698733443876
            ],
            "AP_width": [
                0.8166666666661102,
                0.16333333333322206
            ],
            "time_to_first_spike": [
                10.400000000092973,
                2.0800000000185945
            ],
            "AHP_depth_abs": [
                -56.26433864192911,
                11.252867728385823
            ]
        }
    },
    "Step2": {
        "soma": {
            "AP_height": [
                24.717681188234426,
                4.943536237646885
            ],
            "AHP_slow_time": [
                0.08170632723377334,
                0.01634126544675467
            ],
            "ISI_CV": [
                0.039173494408169675,
                0.007834698881633935
            ],
            "doublet_ISI": [
                40.9000000000093,
                8.18000000000186
            ],
            "adaptation_index2": [
                0.0014321970462154705,
                0.0002864394092430941
            ],
            "mean_frequency": [
                8.413524741026814,
                1.6827049482053629
            ],
            "AHP_depth_abs_slow": [
                -60.954198077443316,
                12.190839615488663
            ],
            "AP_width": [
                0.818749999999433,
                0.1637499999998866
            ],
            "time_to_first_spike": [
                22.600000000095747,
                4.52000000001915
            ],
            "AHP_depth_abs": [
                -60.96825233285693,
                12.193650466571386
            ]
        }
    },
    "Step1": {
        "soma": {
            "AP_height": [
                27.400220672757357,
                5.480044134551472
            ],
            "AHP_slow_time": [
                0.10029225458381302,
                0.020058450916762605
            ],
            "ISI_CV": [
                0.029196121975970248,
                0.00583922439519405
            ],
            "doublet_ISI": [
                60.7000000000138,
                12.140000000002761
            ],
            "adaptation_index2": [
                -0.0027718224237973004,
                0.0005543644847594601
            ],
            "mean_frequency": [
                6.75640559222947,
                1.3512811184458942
            ],
            "AHP_depth_abs_slow": [
                -62.57235276307393,
                12.514470552614787
            ],
            "AP_width": [
                0.8384615384610032,
                0.16769230769220067
            ],
            "time_to_first_spike": [
                32.70000000009804,
                6.540000000019609
            ],
            "AHP_depth_abs": [
                -62.519146228066965,
                12.503829245613394
            ]
        },
        "MEA": {
            "peak_to_valley_0": [
                0.0013800000000000002,
                0.00027600000000000004
            ],
            "peak_to_valley_1": [
                0.00133,
                0.000266
            ],
            "peak_to_valley_2": [
                0.0012850000000000001,
                0.000257
            ],
            "peak_to_valley_3": [
                0.001595,
                0.00031900000000000006
            ],
            "peak_to_valley_4": [
                0.0015450000000000001,
                0.00030900000000000003
            ],
            "peak_to_valley_5": [
                0.0016550000000000002,
                0.0003310000000000001
            ],
            "peak_to_valley_6": [
                0.0013650000000000001,
                0.000273
            ],
            "peak_to_valley_7": [
                -0.000665,
                0.000133
            ],
            "peak_to_valley_8": [
                -0.001175,
                0.00023500000000000002
            ],
            "peak_to_valley_9": [
                -0.0014050000000000002,
                0.00028100000000000005
            ],
            "peak_to_valley_10": [
                -0.00186,
                0.00037200000000000004
            ],
            "peak_to_valley_11": [
                -0.0029800000000000004,
                0.0005960000000000002
            ],
            "peak_to_valley_12": [
                -0.00504,
                0.001008
            ],
            "peak_to_valley_13": [
                -0.0062450000000000006,
                0.0012490000000000001
            ],
            "peak_to_valley_14": [
                -0.009930000000000001,
                0.0019860000000000004
            ],
            "peak_to_valley_15": [
                -0.009930000000000001,
                0.0019860000000000004
            ],
            "peak_to_valley_16": [
                -0.009935000000000001,
                0.0019870000000000005
            ],
            "peak_to_valley_17": [
                -0.009935000000000001,
                0.0019870000000000005
            ],
            "peak_to_valley_18": [
                -0.01,
                0.002
            ],
            "peak_to_valley_19": [
                -0.010005,
                0.002001
            ],
            "peak_trough_ratio_0": [
                -0.4045675794016969,
                0.08091351588033939
            ],
            "peak_trough_ratio_1": [
                -0.43762956317256235,
                0.08752591263451248
            ],
            "peak_trough_ratio_2": [
                -0.4844985038601038,
                0.09689970077202076
            ],
            "peak_trough_ratio_3": [
                -0.5542045290189571,
                0.11084090580379143
            ],
            "peak_trough_ratio_4": [
                -0.5816104617283249,
                0.11632209234566498
            ],
            "peak_trough_ratio_5": [
                -0.5586901235042211,
                0.11173802470084422
            ],
            "peak_trough_ratio_6": [
                -0.4025502318448765,
                0.0805100463689753
            ],
            "peak_trough_ratio_7": [
                -0.3924505788559658,
                0.07849011577119316
            ],
            "peak_trough_ratio_8": [
                -1.083503864563418,
                0.21670077291268364
            ],
            "peak_trough_ratio_9": [
                -1.5831791055393993,
                0.3166358211078799
            ],
            "peak_trough_ratio_10": [
                -2.072445050196248,
                0.41448901003924965
            ],
            "peak_trough_ratio_11": [
                -2.511994681783381,
                0.5023989363566762
            ],
            "peak_trough_ratio_12": [
                -2.657853884082141,
                0.5315707768164283
            ],
            "peak_trough_ratio_13": [
                -2.799081798339191,
                0.5598163596678382
            ],
            "peak_trough_ratio_14": [
                -3.1503921838560927,
                0.6300784367712186
            ],