{
    "Step3": {
        "soma": {
            "AP_height": [
                13.769658400166227,
                2.7539316800332454
            ],
            "AHP_slow_time": [
                0.12001842347186974,
                0.024003684694373948
            ],
            "ISI_CV": [
                0.09790025665968255,
                0.01958005133193651
            ],
            "doublet_ISI": [
                20.300000000004616,
                4.060000000000923
            ],
            "adaptation_index2": [
                0.007180270982322638,
                0.0014360541964645278
            ],
            "mean_frequency": [
                18.032458425177552,
                3.6064916850355107
            ],
            "AHP_depth_abs_slow": [
                -55.41356764392697,
                11.082713528785394
            ],
            "AP_width": [
                0.8111111111105566,
                0.16222222222211133
            ],
            "time_to_first_spike": [
                10.400000000092973,
                2.0800000000185945
            ],
            "AHP_depth_abs": [
                -56.269055951033494,
                11.253811190206699
            ]
        }
    },
    "Step2": {
        "soma": {
            "AP_height": [
                24.941063155482677,
                4.988212631096536
            ],
            "AHP_slow_time": [
                0.08102160851220862,
                0.016204321702441724
            ],
            "ISI_CV": [
                0.039832606966723784,
                0.007966521393344757
            ],
            "doublet_ISI": [
                40.9000000000093,
                8.18000000000186
            ],
            "adaptation_index2": [
                0.001494014735924254,
                0.0002988029471848508
            ],
            "mean_frequency": [
                8.413082343049055,
                1.682616468609811
            ],
            "AHP_depth_abs_slow": [
                -60.95435455048207,
                12.190870910096415
            ],
            "AP_width": [
                0.818749999999433,
                0.1637499999998866
            ],
            "time_to_first_spike": [
                22.600000000095747,
                4.52000000001915
            ],
            "AHP_depth_abs": [
                -60.96869036395723,
                12.193738072791447
            ]
        }
    },
    "Step1": {
        "soma": {
            "AP_height": [
                27.050833880708463,
                5.410166776141693
            ],
            "AHP_slow_time": [
                0.10022369484736911,
                0.020044738969473824
            ],
            "ISI_CV": [
                0.029138462978562853,
                0.005827692595712571
            ],
            "doublet_ISI": [
                60.800000000013824,
                12.160000000002766
            ],
            "adaptation_index2": [
                -0.002952668315347349,
                0.0005905336630694698
            ],
            "mean_frequency": [
                6.755001299043244,
                1.351000259808649
            ],
            "AHP_depth_abs_slow": [
                -62.570929465824356,
                12.514185893164871
            ],
            "AP_width": [
                0.8307692307687026,
                0.16615384615374051
            ],
            "time_to_first_spike": [
                32.70000000009804,
                6.540000000019609
            ],
            "AHP_depth_abs": [
                -62.5179245582634,
                12.50358491165268
            ]
        }
    }
}