{
    "Step3": {
        "soma": {
            "AP_height": [
                13.872767844389275,
                2.774553568877855
            ],
            "AHP_slow_time": [
                0.12083248033037464,
                0.02416649606607493
            ],
            "ISI_CV": [
                0.09781966027098521,
                0.019563932054197042
            ],
            "doublet_ISI": [
                20.300000000004616,
                4.060000000000923
            ],
            "adaptation_index2": [
                0.007152820256564804,
                0.0014305640513129609
            ],
            "mean_frequency": [
                18.03336171919274,
                3.6066723438385484
            ],
            "AHP_depth_abs_slow": [
                -55.408493667219375,
                11.081698733443876
            ],
            "AP_width": [
                0.8166666666661102,
                0.16333333333322206
            ],
            "time_to_first_spike": [
                10.400000000092973,
                2.0800000000185945
            ],
            "AHP_depth_abs": [
                -56.26433864192911,
                11.252867728385823
            ]
        }
    },
    "Step2": {
        "soma": {
            "AP_height": [
                24.717681188234426,
                4.943536237646885
            ],
            "AHP_slow_time": [
                0.08170632723377334,
                0.01634126544675467
            ],
            "ISI_CV": [
                0.039173494408169675,
                0.007834698881633935
            ],
            "doublet_ISI": [
                40.9000000000093,
                8.18000000000186
            ],
            "adaptation_index2": [
                0.0014321970462154705,
                0.0002864394092430941
            ],
            "mean_frequency": [
                8.413524741026814,
                1.6827049482053629
            ],
            "AHP_depth_abs_slow": [
                -60.954198077443316,
                12.190839615488663
            ],
            "AP_width": [
                0.818749999999433,
                0.1637499999998866
            ],
            "time_to_first_spike": [
                22.600000000095747,
                4.52000000001915
            ],
            "AHP_depth_abs": [
                -60.96825233285693,
                12.193650466571386
            ]
        }
    },
    "Step1": {
        "soma": {
            "AP_height": [
                27.400220672757357,
                5.480044134551472
            ],
            "AHP_slow_time": [
                0.10029225458381302,
                0.020058450916762605
            ],
            "ISI_CV": [
                0.029196121975970248,
                0.00583922439519405
            ],
            "doublet_ISI": [
                60.7000000000138,
                12.140000000002761
            ],
            "adaptation_index2": [
                -0.0027718224237973004,
                0.0005543644847594601
            ],
            "mean_frequency": [
                6.75640559222947,
                1.3512811184458942
            ],
            "AHP_depth_abs_slow": [
                -62.57235276307393,
                12.514470552614787
            ],
            "AP_width": [
                0.8384615384610032,
                0.16769230769220067
            ],
            "time_to_first_spike": [
                32.70000000009804,
                6.540000000019609
            ],
            "AHP_depth_abs": [
                -62.519146228066965,
                12.503829245613394
            ]
        }
    }
}