{
  "holding_current": [
    0.012077812726298967,
    0.0
  ],
  "threshold_current": [
    0.11498102761805055,
    0.0
  ],
  "all_holding_current": {
    "211006_3148_cell1": 0.012077812726298967
  },
  "all_threshold_current": {
    "211006_3148_cell1": 0.11498102761805055
  }
}