{
  "firepattern_120": {
    "holding": {
      "delay": 0.0,
      "amp": 0.011996205896139145,
      "duration": 4578.559850342572,
      "totduration": 4578.559850342572
    },
    "step": {
      "delay": 499.99598365684506,
      "amp": 0.1445665217936039,
      "thresh_perc": 125.73076166429112,
      "duration": 3599.980882328964,
      "totduration": 4578.559850342572
    }
  },
  "firepattern_200": {
    "holding": {
      "delay": 0.0,
      "amp": 0.011996205896139145,
      "duration": 4578.559850342572,
      "totduration": 4578.559850342572
    },
    "step": {
      "delay": 499.99598365684506,
      "amp": 0.24127062335610389,
      "thresh_perc": 209.8351600731628,
      "duration": 3599.980882328964,
      "totduration": 4578.559850342572
    }
  },
  "IDrest_50": {
    "holding": {
      "delay": 0.0,
      "amp": 0.012057411018759012,
      "duration": 1994.4959348067641,
      "totduration": 1994.4959348067641
    },
    "step": {
      "delay": 399.9869869257964,
      "amp": 0.07540472289547324,
      "thresh_perc": 65.58014348763366,
      "duration": 1349.9989558731613,
      "totduration": 1994.4959348067641
    }
  },
  "IDrest_75": {
    "holding": {
      "delay": 0.0,
      "amp": 0.012077812726298967,
      "duration": 1994.4959348067641,
      "totduration": 1994.4959348067641
    },
    "step": {
      "delay": 399.9869869257964,
      "amp": 0.09046118569870788,
      "thresh_perc": 78.67488017171507,
      "duration": 1349.9989558731613,
      "totduration": 1994.4959348067641
    }
  },
  "IDrest_100": {
    "holding": {
      "delay": 0.0,
      "amp": 0.01211861614137888,
      "duration": 1994.4959348067641,
      "totduration": 1994.4959348067641
    },
    "step": {
      "delay": 399.9869869257964,
      "amp": 0.10551764797419311,
      "thresh_perc": 91.76961639680822,
      "duration": 1349.9989558731613,
      "totduration": 1994.4959348067641
    }
  },
  "IDrest_125": {
    "holding": {
      "delay": 0.0,
      "amp": 0.01211861614137888,
      "duration": 1994.4959348067641,
      "totduration": 1994.4959348067641
    },
    "step": {
      "delay": 399.9869869257964,
      "amp": 0.1356305753812194,
      "thresh_perc": 117.95909133093112,
      "duration": 1349.9989558731613,
      "totduration": 1994.4959348067641
    }
  },
  "IDrest_150": {
    "holding": {
      "delay": 0.0,
      "amp": 0.01211861614137888,
      "duration": 1994.4959348067641,
      "totduration": 1994.4959348067641
    },
    "step": {
      "delay": 399.9869869257964,
      "amp": 0.16574349906295538,
      "thresh_perc": 144.14856302513664,
      "duration": 1349.9989558731613,
      "totduration": 1994.4959348067641
    }
  },
  "IDrest_175": {
    "holding": {
      "delay": 0.0,
      "amp": 0.01211861614137888,
      "duration": 1994.4959348067641,
      "totduration": 1994.4959348067641
    },
    "step": {
      "delay": 399.9869869257964,
      "amp": 0.19585642572492365,
      "thresh_perc": 170.3380373112761,
      "duration": 1349.9989558731613,
      "totduration": 1994.4959348067641
    }
  },
  "IDrest_200": {
    "holding": {
      "delay": 0.0,
      "amp": 0.01211861614137888,
      "duration": 1994.4959348067641,
      "totduration": 1994.4959348067641
    },
    "step": {
      "delay": 399.9869869257964,
      "amp": 0.22609175797551867,
      "thresh_perc": 196.63396880271503,
      "duration": 1349.9989558731613,
      "totduration": 1994.4959348067641
    }
  },
  "IDrest_225": {
    "holding": {
      "delay": 0.0,
      "amp": 0.01211861614137888,
      "duration": 1994.4959348067641,
      "totduration": 1994.4959348067641
    },
    "step": {
      "delay": 399.9869869257964,
      "amp": 0.25626588519662613,
      "thresh_perc": 222.8766697475538,
      "duration": 1349.9989558731613,
      "totduration": 1994.4959348067641
    }
  },
  "IDrest_250": {
    "holding": {
      "delay": 0.0,
      "amp": 0.012179821263998747,
      "duration": 1994.4959348067641,
      "totduration": 1994.4959348067641
    },
    "step": {
      "delay": 399.9869869257964,
      "amp": 0.2862564031966031,
      "thresh_perc": 248.9596841554619,
      "duration": 1349.9989558731613,
      "totduration": 1994.4959348067641
    }
  },
  "IDrest_275": {
    "holding": {
      "delay": 0.0,
      "amp": 0.012241026386618614,
      "duration": 1994.4959348067641,
      "totduration": 1994.4959348067641
    },
    "step": {
      "delay": 399.9869869257964,
      "amp": 0.3163081262260675,
      "thresh_perc": 275.09592910997014,
      "duration": 1349.9989558731613,
      "totduration": 1994.4959348067641
    }
  },
  "IDrest_300": {
    "holding": {
      "delay": 0.0,
      "amp": 0.012241026386618614,
      "duration": 1994.4959348067641,
      "totduration": 1994.4959348067641
    },
    "step": {
      "delay": 399.9869869257964,
      "amp": 0.34648225642740726,
      "thresh_perc": 301.33863264674284,
      "duration": 1349.9989558731613,
      "totduration": 1994.4959348067641
    }
  },
  "IV_-140": {
    "holding": {
      "delay": 0.0,
      "amp": 0.011996205896139145,
      "duration": 3800.8318757638335,
      "totduration": 3800.8318757638335
    },
    "step": {
      "delay": 399.9869869257964,
      "amp": -0.15680755004286767,
      "thresh_perc": -136.37689042383448,
      "duration": 3000.0249019394687,
      "totduration": 3800.8318757638335
    }
  },
  "IV_-120": {
    "holding": {
      "delay": 0.0,
      "amp": 0.011996205896139145,
      "duration": 3800.8318757638335,
      "totduration": 3800.8318757638335
    },
    "step": {
      "delay": 399.9869869257964,
      "amp": -0.14472973570227624,
      "thresh_perc": -125.87271022054732,
      "duration": 3000.0249019394687,
      "totduration": 3800.8318757638335
    }
  },
  "IV_-100": {
    "holding": {
      "delay": 0.0,
      "amp": 0.011996205896139145,
      "duration": 3800.8318757638335,
      "totduration": 3800.8318757638335
    },
    "step": {
      "delay": 399.9869869257964,
      "amp": -0.1206557162106037,
      "thresh_perc": -104.93532603605144,
      "duration": 3000.0249019394687,
      "totduration": 3800.8318757638335
    }
  },
  "IV_-80": {
    "holding": {
      "delay": 0.0,
      "amp": 0.011996205896139145,
      "duration": 3800.8318757638335,
      "totduration": 3800.8318757638335
    },
    "step": {
      "delay": 399.9869869257964,
      "amp": -0.09650009026130041,
      "thresh_perc": -83.92696800541651,
      "duration": 3000.0249019394687,
      "totduration": 3800.8318757638335
    }
  },
  "IV_-60": {
    "holding": {
      "delay": 0.0,
      "amp": 0.011996205896139145,
      "duration": 3800.8318757638335,
      "totduration": 3800.8318757638335
    },
    "step": {
      "delay": 399.9869869257964,
      "amp": -0.07238526890675229,
      "thresh_perc": -62.954098085820824,
      "duration": 3000.0249019394687,
      "totduration": 3800.8318757638335
    }
  },
  "IV_-40": {
    "holding": {
      "delay": 0.0,
      "amp": 0.011996205896139145,
      "duration": 3800.8318757638335,
      "totduration": 3800.8318757638335
    },
    "step": {
      "delay": 399.9869869257964,
      "amp": -0.048229643516242496,
      "thresh_perc": -41.94574054117347,
      "duration": 3000.0249019394687,
      "totduration": 3800.8318757638335
    }
  },
  "IV_-20": {
    "holding": {
      "delay": 0.0,
      "amp": 0.011996205896139145,
      "duration": 3800.8318757638335,
      "totduration": 3800.8318757638335
    },
    "step": {
      "delay": 399.9869869257964,
      "amp": -0.02411482166498899,
      "thresh_perc": -20.9728701895888,
      "duration": 3000.0249019394687,
      "totduration": 3800.8318757638335
    }
  },
  "IV_0": {
    "holding": {
      "delay": 0.0,
      "amp": 0.011996205896139145,
      "duration": 3800.8318757638335,
      "totduration": 3800.8318757638335
    },
    "step": {
      "delay": 399.9869869257964,
      "amp": -4.080366343259775e-05,