{
  "firepattern_120": {
    "holding": {
      "delay": 0.0,
      "amp": 0.011996205896139145,
      "duration": 4578.559850342572,
      "totduration": 4578.559850342572
    },
    "step": {
      "delay": 499.99598365684506,
      "amp": 0.1445665217936039,
      "thresh_perc": 125.73076166429112,
      "duration": 3599.980882328964,
      "totduration": 4578.559850342572
    }
  },
  "firepattern_200": {
    "holding": {
      "delay": 0.0,
      "amp": 0.011996205896139145,
      "duration": 4578.559850342572,
      "totduration": 4578.559850342572
    },
    "step": {
      "delay": 499.99598365684506,
      "amp": 0.24127062335610389,
      "thresh_perc": 209.8351600731628,
      "duration": 3599.980882328964,
      "totduration": 4578.559850342572
    }
  },
  "IDrest_50": {
    "holding": {
      "delay": 0.0,
      "amp": 0.011996205896139145,
      "duration": 1994.4959348067641,
      "totduration": 1994.4959348067641
    },
    "step": {
      "delay": 399.9869869257964,
      "amp": 0.0603482611477375,
      "thresh_perc": 52.48540772152883,
      "duration": 1349.9989558731613,
      "totduration": 1994.4959348067641
    }
  },
  "IDrest_75": {
    "holding": {
      "delay": 0.0,
      "amp": 0.01211861614137888,
      "duration": 1994.4959348067641,
      "totduration": 1994.4959348067641
    },
    "step": {
      "delay": 399.9869869257964,
      "amp": 0.09046118464320899,
      "thresh_perc": 78.6748792537385,
      "duration": 1349.9989558731613,
      "totduration": 1994.4959348067641
    }
  },
  "IDrest_100": {
    "holding": {
      "delay": 0.0,
      "amp": 0.01211861614137888,
      "duration": 1994.4959348067641,
      "totduration": 1994.4959348067641
    },
    "step": {
      "delay": 399.9869869257964,
      "amp": 0.12057411130517717,
      "thresh_perc": 104.8643535398779,
      "duration": 1349.9989558731613,
      "totduration": 1994.4959348067641
    }
  },
  "IDrest_125": {
    "holding": {
      "delay": 0.0,
      "amp": 0.01211861614137888,
      "duration": 1994.4959348067641,
      "totduration": 1994.4959348067641
    },
    "step": {
      "delay": 399.9869869257964,
      "amp": 0.15068703945726156,
      "thresh_perc": 131.0538291219843,
      "duration": 1349.9989558731613,
      "totduration": 1994.4959348067641
    }
  },
  "IDrest_150": {
    "holding": {
      "delay": 0.0,
      "amp": 0.01211861614137888,
      "duration": 1994.4959348067641,
      "totduration": 1994.4959348067641
    },
    "step": {
      "delay": 399.9869869257964,
      "amp": 0.16574349906295538,
      "thresh_perc": 144.14856302513664,
      "duration": 1349.9989558731613,
      "totduration": 1994.4959348067641
    }
  },
  "IDrest_175": {
    "holding": {
      "delay": 0.0,
      "amp": 0.01211861614137888,
      "duration": 1994.4959348067641,
      "totduration": 1994.4959348067641
    },
    "step": {
      "delay": 399.9869869257964,
      "amp": 0.19585642572492365,
      "thresh_perc": 170.3380373112761,
      "duration": 1349.9989558731613,
      "totduration": 1994.4959348067641
    }
  },
  "IDrest_200": {
    "holding": {
      "delay": 0.0,
      "amp": 0.01211861614137888,
      "duration": 1994.4959348067641,
      "totduration": 1994.4959348067641
    },
    "step": {
      "delay": 399.9869869257964,
      "amp": 0.22609175797551867,
      "thresh_perc": 196.63396880271503,
      "duration": 1349.9989558731613,
      "totduration": 1994.4959348067641
    }
  },
  "IDrest_225": {
    "holding": {
      "delay": 0.0,
      "amp": 0.01211861614137888,
      "duration": 1994.4959348067641,
      "totduration": 1994.4959348067641
    },
    "step": {
      "delay": 399.9869869257964,
      "amp": 0.25626588519662613,
      "thresh_perc": 222.8766697475538,
      "duration": 1349.9989558731613,
      "totduration": 1994.4959348067641
    }
  },
  "IDrest_250": {
    "holding": {
      "delay": 0.0,
      "amp": 0.012179821263998747,
      "duration": 1994.4959348067641,
      "totduration": 1994.4959348067641
    },
    "step": {
      "delay": 399.9869869257964,
      "amp": 0.2862564031966031,
      "thresh_perc": 248.9596841554619,
      "duration": 1349.9989558731613,
      "totduration": 1994.4959348067641
    }
  },
  "IDrest_275": {
    "holding": {
      "delay": 0.0,
      "amp": 0.012241026386618614,
      "duration": 1994.4959348067641,
      "totduration": 1994.4959348067641
    },
    "step": {
      "delay": 399.9869869257964,
      "amp": 0.3163081262260675,
      "thresh_perc": 275.09592910997014,
      "duration": 1349.9989558731613,
      "totduration": 1994.4959348067641
    }
  },
  "IDrest_300": {
    "holding": {
      "delay": 0.0,
      "amp": 0.012241026386618614,
      "duration": 1994.4959348067641,
      "totduration": 1994.4959348067641
    },
    "step": {
      "delay": 399.9869869257964,
      "amp": 0.34648225642740726,
      "thresh_perc": 301.33863264674284,
      "duration": 1349.9989558731613,
      "totduration": 1994.4959348067641
    }
  },
  "IV_-140": {
    "holding": {
      "delay": 0.0,
      "amp": 0.011996205896139145,
      "duration": 3800.8318757638335,
      "totduration": 3800.8318757638335
    },
    "step": {
      "delay": 399.9869869257964,
      "amp": -0.15680755004286767,
      "thresh_perc": -136.37689042383448,
      "duration": 3000.0249019394687,
      "totduration": 3800.8318757638335
    }
  },
  "IV_-120": {
    "holding": {
      "delay": 0.0,
      "amp": 0.011996205896139145,
      "duration": 3800.8318757638335,
      "totduration": 3800.8318757638335
    },
    "step": {
      "delay": 399.9869869257964,
      "amp": -0.13269272521138192,
      "thresh_perc": -115.4040174803159,
      "duration": 3000.0249019394687,
      "totduration": 3800.8318757638335
    }
  },
  "IV_-100": {
    "holding": {
      "delay": 0.0,
      "amp": 0.011996205896139145,
      "duration": 3800.8318757638335,
      "totduration": 3800.8318757638335
    },
    "step": {
      "delay": 399.9869869257964,
      "amp": -0.10857790261507036,
      "thresh_perc": -94.43114648074776,
      "duration": 3000.0249019394687,
      "totduration": 3800.8318757638335
    }
  },
  "IV_-80": {
    "holding": {
      "delay": 0.0,
      "amp": 0.011996205896139145,
      "duration": 3800.8318757638335,
      "totduration": 3800.8318757638335
    },
    "step": {
      "delay": 399.9869869257964,
      "amp": -0.08446308188140392,
      "thresh_perc": -73.4582771011383,
      "duration": 3000.0249019394687,
      "totduration": 3800.8318757638335
    }
  },
  "IV_-60": {
    "holding": {
      "delay": 0.0,
      "amp": 0.011996205896139145,
      "duration": 3800.8318757638335,
      "totduration": 3800.8318757638335
    },
    "step": {
      "delay": 399.9869869257964,
      "amp": -0.060287054255604745,
      "thresh_perc": -52.432175554969945,
      "duration": 3000.0249019394687,
      "totduration": 3800.8318757638335
    }
  },
  "IV_-40": {
    "holding": {
      "delay": 0.0,
      "amp": 0.011996205896139145,
      "duration": 3800.8318757638335,
      "totduration": 3800.8318757638335
    },
    "step": {
      "delay": 399.9869869257964,
      "amp": -0.03617223249748349,
      "thresh_perc": -31.459305284383202,
      "duration": 3000.0249019394687,
      "totduration": 3800.8318757638335
    }
  },
  "IV_-20": {
    "holding": {
      "delay": 0.0,
      "amp": 0.011996205896139145,
      "duration": 3800.8318757638335,
      "totduration": 3800.8318757638335
    },
    "step": {
      "delay": 399.9869869257964,
      "amp": -0.02411482203751802,
      "thresh_perc": -20.97287051358054,
      "duration": 3000.0249019394687,
      "totduration": 3800.8318757638335
    }
  },
  "IV_0": {
    "holding": {
      "delay": 0.0,
      "amp": 0.011996205896139145,
      "duration": 3800.8318757638335,
      "totduration": 3800.8318757638335
    },
    "step": {
      "delay": 399.9869869257964,
      "amp": 0.0,
      "thresh_perc": 0.0,