{
    "Step3": {
        "soma": {
            "AP_height": [
                14.23157684093284,
                2.846315368186568
            ],
            "AHP_slow_time": [
                0.22715228935016865,
                0.04543045787003373
            ],
            "ISI_CV": [
                0.10662892037974113,
                0.021325784075948227
            ],
            "doublet_ISI": [
                17.300000000003934,
                3.460000000000787
            ],
            "adaptation_index2": [
                0.009373849623647972,
                0.0018747699247295944
            ],
            "mean_frequency": [
                15.581021310826822,
                3.1162042621653647
            ],
            "AHP_depth_abs_slow": [
                -56.35067563185448,
                11.270135126370896
            ],
            "AP_width": [
                0.8225806451607256,
                0.16451612903214513
            ],
            "time_to_first_spike": [
                10.500000000092996,
                2.1000000000185994
            ],
            "AHP_depth_abs": [
                -57.1918229602552,
                11.438364592051041
            ]
        }
    },
    "Step2": {
        "soma": {
            "AP_height": [
                22.935199645391243,
                4.587039929078249
            ],
            "AHP_slow_time": [
                0.1678042918737892,
                0.03356085837475784
            ],
            "ISI_CV": [
                0.04825445879205031,
                0.009650891758410062
            ],
            "doublet_ISI": [
                37.800000000008595,
                7.560000000001719
            ],
            "adaptation_index2": [
                0.0027473266078722183,
                0.0005494653215744437
            ],
            "mean_frequency": [
                9.485166253892617,
                1.8970332507785235
            ],
            "AHP_depth_abs_slow": [
                -60.8840159659818,
                12.176803193196362
            ],
            "AP_width": [
                0.8333333333327901,
                0.16666666666655805
            ],
            "time_to_first_spike": [
                22.70000000009577,
                4.5400000000191545
            ],
            "AHP_depth_abs": [
                -60.730397894520934,
                12.146079578904187
            ]
        }
    },
    "Step1": {
        "soma": {
            "AP_height": [
                24.375251498615757,
                4.875050299723152
            ],
            "AHP_slow_time": [
                0.1557739461652721,
                0.03115478923305442
            ],
            "ISI_CV": [
                0.031065609524625126,
                0.006213121904925026
            ],
            "doublet_ISI": [
                53.70000000001221,
                10.740000000002443
            ],
            "adaptation_index2": [
                -0.0012432115261789274,
                0.00024864230523578547
            ],
            "mean_frequency": [
                7.700205338814224,
                1.5400410677628449
            ],
            "AHP_depth_abs_slow": [
                -62.11787829835873,
                12.423575659671748
            ],
            "AP_width": [
                0.8599999999994224,
                0.1719999999998845
            ],
            "time_to_first_spike": [
                32.70000000009804,
                6.540000000019609
            ],
            "AHP_depth_abs": [
                -61.9508977169947,
                12.390179543398942
            ]
        },
        "MEA": {
            "peak_to_valley_0": [
                0.00143,
                0.000286
            ],
            "peak_to_valley_1": [
                0.001435,
                0.00028700000000000004
            ],
            "peak_to_valley_2": [
                0.0013900000000000002,
                0.00027800000000000004
            ],
            "peak_to_valley_3": [
                0.00168,
                0.00033600000000000004
            ],
            "peak_to_valley_4": [
                0.0016350000000000002,
                0.00032700000000000003
            ],
            "peak_to_valley_5": [
                0.00176,
                0.00035200000000000005
            ],
            "peak_to_valley_6": [
                0.00144,
                0.000288
            ],
            "peak_to_valley_7": [
                -0.000715,
                0.000143
            ],
            "peak_to_valley_8": [
                -0.0011200000000000001,
                0.00022400000000000002
            ],
            "peak_to_valley_9": [
                -0.0014500000000000001,
                0.00029000000000000006
            ],
            "peak_to_valley_10": [
                -0.002,
                0.0004
            ],
            "peak_to_valley_11": [
                -0.0039000000000000003,
                0.0007800000000000001
            ],
            "peak_to_valley_12": [
                -0.00583,
                0.0011660000000000002
            ],
            "peak_to_valley_13": [
                -0.00704,
                0.0014080000000000002
            ],
            "peak_to_valley_14": [
                -0.009925000000000002,
                0.0019850000000000002
            ],
            "peak_to_valley_15": [
                -0.009930000000000001,
                0.0019860000000000004
            ],
            "peak_to_valley_16": [
                -0.009930000000000001,
                0.0019860000000000004
            ],
            "peak_to_valley_17": [
                -0.01,
                0.002
            ],
            "peak_to_valley_18": [
                -0.0055450000000000004,
                0.0011090000000000002
            ],
            "peak_to_valley_19": [
                -0.004945000000000001,
                0.000989
            ],
            "peak_trough_ratio_0": [
                -0.4784385854872247,
                0.09568771709744495
            ],
            "peak_trough_ratio_1": [
                -0.5168654325149254,
                0.1033730865029851
            ],
            "peak_trough_ratio_2": [
                -0.5711935561232678,
                0.11423871122465357
            ],
            "peak_trough_ratio_3": [
                -0.6124180781721177,
                0.12248361563442355
            ],
            "peak_trough_ratio_4": [
                -0.6367546092508349,
                0.127350921850167
            ],
            "peak_trough_ratio_5": [
                -0.602509587825123,
                0.1205019175650246
            ],
            "peak_trough_ratio_6": [
                -0.41617665984028845,
                0.0832353319680577
            ],
            "peak_trough_ratio_7": [
                -0.3535756171075167,
                0.07071512342150335
            ],
            "peak_trough_ratio_8": [
                -0.9258929534482973,
                0.18517859068965947
            ],
            "peak_trough_ratio_9": [
                -1.2336825431334852,
                0.24673650862669705
            ],
            "peak_trough_ratio_10": [
                -1.7150987119110237,
                0.3430197423822048
            ],
            "peak_trough_ratio_11": [
                -2.161371330738869,
                0.43227426614777387
            ],
            "peak_trough_ratio_12": [
                -2.190246627725013,
                0.43804932554500264
            ],
            "peak_trough_ratio_13": [
                -2.323709549772835,
                0.464741909954567
            ],
            "peak_trough_ratio_14": [
                -2.525574126021035,
                0.505114825204207
            ],
            "peak_trough_ratio_15": [
                -2.936131018595953,
                0.5872262037191905
            ],