{
    "Step3": {
        "soma": {
            "AP_height": [
                14.449276881384023,
                2.8898553762768047
            ],
            "AHP_slow_time": [
                0.22872091721470314,
                0.04574418344294063
            ],
            "ISI_CV": [
                0.10676058162396482,
                0.021352116324792964
            ],
            "doublet_ISI": [
                17.300000000003934,
                3.460000000000787
            ],
            "adaptation_index2": [
                0.009376779196501444,
                0.0018753558393002888
            ],
            "mean_frequency": [
                15.581021310826822,
                3.1162042621653647
            ],
            "AHP_depth_abs_slow": [
                -56.351887698478244,
                11.27037753969565
            ],
            "AP_width": [
                0.8354838709671728,
                0.16709677419343458
            ],
            "time_to_first_spike": [
                10.500000000092996,
                2.1000000000185994
            ],
            "AHP_depth_abs": [
                -57.19499748259522,
                11.438999496519045
            ]
        }
    },
    "Step2": {
        "soma": {
            "AP_height": [
                22.77009046740802,
                4.554018093481605
            ],
            "AHP_slow_time": [
                0.1679120898692934,
                0.033582417973858684
            ],
            "ISI_CV": [
                0.04760912740725382,
                0.009521825481450766
            ],
            "doublet_ISI": [
                37.800000000008595,
                7.560000000001719
            ],
            "adaptation_index2": [
                0.00262463889090274,
                0.000524927778180548
            ],
            "mean_frequency": [
                9.486166007911471,
                1.8972332015822944
            ],
            "AHP_depth_abs_slow": [
                -60.88599567837011,
                12.177199135674023
            ],
            "AP_width": [
                0.8611111111105489,
                0.1722222222221098
            ],
            "time_to_first_spike": [
                22.70000000009577,
                4.5400000000191545
            ],
            "AHP_depth_abs": [
                -60.733579253646425,
                12.146715850729287
            ]
        }
    },
    "Step1": {
        "soma": {
            "AP_height": [
                24.773559374812503,
                4.954711874962501
            ],
            "AHP_slow_time": [
                0.15647054615747338,
                0.03129410923149468
            ],
            "ISI_CV": [
                0.03081832552937916,
                0.006163665105875832
            ],
            "doublet_ISI": [
                53.70000000001221,
                10.740000000002443
            ],
            "adaptation_index2": [
                -0.0010958238309925216,
                0.00021916476619850435
            ],
            "mean_frequency": [
                7.700600646855644,
                1.5401201293711289
            ],
            "AHP_depth_abs_slow": [
                -62.11861908948158,
                12.423723817896317
            ],
            "AP_width": [
                0.8599999999994224,
                0.1719999999998845
            ],
            "time_to_first_spike": [
                32.70000000009804,
                6.540000000019609
            ],
            "AHP_depth_abs": [
                -61.951318171691646,
                12.39026363433833
            ]
        },
        "MEA": {
            "peak_to_valley_0": [
                0.001445,
                0.00028900000000000003
            ],
            "peak_to_valley_1": [
                0.001445,
                0.00028900000000000003
            ],
            "peak_to_valley_2": [
                0.0013950000000000002,
                0.00027900000000000006
            ],
            "peak_to_valley_3": [
                0.0013000000000000002,
                0.00026000000000000003
            ],
            "peak_to_valley_4": [
                0.0016500000000000002,
                0.00033000000000000005
            ],
            "peak_to_valley_5": [
                0.001765,
                0.000353
            ],
            "peak_to_valley_6": [
                0.001415,
                0.000283
            ],
            "peak_to_valley_7": [
                -0.00072,
                0.000144
            ],
            "peak_to_valley_8": [
                -0.0011300000000000001,
                0.00022600000000000005
            ],
            "peak_to_valley_9": [
                -0.001445,
                0.00028900000000000003
            ],
            "peak_to_valley_10": [
                -0.002,
                0.0004
            ],
            "peak_to_valley_11": [
                -0.0039000000000000003,
                0.0007800000000000001
            ],
            "peak_to_valley_12": [
                -0.005855000000000001,
                0.0011710000000000002
            ],
            "peak_to_valley_13": [
                -0.007065000000000001,
                0.0014130000000000002
            ],
            "peak_to_valley_14": [
                -0.009945,
                0.0019890000000000003
            ],
            "peak_to_valley_15": [
                -0.00995,
                0.00199
            ],
            "peak_to_valley_16": [
                -0.00995,
                0.00199
            ],
            "peak_to_valley_17": [
                -0.010020000000000001,
                0.002004
            ],
            "peak_to_valley_18": [
                -0.0055450000000000004,
                0.0011090000000000002
            ],
            "peak_to_valley_19": [
                -0.010020000000000001,
                0.002004
            ],
            "peak_trough_ratio_0": [
                -0.4354924162214511,
                0.08709848324429022
            ],
            "peak_trough_ratio_1": [
                -0.468128046380082,
                0.0936256092760164
            ],
            "peak_trough_ratio_2": [
                -0.514249276367843,
                0.1028498552735686
            ],
            "peak_trough_ratio_3": [
                -0.5865191742783149,
                0.11730383485566298
            ],
            "peak_trough_ratio_4": [
                -0.61179480180343,
                0.12235896036068601
            ],
            "peak_trough_ratio_5": [
                -0.5819905974041053,
                0.11639811948082107
            ],
            "peak_trough_ratio_6": [
                -0.39801840019320484,
                0.07960368003864098
            ],
            "peak_trough_ratio_7": [
                -0.3832524226439031,
                0.07665048452878062
            ],
            "peak_trough_ratio_8": [
                -0.9681777666516919,
                0.19363555333033838
            ],
            "peak_trough_ratio_9": [
                -1.2526828866306798,
                0.250536577326136
            ],
            "peak_trough_ratio_10": [
                -1.7217198419454385,
                0.3443439683890877
            ],
            "peak_trough_ratio_11": [
                -2.163371337144379,
                0.43267426742887577
            ],
            "peak_trough_ratio_12": [
                -2.223235169260007,
                0.44464703385200144
            ],
            "peak_trough_ratio_13": [
                -2.3818488534680893,
                0.47636977069361786
            ],
            "peak_trough_ratio_14": [
                -2.6076933510912697,
                0.521538670218254
            ],
            "peak_trough_ratio_15": [
                -3.046051842822395,
                0.609210368564479
            ],