{
    "Step3": {
        "soma": {
            "AP_height": [
                14.23157684093284,
                2.846315368186568
            ],
            "AHP_slow_time": [
                0.22715228935016865,
                0.04543045787003373
            ],
            "ISI_CV": [
                0.10662892037974113,
                0.021325784075948227
            ],
            "doublet_ISI": [
                17.300000000003934,
                3.460000000000787
            ],
            "adaptation_index2": [
                0.009373849623647972,
                0.0018747699247295944
            ],
            "mean_frequency": [
                15.581021310826822,
                3.1162042621653647
            ],
            "AHP_depth_abs_slow": [
                -56.35067563185448,
                11.270135126370896
            ],
            "AP_width": [
                0.8225806451607256,
                0.16451612903214513
            ],
            "time_to_first_spike": [
                10.500000000092996,
                2.1000000000185994
            ],
            "AHP_depth_abs": [
                -57.1918229602552,
                11.438364592051041
            ]
        }
    },
    "Step2": {
        "soma": {
            "AP_height": [
                22.935199645391243,
                4.587039929078249
            ],
            "AHP_slow_time": [
                0.1678042918737892,
                0.03356085837475784
            ],
            "ISI_CV": [
                0.04825445879205031,
                0.009650891758410062
            ],
            "doublet_ISI": [
                37.800000000008595,
                7.560000000001719
            ],
            "adaptation_index2": [
                0.0027473266078722183,
                0.0005494653215744437
            ],
            "mean_frequency": [
                9.485166253892617,
                1.8970332507785235
            ],
            "AHP_depth_abs_slow": [
                -60.8840159659818,
                12.176803193196362
            ],
            "AP_width": [
                0.8333333333327901,
                0.16666666666655805
            ],
            "time_to_first_spike": [
                22.70000000009577,
                4.5400000000191545
            ],
            "AHP_depth_abs": [
                -60.730397894520934,
                12.146079578904187
            ]
        }
    },
    "Step1": {
        "soma": {
            "AP_height": [
                24.375251498615757,
                4.875050299723152
            ],
            "AHP_slow_time": [
                0.1557739461652721,
                0.03115478923305442
            ],
            "ISI_CV": [
                0.031065609524625126,
                0.006213121904925026
            ],
            "doublet_ISI": [
                53.70000000001221,
                10.740000000002443
            ],
            "adaptation_index2": [
                -0.0012432115261789274,
                0.00024864230523578547
            ],
            "mean_frequency": [
                7.700205338814224,
                1.5400410677628449
            ],
            "AHP_depth_abs_slow": [
                -62.11787829835873,
                12.423575659671748
            ],
            "AP_width": [
                0.8599999999994224,
                0.1719999999998845
            ],
            "time_to_first_spike": [
                32.70000000009804,
                6.540000000019609
            ],
            "AHP_depth_abs": [
                -61.9508977169947,
                12.390179543398942
            ]
        }
    }
}