{
    "Step3": {
        "soma": {
            "AP_height": [
                14.449276881384023,
                2.8898553762768047
            ],
            "AHP_slow_time": [
                0.22872091721470314,
                0.04574418344294063
            ],
            "ISI_CV": [
                0.10676058162396482,
                0.021352116324792964
            ],
            "doublet_ISI": [
                17.300000000003934,
                3.460000000000787
            ],
            "adaptation_index2": [
                0.009376779196501444,
                0.0018753558393002888
            ],
            "mean_frequency": [
                15.581021310826822,
                3.1162042621653647
            ],
            "AHP_depth_abs_slow": [
                -56.351887698478244,
                11.27037753969565
            ],
            "AP_width": [
                0.8354838709671728,
                0.16709677419343458
            ],
            "time_to_first_spike": [
                10.500000000092996,
                2.1000000000185994
            ],
            "AHP_depth_abs": [
                -57.19499748259522,
                11.438999496519045
            ]
        }
    },
    "Step2": {
        "soma": {
            "AP_height": [
                22.77009046740802,
                4.554018093481605
            ],
            "AHP_slow_time": [
                0.1679120898692934,
                0.033582417973858684
            ],
            "ISI_CV": [
                0.04760912740725382,
                0.009521825481450766
            ],
            "doublet_ISI": [
                37.800000000008595,
                7.560000000001719
            ],
            "adaptation_index2": [
                0.00262463889090274,
                0.000524927778180548
            ],
            "mean_frequency": [
                9.486166007911471,
                1.8972332015822944
            ],
            "AHP_depth_abs_slow": [
                -60.88599567837011,
                12.177199135674023
            ],
            "AP_width": [
                0.8611111111105489,
                0.1722222222221098
            ],
            "time_to_first_spike": [
                22.70000000009577,
                4.5400000000191545
            ],
            "AHP_depth_abs": [
                -60.733579253646425,
                12.146715850729287
            ]
        }
    },
    "Step1": {
        "soma": {
            "AP_height": [
                24.773559374812503,
                4.954711874962501
            ],
            "AHP_slow_time": [
                0.15647054615747338,
                0.03129410923149468
            ],
            "ISI_CV": [
                0.03081832552937916,
                0.006163665105875832
            ],
            "doublet_ISI": [
                53.70000000001221,
                10.740000000002443
            ],
            "adaptation_index2": [
                -0.0010958238309925216,
                0.00021916476619850435
            ],
            "mean_frequency": [
                7.700600646855644,
                1.5401201293711289
            ],
            "AHP_depth_abs_slow": [
                -62.11861908948158,
                12.423723817896317
            ],
            "AP_width": [
                0.8599999999994224,
                0.1719999999998845
            ],
            "time_to_first_spike": [
                32.70000000009804,
                6.540000000019609
            ],
            "AHP_depth_abs": [
                -61.951318171691646,
                12.39026363433833
            ]
        }
    }
}