{
  "firepattern_120": {
    "holding": {
      "delay": 0.0,
      "amp": 0.0,
      "duration": 4095.6250000149,
      "totduration": 4095.6250000149
    },
    "step": {
      "delay": 250.0000000009095,
      "amp": 0.18,
      "thresh_perc": 120.0,
      "duration": 3600.0000000130967,
      "totduration": 4095.6250000149
    }
  },
  "firepattern_200": {
    "holding": {
      "delay": 0.0,
      "amp": 0.0,
      "duration": 4091.4000000148844,
      "totduration": 4091.4000000148844
    },
    "step": {
      "delay": 250.0000000009095,
      "amp": 0.3,
      "thresh_perc": 200.0,
      "duration": 3600.0000000130967,
      "totduration": 4091.4000000148844
    }
  },
  "IDrest_50": {
    "holding": {
      "delay": 0.0,
      "amp": 0.0,
      "duration": 1840.7999999993722,
      "totduration": 1840.7999999993722
    },
    "step": {
      "delay": 249.99999999991473,
      "amp": 0.075,
      "thresh_perc": 50.0,
      "duration": 1349.9999999995396,
      "totduration": 1840.7999999993722
    }
  },
  "IDrest_75": {
    "holding": {
      "delay": 0.0,
      "amp": 0.0,
      "duration": 1838.9499999993727,
      "totduration": 1838.9499999993727
    },
    "step": {
      "delay": 249.99999999991473,
      "amp": 0.1124999999999999,
      "thresh_perc": 74.99999999999994,
      "duration": 1349.9999999995396,
      "totduration": 1838.9499999993727
    }
  },
  "IDrest_100": {
    "holding": {
      "delay": 0.0,
      "amp": 0.0,
      "duration": 1848.6249999993695,
      "totduration": 1848.6249999993695
    },
    "step": {
      "delay": 249.99999999991473,
      "amp": 0.15,
      "thresh_perc": 100.0,
      "duration": 1349.9999999995396,
      "totduration": 1848.6249999993695
    }
  },
  "IDrest_125": {
    "holding": {
      "delay": 0.0,
      "amp": 0.0,
      "duration": 1839.7249999993726,
      "totduration": 1839.7249999993726
    },
    "step": {
      "delay": 249.99999999991473,
      "amp": 0.1875,
      "thresh_perc": 125.0,
      "duration": 1349.9999999995396,
      "totduration": 1839.7249999993726
    }
  },
  "IDrest_150": {
    "holding": {
      "delay": 0.0,
      "amp": 0.0,
      "duration": 1838.1249999993731,
      "totduration": 1838.1249999993731
    },
    "step": {
      "delay": 249.99999999991473,
      "amp": 0.2249999999999999,
      "thresh_perc": 149.99999999999994,
      "duration": 1349.9999999995396,
      "totduration": 1838.1249999993731
    }
  },
  "IDrest_175": {
    "holding": {
      "delay": 0.0,
      "amp": 0.0,
      "duration": 1839.1999999993727,
      "totduration": 1839.1999999993727
    },
    "step": {
      "delay": 249.99999999991473,
      "amp": 0.2625,
      "thresh_perc": 175.0,
      "duration": 1349.9999999995396,
      "totduration": 1839.1999999993727
    }
  },
  "IDrest_200": {
    "holding": {
      "delay": 0.0,
      "amp": 0.0,
      "duration": 1840.1749999993724,
      "totduration": 1840.1749999993724
    },
    "step": {
      "delay": 249.99999999991473,
      "amp": 0.3,
      "thresh_perc": 200.0,
      "duration": 1349.9999999995396,
      "totduration": 1840.1749999993724
    }
  },
  "IDrest_225": {
    "holding": {
      "delay": 0.0,
      "amp": 0.0,
      "duration": 1845.0749999993707,
      "totduration": 1845.0749999993707
    },
    "step": {
      "delay": 249.99999999991473,
      "amp": 0.3374999999999999,
      "thresh_perc": 224.99999999999997,
      "duration": 1349.9999999995396,
      "totduration": 1845.0749999993707
    }
  },
  "IDrest_250": {
    "holding": {
      "delay": 0.0,
      "amp": 0.0,
      "duration": 1832.274999999375,
      "totduration": 1832.274999999375
    },
    "step": {
      "delay": 249.99999999991473,
      "amp": 0.375,
      "thresh_perc": 250.0,
      "duration": 1349.9999999995396,
      "totduration": 1832.274999999375
    }
  },
  "IDrest_275": {
    "holding": {
      "delay": 0.0,
      "amp": 0.0,
      "duration": 1841.9999999993718,
      "totduration": 1841.9999999993718
    },
    "step": {
      "delay": 249.99999999991473,
      "amp": 0.4125,
      "thresh_perc": 275.0,
      "duration": 1349.9999999995396,
      "totduration": 1841.9999999993718
    }
  },
  "IDrest_300": {
    "holding": {
      "delay": 0.0,
      "amp": 0.0,
      "duration": 1841.724999999372,
      "totduration": 1841.724999999372
    },
    "step": {
      "delay": 249.99999999991473,
      "amp": 0.44999999999999996,
      "thresh_perc": 299.99999999999994,
      "duration": 1349.9999999995396,
      "totduration": 1841.724999999372
    }
  },
  "IV_-140": {
    "holding": {
      "delay": 0.0,
      "amp": 0.0,
      "duration": 3488.700000012692,
      "totduration": 3488.700000012692
    },
    "step": {
      "delay": 250.0000000009095,
      "amp": -0.21,
      "thresh_perc": -140.0,
      "duration": 3000.000000010914,
      "totduration": 3488.700000012692
    }
  },
  "IV_-120": {
    "holding": {
      "delay": 0.0,
      "amp": 0.0,
      "duration": 3485.5250000126803,
      "totduration": 3485.5250000126803
    },
    "step": {
      "delay": 250.0000000009095,
      "amp": -0.18,
      "thresh_perc": -120.0,
      "duration": 3000.000000010914,
      "totduration": 3485.5250000126803
    }
  },
  "IV_-100": {
    "holding": {
      "delay": 0.0,
      "amp": 0.0,
      "duration": 3481.925000012667,
      "totduration": 3481.925000012667
    },
    "step": {
      "delay": 250.0000000009095,
      "amp": -0.15,
      "thresh_perc": -100.0,
      "duration": 3000.000000010914,
      "totduration": 3481.925000012667
    }
  },
  "IV_-80": {
    "holding": {
      "delay": 0.0,
      "amp": 0.0,
      "duration": 3490.0500000126967,
      "totduration": 3490.0500000126967
    },
    "step": {
      "delay": 250.0000000009095,
      "amp": -0.12,
      "thresh_perc": -80.0,
      "duration": 3000.000000010914,
      "totduration": 3490.0500000126967
    }
  },
  "IV_-60": {
    "holding": {
      "delay": 0.0,
      "amp": 0.0,
      "duration": 3493.0000000127075,
      "totduration": 3493.0000000127075
    },
    "step": {
      "delay": 250.0000000009095,
      "amp": -0.09,
      "thresh_perc": -60.0,
      "duration": 3000.000000010914,
      "totduration": 3493.0000000127075
    }
  },
  "IV_-40": {
    "holding": {
      "delay": 0.0,
      "amp": 0.0,
      "duration": 3493.72500001271,
      "totduration": 3493.72500001271
    },
    "step": {
      "delay": 250.0000000009095,
      "amp": -0.06,
      "thresh_perc": -40.0,
      "duration": 3000.000000010914,
      "totduration": 3493.72500001271
    }
  },
  "IV_-20": {
    "holding": {
      "delay": 0.0,
      "amp": 0.0,
      "duration": 3471.5000000126292,
      "totduration": 3471.5000000126292
    },
    "step": {
      "delay": 250.0000000009095,
      "amp": -0.03,
      "thresh_perc": -20.0,
      "duration": 3000.000000010914,
      "totduration": 3471.5000000126292
    }
  },
  "IV_0": {
    "holding": {
      "delay": 0.0,
      "amp": 0.0,
      "duration": 3472.1250000126315,
      "totduration": 3472.1250000126315
    },
    "step": {
      "delay": 250.0000000009095,
      "amp": -3.3306690738754695e-17,
      "thresh_perc": -2.220446049250313e-14,
      "duration": 3000.000000010914,
      "totduration": 3472.1250000126315
    }
  },
  "IV_20": {
    "holding": {
      "delay": 0.0,
      "amp": 0.0,
      "duration": 3479.5000000126583,
      "totduration": 3479.5000000126583
    },
    "step": {
      "delay": 250.0000000009095,
      "amp": 0.0299999999999999,
      "thresh_perc": 19.999999999999932,
      "duration": 3000.000000010914,
      "totduration": 3479.5000000126583
    }
  },
  "IV_40": {
    "holding": {
      "delay": 0.0,
      "amp": 0.0,
      "duration": 3489.325000012694,
      "totduration": 3489.325000012694
    },
    "step": {
      "delay": 250.0000000009095,
      "amp": 0.0599999999999999,
      "thresh_perc": 39.999999999999936,
      "duration": 3000.000000010914,