{
  "firepattern_120": {
    "holding": {
      "delay": 0.0,
      "amp": 0.0,
      "duration": 4095.6250000149,
      "totduration": 4095.6250000149
    },
    "step": {
      "delay": 250.0000000009095,
      "amp": 0.18,
      "thresh_perc": 127.65957446808513,
      "duration": 3600.0000000130967,
      "totduration": 4095.6250000149
    }
  },
  "firepattern_200": {
    "holding": {
      "delay": 0.0,
      "amp": 0.0,
      "duration": 4091.4000000148844,
      "totduration": 4091.4000000148844
    },
    "step": {
      "delay": 250.0000000009095,
      "amp": 0.3,
      "thresh_perc": 212.76595744680853,
      "duration": 3600.0000000130967,
      "totduration": 4091.4000000148844
    }
  },
  "IDrest_50": {
    "holding": {
      "delay": 0.0,
      "amp": 0.0,
      "duration": 1840.7999999993722,
      "totduration": 1840.7999999993722
    },
    "step": {
      "delay": 249.99999999991473,
      "amp": 0.075,
      "thresh_perc": 53.19148936170213,
      "duration": 1349.9999999995396,
      "totduration": 1840.7999999993722
    }
  },
  "IDrest_75": {
    "holding": {
      "delay": 0.0,
      "amp": 0.0,
      "duration": 1838.9499999993727,
      "totduration": 1838.9499999993727
    },
    "step": {
      "delay": 249.99999999991473,
      "amp": 0.1124999999999999,
      "thresh_perc": 79.78723404255314,
      "duration": 1349.9999999995396,
      "totduration": 1838.9499999993727
    }
  },
  "IDrest_100": {
    "holding": {
      "delay": 0.0,
      "amp": 0.0,
      "duration": 1848.6249999993695,
      "totduration": 1848.6249999993695
    },
    "step": {
      "delay": 249.99999999991473,
      "amp": 0.15,
      "thresh_perc": 106.38297872340426,
      "duration": 1349.9999999995396,
      "totduration": 1848.6249999993695
    }
  },
  "IDrest_125": {
    "holding": {
      "delay": 0.0,
      "amp": 0.0,
      "duration": 1844.174999999371,
      "totduration": 1844.174999999371
    },
    "step": {
      "delay": 249.99999999991473,
      "amp": 0.16875,
      "thresh_perc": 119.6808510638298,
      "duration": 1349.9999999995396,
      "totduration": 1844.174999999371
    }
  },
  "IDrest_150": {
    "holding": {
      "delay": 0.0,
      "amp": 0.0,
      "duration": 1838.9249999993729,
      "totduration": 1838.9249999993729
    },
    "step": {
      "delay": 249.99999999991473,
      "amp": 0.20624999999999996,
      "thresh_perc": 146.27659574468083,
      "duration": 1349.9999999995396,
      "totduration": 1838.9249999993729
    }
  },
  "IDrest_175": {
    "holding": {
      "delay": 0.0,
      "amp": 0.0,
      "duration": 1838.6624999993728,
      "totduration": 1838.6624999993728
    },
    "step": {
      "delay": 249.99999999991473,
      "amp": 0.24374999999999994,
      "thresh_perc": 172.8723404255319,
      "duration": 1349.9999999995396,
      "totduration": 1838.6624999993728
    }
  },
  "IDrest_200": {
    "holding": {
      "delay": 0.0,
      "amp": 0.0,
      "duration": 1839.6874999993724,
      "totduration": 1839.6874999993724
    },
    "step": {
      "delay": 249.99999999991473,
      "amp": 0.28125,
      "thresh_perc": 199.468085106383,
      "duration": 1349.9999999995396,
      "totduration": 1839.6874999993724
    }
  },
  "IDrest_225": {
    "holding": {
      "delay": 0.0,
      "amp": 0.0,
      "duration": 1842.6249999993715,
      "totduration": 1842.6249999993715
    },
    "step": {
      "delay": 249.99999999991473,
      "amp": 0.31875,
      "thresh_perc": 226.06382978723406,
      "duration": 1349.9999999995396,
      "totduration": 1842.6249999993715
    }
  },
  "IDrest_250": {
    "holding": {
      "delay": 0.0,
      "amp": 0.0,
      "duration": 1838.6749999993729,
      "totduration": 1838.6749999993729
    },
    "step": {
      "delay": 249.99999999991473,
      "amp": 0.35625,
      "thresh_perc": 252.6595744680851,
      "duration": 1349.9999999995396,
      "totduration": 1838.6749999993729
    }
  },
  "IDrest_275": {
    "holding": {
      "delay": 0.0,
      "amp": 0.0,
      "duration": 1837.1374999993734,
      "totduration": 1837.1374999993734
    },
    "step": {
      "delay": 249.99999999991473,
      "amp": 0.39375000000000004,
      "thresh_perc": 279.2553191489362,
      "duration": 1349.9999999995396,
      "totduration": 1837.1374999993734
    }
  },
  "IDrest_300": {
    "holding": {
      "delay": 0.0,
      "amp": 0.0,
      "duration": 1841.8624999993717,
      "totduration": 1841.8624999993717
    },
    "step": {
      "delay": 249.99999999991473,
      "amp": 0.4312499999999999,
      "thresh_perc": 305.8510638297872,
      "duration": 1349.9999999995396,
      "totduration": 1841.8624999993717
    }
  },
  "IV_-140": {
    "holding": {
      "delay": 0.0,
      "amp": 0.0,
      "duration": 3488.700000012692,
      "totduration": 3488.700000012692
    },
    "step": {
      "delay": 250.0000000009095,
      "amp": -0.21,
      "thresh_perc": -148.93617021276597,
      "duration": 3000.000000010914,
      "totduration": 3488.700000012692
    }
  },
  "IV_-120": {
    "holding": {
      "delay": 0.0,
      "amp": 0.0,
      "duration": 3485.5250000126803,
      "totduration": 3485.5250000126803
    },
    "step": {
      "delay": 250.0000000009095,
      "amp": -0.18,
      "thresh_perc": -127.65957446808513,
      "duration": 3000.000000010914,
      "totduration": 3485.5250000126803
    }
  },
  "IV_-100": {
    "holding": {
      "delay": 0.0,
      "amp": 0.0,
      "duration": 3481.925000012667,
      "totduration": 3481.925000012667
    },
    "step": {
      "delay": 250.0000000009095,
      "amp": -0.15,
      "thresh_perc": -106.38297872340426,
      "duration": 3000.000000010914,
      "totduration": 3481.925000012667
    }
  },
  "IV_-80": {
    "holding": {
      "delay": 0.0,
      "amp": 0.0,
      "duration": 3490.0500000126967,
      "totduration": 3490.0500000126967
    },
    "step": {
      "delay": 250.0000000009095,
      "amp": -0.12,
      "thresh_perc": -85.10638297872342,
      "duration": 3000.000000010914,
      "totduration": 3490.0500000126967
    }
  },
  "IV_-60": {
    "holding": {
      "delay": 0.0,
      "amp": 0.0,
      "duration": 3493.0000000127075,
      "totduration": 3493.0000000127075
    },
    "step": {
      "delay": 250.0000000009095,
      "amp": -0.09,
      "thresh_perc": -63.82978723404256,
      "duration": 3000.000000010914,
      "totduration": 3493.0000000127075
    }
  },
  "IV_-40": {
    "holding": {
      "delay": 0.0,
      "amp": 0.0,
      "duration": 3493.72500001271,
      "totduration": 3493.72500001271
    },
    "step": {
      "delay": 250.0000000009095,
      "amp": -0.06,
      "thresh_perc": -42.55319148936171,
      "duration": 3000.000000010914,
      "totduration": 3493.72500001271
    }
  },
  "IV_-20": {
    "holding": {
      "delay": 0.0,
      "amp": 0.0,
      "duration": 3471.5000000126292,
      "totduration": 3471.5000000126292
    },
    "step": {
      "delay": 250.0000000009095,
      "amp": -0.03,
      "thresh_perc": -21.276595744680854,
      "duration": 3000.000000010914,
      "totduration": 3471.5000000126292
    }
  },
  "IV_0": {
    "holding": {
      "delay": 0.0,
      "amp": 0.0,
      "duration": 3472.1250000126315,
      "totduration": 3472.1250000126315
    },
    "step": {
      "delay": 250.0000000009095,
      "amp": -3.3306690738754695e-17,
      "thresh_perc": -2.362176648138631e-14,
      "duration": 3000.000000010914,
      "totduration": 3472.1250000126315
    }
  },
  "IV_20": {
    "holding": {
      "delay": 0.0,
      "amp": 0.0,
      "duration": 3479.5000000126583,
      "totduration": 3479.5000000126583
    },
    "step": {
      "delay": 250.0000000009095,
      "amp": 0.0299999999999999,
      "thresh_perc": 21.27659574468078,
      "duration": 3000.000000010914,
      "totduration": 3479.5000000126583
    }
  },
  "IV_40": {
    "holding": {
      "delay": 0.0,
      "amp": 0.0,
      "duration": 3489.325000012694,