{
  "holding_current": [
    -0.08507513254880905,
    0.0
  ],
  "threshold_current": [
    0.11261744238436222,
    0.0
  ],
  "all_holding_current": {
    "cell1_010321": -0.08507513254880905
  },
  "all_threshold_current": {
    "cell1_010321": 0.11261744238436222
  }
}