{
  "firepattern_120": {
    "holding": {
      "delay": 0.0,
      "amp": -0.08507513254880905,
      "duration": 4578.59662877303,
      "totduration": 4578.59662877303
    },
    "step": {
      "delay": 500.0,
      "amp": 0.15668513625860217,
      "thresh_perc": 139.13043391967412,
      "duration": 3600.009800078401,
      "totduration": 4578.59662877303
    }
  },
  "firepattern_200": {
    "holding": {
      "delay": 0.0,
      "amp": -0.08507513254880905,
      "duration": 4578.59662877303,
      "totduration": 4578.59662877303
    },
    "step": {
      "delay": 500.0,
      "amp": 0.2613459154963494,
      "thresh_perc": 232.06522006100826,
      "duration": 3600.009800078401,
      "totduration": 4578.59662877303
    }
  },
  "IDrest_50": {
    "holding": {
      "delay": 0.0,
      "amp": -0.08507513254880905,
      "duration": 1680.909447275578,
      "totduration": 1680.909447275578
    },
    "step": {
      "delay": 200.01960015680126,
      "amp": 0.06548948958516121,
      "thresh_perc": 58.152172699541715,
      "duration": 1349.9607996863974,
      "totduration": 1680.909447275578
    }
  },
  "IDrest_75": {
    "holding": {
      "delay": 0.0,
      "amp": -0.08507513254880905,
      "duration": 1680.909447275578,
      "totduration": 1680.909447275578
    },
    "step": {
      "delay": 200.01960015680126,
      "amp": 0.08170884987339377,
      "thresh_perc": 72.55434694966901,
      "duration": 1349.9607996863974,
      "totduration": 1680.909447275578
    }
  },
  "IDrest_100": {
    "holding": {
      "delay": 0.0,
      "amp": -0.08507513254880905,
      "duration": 1680.909447275578,
      "totduration": 1680.909447275578
    },
    "step": {
      "delay": 200.01960015680126,
      "amp": 0.11435158752525848,
      "thresh_perc": 101.53985484324677,
      "duration": 1349.9607996863974,
      "totduration": 1680.909447275578
    }
  },
  "IDrest_125": {
    "holding": {
      "delay": 0.0,
      "amp": -0.08507513254880905,
      "duration": 1680.909447275578,
      "totduration": 1680.909447275578
    },
    "step": {
      "delay": 200.01960015680126,
      "amp": 0.1307749648888906,
      "thresh_perc": 116.12318848669723,
      "duration": 1349.9607996863974,
      "totduration": 1680.909447275578
    }
  },
  "IDrest_150": {
    "holding": {
      "delay": 0.0,
      "amp": -0.08507513254880905,
      "duration": 1680.909447275578,
      "totduration": 1680.909447275578
    },
    "step": {
      "delay": 200.01960015680126,
      "amp": 0.16341770440340042,
      "thresh_perc": 145.10869803423293,
      "duration": 1349.9607996863974,
      "totduration": 1680.909447275578
    }
  },
  "IDrest_175": {
    "holding": {
      "delay": 0.0,
      "amp": -0.08507513254880905,
      "duration": 1680.909447275578,
      "totduration": 1680.909447275578
    },
    "step": {
      "delay": 200.01960015680126,
      "amp": 0.19646847248077395,
      "thresh_perc": 174.4565214065411,
      "duration": 1349.9607996863974,
      "totduration": 1680.909447275578
    }
  },
  "IDrest_200": {
    "holding": {
      "delay": 0.0,
      "amp": -0.08507513254880905,
      "duration": 1680.909447275578,
      "totduration": 1680.909447275578
    },
    "step": {
      "delay": 200.01960015680126,
      "amp": 0.22890719026327133,
      "thresh_perc": 203.26086742585872,
      "duration": 1349.9607996863974,
      "totduration": 1680.909447275578
    }
  },
  "IDrest_225": {
    "holding": {
      "delay": 0.0,
      "amp": -0.08507513254880905,
      "duration": 1680.909447275578,
      "totduration": 1680.909447275578
    },
    "step": {
      "delay": 200.01960015680126,
      "amp": 0.2613459154963494,
      "thresh_perc": 232.06522006100826,
      "duration": 1349.9607996863974,
      "totduration": 1680.909447275578
    }
  },
  "IDrest_250": {
    "holding": {
      "delay": 0.0,
      "amp": -0.08507513254880905,
      "duration": 1680.909447275578,
      "totduration": 1680.909447275578
    },
    "step": {
      "delay": 200.01960015680126,
      "amp": 0.27756527066230774,
      "thresh_perc": 246.46738976275114,
      "duration": 1349.9607996863974,
      "totduration": 1680.909447275578
    }
  },
  "IDrest_275": {
    "holding": {
      "delay": 0.0,
      "amp": -0.08507513254880905,
      "duration": 1680.909447275578,
      "totduration": 1680.909447275578
    },
    "step": {
      "delay": 200.01960015680126,
      "amp": 0.3103100135922432,
      "thresh_perc": 275.54347445856405,
      "duration": 1349.9607996863974,
      "totduration": 1680.909447275578
    }
  },
  "IDrest_300": {
    "holding": {
      "delay": 0.0,
      "amp": -0.08507513254880905,
      "duration": 1680.909447275578,
      "totduration": 1680.909447275578
    },
    "step": {
      "delay": 200.01960015680126,
      "amp": 0.34305475652217865,
      "thresh_perc": 304.61955915437693,
      "duration": 1349.9607996863974,
      "totduration": 1680.909447275578
    }
  },
  "IV_-140": {
    "holding": {
      "delay": 0.0,
      "amp": -0.08507513254880905,
      "duration": 3487.2598980791845,
      "totduration": 3487.2598980791845
    },
    "step": {
      "delay": 250.0,
      "amp": -0.15668513625860217,
      "thresh_perc": -139.13043391967412,
      "duration": 3000.0,
      "totduration": 3487.2598980791845
    }
  },
  "IV_-120": {
    "holding": {
      "delay": 0.0,
      "amp": -0.08507513254880905,
      "duration": 3487.2598980791845,
      "totduration": 3487.2598980791845
    },
    "step": {
      "delay": 250.0,
      "amp": -0.13097897917032242,
      "thresh_perc": -116.30434539908343,
      "duration": 3000.0,
      "totduration": 3487.2598980791845
    }
  },
  "IV_-100": {
    "holding": {
      "delay": 0.0,
      "amp": -0.08507513254880905,
      "duration": 3487.2598980791845,
      "totduration": 3487.2598980791845
    },
    "step": {
      "delay": 250.0,
      "amp": -0.1046607717871666,
      "thresh_perc": -92.9347795255023,
      "duration": 3000.0,
      "totduration": 3487.2598980791845
    }
  },
  "IV_-60": {
    "holding": {
      "delay": 0.0,
      "amp": -0.08507513254880905,
      "duration": 3487.2598980791845,
      "totduration": 3487.2598980791845
    },
    "step": {
      "delay": 250.0,
      "amp": -0.07834256440401077,
      "thresh_perc": -69.56521365192114,
      "duration": 3000.0,
      "totduration": 3487.2598980791845
    }
  },
  "IV_-40": {
    "holding": {
      "delay": 0.0,
      "amp": -0.08507513254880905,
      "duration": 3487.2598980791845,
      "totduration": 3487.2598980791845
    },
    "step": {
      "delay": 250.0,
      "amp": -0.05202435702085495,
      "thresh_perc": -46.195647778339996,
      "duration": 3000.0,
      "totduration": 3487.2598980791845
    }
  },
  "IV_-20": {
    "holding": {
      "delay": 0.0,
      "amp": -0.08507513254880905,
      "duration": 3487.2598980791845,
      "totduration": 3487.2598980791845
    },
    "step": {
      "delay": 250.0,
      "amp": -0.026318207383155826,
      "thresh_perc": -23.36956587358115,
      "duration": 3000.0,
      "totduration": 3487.2598980791845
    }
  },
  "IV_0": {
    "holding": {
      "delay": 0.0,
      "amp": -0.08507513254880905,
      "duration": 3487.2598980791845,
      "totduration": 3487.2598980791845
    },
    "step": {
      "delay": 250.0,
      "amp": 0.0,
      "thresh_perc": 0.0,
      "duration": 3000.0,
      "totduration": 3487.2598980791845
    }
  },
  "IV_20": {
    "holding": {
      "delay": 0.0,
      "amp": -0.08507513254880905,
      "duration": 3487.2598980791845,
      "totduration": 3487.2598980791845
    },
    "step": {
      "delay": 250.0,
      "amp": 0.026318207383155826,
      "thresh_perc": 23.36956587358115,
      "duration": 3000.0,
      "totduration": 3487.2598980791845
    }
  },
  "IV_40": {
    "holding": {
      "delay": 0.0,
      "amp": -0.08507513254880905,
      "duration": 3487.2598980791845,
      "totduration": 3487.2598980791845
    },