{
    "bAP": {
        "soma": {
            "AP_width": [
                1.0000000000002274,
                0.20000000000004547
            ],
            "AP_height": [
                38.03368303749298,
                7.606736607498596
            ],
            "Spikecount": [
                1.0,
                0.2
            ]
        },
        "dend1": {
            "AP_amplitude_from_voltagebase": [
                70.85758147121585,
                14.17151629424317
            ]
        },
        "dend2": {
            "AP_amplitude_from_voltagebase": [
                56.05495544328994,
                11.21099108865799
            ]
        }
    },
    "Step3": {
        "soma": {
            "AP_height": [
                15.122322662207704,
                3.024464532441541
            ],
            "AHP_slow_time": [
                0.36080774200813626,
                0.07216154840162725
            ],
            "ISI_CV": [
                0.08251460968749816,
                0.016502921937499634
            ],
            "doublet_ISI": [
                19.40000000000441,
                3.8800000000008823
            ],
            "adaptation_index2": [
                0.002427609495364088,
                0.00048552189907281765
            ],
            "mean_frequency": [
                17.359338302881117,
                3.4718676605762235
            ],
            "AHP_depth_abs_slow": [
                -54.36343160628755,
                10.872686321257511
            ],
            "AP_width": [
                0.9205882352934642,
                0.18411764705869285
            ],
            "time_to_first_spike": [
                10.600000000093019,
                2.120000000018604
            ],
            "AHP_depth_abs": [
                -54.33741143398212,
                10.867482286796424
            ]
        }
    },
    "Step2": {
        "soma": {
            "AP_height": [
                25.08847453880273,
                5.017694907760546
            ],
            "AHP_slow_time": [
                0.25163223096557286,
                0.05032644619311458
            ],
            "ISI_CV": [
                0.04373685001509642,
                0.008747370003019284
            ],
            "doublet_ISI": [
                47.700000000010846,
                9.54000000000217
            ],
            "adaptation_index2": [
                -0.004008666015655278,
                0.0008017332031310557
            ],
            "mean_frequency": [
                9.62951700370628,
                1.925903400741256
            ],
            "AHP_depth_abs_slow": [
                -59.62742751886264,
                11.925485503772528
            ],
            "AP_width": [
                0.9210526315783311,
                0.18421052631566623
            ],
            "time_to_first_spike": [
                22.800000000095793,
                4.5600000000191585
            ],
            "AHP_depth_abs": [
                -60.51172751546784,
                12.102345503093568
            ]
        }
    },
    "Step1": {
        "soma": {
            "AP_height": [
                26.598360663200154,
                5.319672132640031
            ],
            "AHP_slow_time": [
                0.22141418741165084,
                0.04428283748233017
            ],
            "ISI_CV": [
                0.03807172128925235,
                0.00761434425785047
            ],
            "doublet_ISI": [
                73.9000000000168,
                14.780000000003362
            ],
            "adaptation_index2": [
                -0.004740466212587461,
                0.0009480932425174923
            ],
            "mean_frequency": [
                7.762368039748541,
                1.5524736079497083
            ],
            "AHP_depth_abs_slow": [
                -61.41828530344227,
                12.283657060688455
            ],
            "AP_width": [
                0.9666666666660073,
                0.19333333333320146
            ],
            "time_to_first_spike": [
                32.800000000098066,
                6.560000000019613
            ],
            "AHP_depth_abs": [
                -61.200677653688345,
                12.24013553073767
            ]
        }
    }
}