{
    "Step3": {
        "soma": {
            "AP_height": [
                15.122322662207704,
                3.024464532441541
            ],
            "AHP_slow_time": [
                0.36080774200813626,
                0.07216154840162725
            ],
            "ISI_CV": [
                0.08251460968749816,
                0.016502921937499634
            ],
            "doublet_ISI": [
                19.40000000000441,
                3.8800000000008823
            ],
            "adaptation_index2": [
                0.002427609495364088,
                0.00048552189907281765
            ],
            "mean_frequency": [
                17.359338302881117,
                3.4718676605762235
            ],
            "AHP_depth_abs_slow": [
                -54.36343160628755,
                10.872686321257511
            ],
            "AP_width": [
                0.9205882352934642,
                0.18411764705869285
            ],
            "time_to_first_spike": [
                10.600000000093019,
                2.120000000018604
            ],
            "AHP_depth_abs": [
                -54.33741143398212,
                10.867482286796424
            ]
        }
    },
    "Step2": {
        "soma": {
            "AP_height": [
                25.08847453880273,
                5.017694907760546
            ],
            "AHP_slow_time": [
                0.25163223096557286,
                0.05032644619311458
            ],
            "ISI_CV": [
                0.04373685001509642,
                0.008747370003019284
            ],
            "doublet_ISI": [
                47.700000000010846,
                9.54000000000217
            ],
            "adaptation_index2": [
                -0.004008666015655278,
                0.0008017332031310557
            ],
            "mean_frequency": [
                9.62951700370628,
                1.925903400741256
            ],
            "AHP_depth_abs_slow": [
                -59.62742751886264,
                11.925485503772528
            ],
            "AP_width": [
                0.9210526315783311,
                0.18421052631566623
            ],
            "time_to_first_spike": [
                22.800000000095793,
                4.5600000000191585
            ],
            "AHP_depth_abs": [
                -60.51172751546784,
                12.102345503093568
            ]
        }
    },
    "Step1": {
        "soma": {
            "AP_height": [
                26.598360663200154,
                5.319672132640031
            ],
            "AHP_slow_time": [
                0.22141418741165084,
                0.04428283748233017
            ],
            "ISI_CV": [
                0.03807172128925235,
                0.00761434425785047
            ],
            "doublet_ISI": [
                73.9000000000168,
                14.780000000003362
            ],
            "adaptation_index2": [
                -0.004740466212587461,
                0.0009480932425174923
            ],
            "mean_frequency": [
                7.762368039748541,
                1.5524736079497083
            ],
            "AHP_depth_abs_slow": [
                -61.41828530344227,
                12.283657060688455
            ],
            "AP_width": [
                0.9666666666660073,
                0.19333333333320146
            ],
            "time_to_first_spike": [
                32.800000000098066,
                6.560000000019613
            ],
            "AHP_depth_abs": [
                -61.200677653688345,
                12.24013553073767
            ]
        },
        "MEA": {
            "peak_to_valley_0": [
                0.0015750000000000002,
                0.00031500000000000007
            ],
            "peak_to_valley_1": [
                0.001525,
                0.00030500000000000004
            ],
            "peak_to_valley_2": [
                0.0014800000000000002,
                0.00029600000000000004
            ],
            "peak_to_valley_3": [
                0.001765,
                0.000353
            ],
            "peak_to_valley_4": [
                0.00167,
                0.00033400000000000004
            ],
            "peak_to_valley_5": [
                0.0018100000000000002,
                0.00036200000000000007
            ],
            "peak_to_valley_6": [
                0.001585,
                0.000317
            ],
            "peak_to_valley_7": [
                -0.00071,
                0.000142
            ],
            "peak_to_valley_8": [
                -0.000995,
                0.000199
            ],
            "peak_to_valley_9": [
                -0.0015750000000000002,
                0.00031500000000000007
            ],
            "peak_to_valley_10": [
                -0.002915,
                0.0005830000000000001
            ],
            "peak_to_valley_11": [
                -0.0035,
                0.0007000000000000001
            ],
            "peak_to_valley_12": [
                -0.0043,
                0.0008600000000000001
            ],
            "peak_to_valley_13": [
                -0.0053,
                0.00106
            ],
            "peak_to_valley_14": [
                -0.00495,
                0.0009900000000000002
            ],
            "peak_to_valley_15": [
                -0.00668,
                0.0013360000000000002
            ],
            "peak_to_valley_16": [
                -0.00623,
                0.0012460000000000001
            ],
            "peak_to_valley_17": [
                -0.005695,
                0.001139
            ],
            "peak_to_valley_18": [
                -0.004995,
                0.000999
            ],
            "peak_to_valley_19": [
                -0.004445,
                0.000889
            ],
            "peak_trough_ratio_0": [
                -0.4962179707888315,
                0.0992435941577663
            ],
            "peak_trough_ratio_1": [
                -0.5401439188444095,
                0.1080287837688819
            ],
            "peak_trough_ratio_2": [
                -0.601486086087407,
                0.12029721721748139
            ],
            "peak_trough_ratio_3": [
                -0.6666276772690125,
                0.13332553545380252
            ],
            "peak_trough_ratio_4": [
                -0.69978710492903,
                0.139957420985806
            ],
            "peak_trough_ratio_5": [
                -0.6617670390701662,
                0.13235340781403324
            ],
            "peak_trough_ratio_6": [
                -0.38295389651085426,
                0.07659077930217086
            ],
            "peak_trough_ratio_7": [
                -0.3144891404445196,
                0.06289782808890391
            ],
            "peak_trough_ratio_8": [
                -0.9203938649197028,
                0.18407877298394057
            ],
            "peak_trough_ratio_9": [
                -0.9794708092191874,
                0.19589416184383748
            ],
            "peak_trough_ratio_10": [
                -0.8681358332375508,
                0.17362716664751018
            ],
            "peak_trough_ratio_11": [
                -0.8536484296773791,
                0.17072968593547583
            ],
            "peak_trough_ratio_12": [
                -1.1358538992433456,
                0.22717077984866912
            ],
            "peak_trough_ratio_13": [
                -1.31995436482515,
                0.26399087296503
            ],
            "peak_trough_ratio_14": [
                -1.9836608850207533,
                0.3967321770041507
            ],
            "peak_trough_ratio_15": [
                -2.9318154701904477,
                0.5863630940380896
            ],