{
    "Step3": {
        "soma": {
            "AP_height": [
                15.131384326122873,
                3.026276865224575
            ],
            "AHP_slow_time": [
                0.36118156886326425,
                0.07223631377265285
            ],
            "ISI_CV": [
                0.08248320290091876,
                0.01649664058018375
            ],
            "doublet_ISI": [
                19.40000000000441,
                3.8800000000008823
            ],
            "adaptation_index2": [
                0.002427616454265801,
                0.0004855232908531602
            ],
            "mean_frequency": [
                17.358452034524408,
                3.471690406904882
            ],
            "AHP_depth_abs_slow": [
                -54.36284272869795,
                10.87256854573959
            ],
            "AP_width": [
                0.9294117647052209,
                0.1858823529410442
            ],
            "time_to_first_spike": [
                10.600000000093019,
                2.120000000018604
            ],
            "AHP_depth_abs": [
                -54.33672945723457,
                10.867345891446915
            ]
        }
    },
    "Step2": {
        "soma": {
            "AP_height": [
                24.713975846263295,
                4.942795169252659
            ],
            "AHP_slow_time": [
                0.24920581491370483,
                0.049841162982740966
            ],
            "ISI_CV": [
                0.04342261797775184,
                0.008684523595550369
            ],
            "doublet_ISI": [
                47.80000000001087,
                9.560000000002175
            ],
            "adaptation_index2": [
                -0.003921501667834079,
                0.0007843003335668158
            ],
            "mean_frequency": [
                9.628053106320493,
                1.9256106212640987
            ],
            "AHP_depth_abs_slow": [
                -59.62832946717842,
                11.925665893435685
            ],
            "AP_width": [
                0.9473684210520092,
                0.18947368421040187
            ],
            "time_to_first_spike": [
                22.800000000095793,
                4.5600000000191585
            ],
            "AHP_depth_abs": [
                -60.513063570087155,
                12.102612714017432
            ]
        }
    },
    "Step1": {
        "soma": {
            "AP_height": [
                26.632287280543547,
                5.3264574561087095
            ],
            "AHP_slow_time": [
                0.2207342160730753,
                0.04414684321461507
            ],
            "ISI_CV": [
                0.03836579303536866,
                0.007673158607073733
            ],
            "doublet_ISI": [
                73.9000000000168,
                14.780000000003362
            ],
            "adaptation_index2": [
                -0.0049245633506504235,
                0.0009849126701300848
            ],
            "mean_frequency": [
                7.76437703815419,
                1.552875407630838
            ],
            "AHP_depth_abs_slow": [
                -61.41775954665328,
                12.283551909330656
            ],
            "AP_width": [
                0.959999999999339,
                0.19199999999986783
            ],
            "time_to_first_spike": [
                32.800000000098066,
                6.560000000019613
            ],
            "AHP_depth_abs": [
                -61.20149462891653,
                12.240298925783307
            ]
        },
        "MEA": {
            "peak_to_valley_0": [
                0.001605,
                0.00032100000000000005
            ],
            "peak_to_valley_1": [
                0.0015600000000000002,
                0.00031200000000000005
            ],
            "peak_to_valley_2": [
                0.00151,
                0.000302
            ],
            "peak_to_valley_3": [
                0.001415,
                0.000283
            ],
            "peak_to_valley_4": [
                0.0016550000000000002,
                0.0003310000000000001
            ],
            "peak_to_valley_5": [
                0.0018250000000000002,
                0.0003650000000000001
            ],
            "peak_to_valley_6": [
                0.001605,
                0.00032100000000000005
            ],
            "peak_to_valley_7": [
                -0.00037000000000000005,
                7.400000000000001e-05
            ],
            "peak_to_valley_8": [
                -0.000995,
                0.000199
            ],
            "peak_to_valley_9": [
                -0.0015400000000000001,
                0.00030800000000000006
            ],
            "peak_to_valley_10": [
                -0.002935,
                0.0005870000000000001
            ],
            "peak_to_valley_11": [
                -0.0035,
                0.0007000000000000001
            ],
            "peak_to_valley_12": [
                -0.0043,
                0.0008600000000000001
            ],
            "peak_to_valley_13": [
                -0.0053,
                0.00106
            ],
            "peak_to_valley_14": [
                -0.004900000000000001,
                0.0009800000000000002
            ],
            "peak_to_valley_15": [
                -0.006730000000000001,
                0.0013460000000000002
            ],
            "peak_to_valley_16": [
                -0.00623,
                0.0012460000000000001
            ],
            "peak_to_valley_17": [
                -0.005695,
                0.001139
            ],
            "peak_to_valley_18": [
                -0.004995,
                0.000999
            ],
            "peak_to_valley_19": [
                -0.004495000000000001,
                0.0008990000000000002
            ],
            "peak_trough_ratio_0": [
                -0.4657103541376735,
                0.0931420708275347
            ],
            "peak_trough_ratio_1": [
                -0.5036846933332211,
                0.10073693866664422
            ],
            "peak_trough_ratio_2": [
                -0.5553612890474144,
                0.11107225780948289
            ],
            "peak_trough_ratio_3": [
                -0.635505272752621,
                0.1271010545505242
            ],
            "peak_trough_ratio_4": [
                -0.6869306935287083,
                0.13738613870574165
            ],
            "peak_trough_ratio_5": [
                -0.6398812961245913,
                0.12797625922491826
            ],
            "peak_trough_ratio_6": [
                -0.3764911310289909,
                0.07529822620579818
            ],
            "peak_trough_ratio_7": [
                -0.34181909782030323,
                0.06836381956406065
            ],
            "peak_trough_ratio_8": [
                -0.9377413777602606,
                0.1875482755520521
            ],
            "peak_trough_ratio_9": [
                -0.9901694886889982,
                0.19803389773779967
            ],
            "peak_trough_ratio_10": [
                -0.8716393183589242,
                0.17432786367178485
            ],
            "peak_trough_ratio_11": [
                -0.8548958011894959,
                0.1709791602378992
            ],
            "peak_trough_ratio_12": [
                -1.1373997114701737,
                0.22747994229403476
            ],
            "peak_trough_ratio_13": [
                -1.3212089884950382,
                0.26424179769900763
            ],
            "peak_trough_ratio_14": [
                -1.9845468545504632,
                0.39690937091009265
            ],
            "peak_trough_ratio_15": [
                -2.932042479174262,
                0.5864084958348524
            ],