{
    "Step3": {
        "soma": {
            "AP_height": [
                15.131384326122873,
                3.026276865224575
            ],
            "AHP_slow_time": [
                0.36118156886326425,
                0.07223631377265285
            ],
            "ISI_CV": [
                0.08248320290091876,
                0.01649664058018375
            ],
            "doublet_ISI": [
                19.40000000000441,
                3.8800000000008823
            ],
            "adaptation_index2": [
                0.002427616454265801,
                0.0004855232908531602
            ],
            "mean_frequency": [
                17.358452034524408,
                3.471690406904882
            ],
            "AHP_depth_abs_slow": [
                -54.36284272869795,
                10.87256854573959
            ],
            "AP_width": [
                0.9294117647052209,
                0.1858823529410442
            ],
            "time_to_first_spike": [
                10.600000000093019,
                2.120000000018604
            ],
            "AHP_depth_abs": [
                -54.33672945723457,
                10.867345891446915
            ]
        }
    },
    "Step2": {
        "soma": {
            "AP_height": [
                24.713975846263295,
                4.942795169252659
            ],
            "AHP_slow_time": [
                0.24920581491370483,
                0.049841162982740966
            ],
            "ISI_CV": [
                0.04342261797775184,
                0.008684523595550369
            ],
            "doublet_ISI": [
                47.80000000001087,
                9.560000000002175
            ],
            "adaptation_index2": [
                -0.003921501667834079,
                0.0007843003335668158
            ],
            "mean_frequency": [
                9.628053106320493,
                1.9256106212640987
            ],
            "AHP_depth_abs_slow": [
                -59.62832946717842,
                11.925665893435685
            ],
            "AP_width": [
                0.9473684210520092,
                0.18947368421040187
            ],
            "time_to_first_spike": [
                22.800000000095793,
                4.5600000000191585
            ],
            "AHP_depth_abs": [
                -60.513063570087155,
                12.102612714017432
            ]
        }
    },
    "Step1": {
        "soma": {
            "AP_height": [
                26.632287280543547,
                5.3264574561087095
            ],
            "AHP_slow_time": [
                0.2207342160730753,
                0.04414684321461507
            ],
            "ISI_CV": [
                0.03836579303536866,
                0.007673158607073733
            ],
            "doublet_ISI": [
                73.9000000000168,
                14.780000000003362
            ],
            "adaptation_index2": [
                -0.0049245633506504235,
                0.0009849126701300848
            ],
            "mean_frequency": [
                7.76437703815419,
                1.552875407630838
            ],
            "AHP_depth_abs_slow": [
                -61.41775954665328,
                12.283551909330656
            ],
            "AP_width": [
                0.959999999999339,
                0.19199999999986783
            ],
            "time_to_first_spike": [
                32.800000000098066,
                6.560000000019613
            ],
            "AHP_depth_abs": [
                -61.20149462891653,
                12.240298925783307
            ]
        }
    }
}