{
    "bAP": {
        "soma": {
            "AP_width": [
                1.1000000000002501,
                0.22000000000005004
            ],
            "AP_height": [
                39.28984727974426,
                7.857969455948852
            ],
            "Spikecount": [
                1.0,
                0.2
            ]
        },
        "dend1": {
            "AP_amplitude_from_voltagebase": [
                57.47079997568799,
                11.494159995137599
            ]
        },
        "dend2": {
            "AP_amplitude_from_voltagebase": [
                34.98151462196982,
                6.996302924393965
            ]
        }
    },
    "Step3": {
        "soma": {
            "AP_height": [
                16.64820348460951,
                3.3296406969219023
            ],
            "AHP_slow_time": [
                0.2651299176000041,
                0.05302598352000082
            ],
            "ISI_CV": [
                0.09710503389184134,
                0.01942100677836827
            ],
            "doublet_ISI": [
                20.40000000000464,
                4.080000000000928
            ],
            "adaptation_index2": [
                0.00573359678585954,
                0.0011467193571719082
            ],
            "mean_frequency": [
                15.768859046757699,
                3.15377180935154
            ],
            "AHP_depth_abs_slow": [
                -55.42835094792599,
                11.0856701895852
            ],
            "AP_width": [
                0.883870967741326,
                0.1767741935482652
            ],
            "time_to_first_spike": [
                10.800000000093064,
                2.160000000018613
            ],
            "AHP_depth_abs": [
                -55.41731236778742,
                11.083462473557484
            ]
        }
    },
    "Step2": {
        "soma": {
            "AP_height": [
                25.785836256221806,
                5.157167251244362
            ],
            "AHP_slow_time": [
                0.1721639744046,
                0.03443279488092
            ],
            "ISI_CV": [
                0.03931011857965208,
                0.007862023715930417
            ],
            "doublet_ISI": [
                51.50000000001171,
                10.300000000002342
            ],
            "adaptation_index2": [
                -0.003488357461613297,
                0.0006976714923226595
            ],
            "mean_frequency": [
                8.529426521504966,
                1.7058853043009934
            ],
            "AHP_depth_abs_slow": [
                -60.16269534189779,
                12.032539068379558
            ],
            "AP_width": [
                0.9117647058817042,
                0.18235294117634085
            ],
            "time_to_first_spike": [
                23.600000000095974,
                4.720000000019195
            ],
            "AHP_depth_abs": [
                -61.280902969713,
                12.2561805939426
            ]
        }
    },
    "Step1": {
        "soma": {
            "AP_height": [
                27.79480419262289,
                5.558960838524579
            ],
            "AHP_slow_time": [
                0.16167872023479907,
                0.03233574404695982
            ],
            "ISI_CV": [
                0.03650454330564477,
                0.007300908661128954
            ],
            "doublet_ISI": [
                79.40000000001805,
                15.880000000003612
            ],
            "adaptation_index2": [
                -0.005331769627222186,
                0.0010663539254444371
            ],
            "mean_frequency": [
                6.86052034408606,
                1.3721040688172121
            ],
            "AHP_depth_abs_slow": [
                -61.79971502862916,
                12.359943005725832
            ],
            "AP_width": [
                0.9230769230763284,
                0.1846153846152657
            ],
            "time_to_first_spike": [
                34.10000000009836,
                6.8200000000196725
            ],
            "AHP_depth_abs": [
                -61.62702427715922,
                12.325404855431845
            ]
        }
    }
}