{
    "Step3": {
        "soma": {
            "AP_height": [
                16.542546732829837,
                3.308509346565968
            ],
            "AHP_slow_time": [
                0.265336735193789,
                0.053067347038757796
            ],
            "ISI_CV": [
                0.09717995883089155,
                0.01943599176617831
            ],
            "doublet_ISI": [
                20.40000000000464,
                4.080000000000928
            ],
            "adaptation_index2": [
                0.0057037524261165,
                0.0011407504852233
            ],
            "mean_frequency": [
                15.769661206644093,
                3.153932241328819
            ],
            "AHP_depth_abs_slow": [
                -55.426666862327394,
                11.08533337246548
            ],
            "AP_width": [
                0.8838709677413297,
                0.17677419354826596
            ],
            "time_to_first_spike": [
                10.800000000093064,
                2.160000000018613
            ],
            "AHP_depth_abs": [
                -55.415815174266136,
                11.083163034853229
            ]
        }
    },
    "Step2": {
        "soma": {
            "AP_height": [
                26.1071871164596,
                5.2214374232919205
            ],
            "AHP_slow_time": [
                0.17203552011318346,
                0.03440710402263669
            ],
            "ISI_CV": [
                0.038881011442675986,
                0.007776202288535198
            ],
            "doublet_ISI": [
                51.50000000001171,
                10.300000000002342
            ],
            "adaptation_index2": [
                -0.0035438215582878677,
                0.0007087643116575736
            ],
            "mean_frequency": [
                8.528998595229554,
                1.7057997190459109
            ],
            "AHP_depth_abs_slow": [
                -60.16272916857094,
                12.032545833714188
            ],
            "AP_width": [
                0.899999999999362,
                0.1799999999998724
            ],
            "time_to_first_spike": [
                23.600000000095974,
                4.720000000019195
            ],
            "AHP_depth_abs": [
                -61.280959210401925,
                12.256191842080385
            ]
        }
    },
    "Step1": {
        "soma": {
            "AP_height": [
                27.703744812865303,
                5.540748962573061
            ],
            "AHP_slow_time": [
                0.16193099550030376,
                0.032386199100060756
            ],
            "ISI_CV": [
                0.03665119388290715,
                0.0073302387765814304
            ],
            "doublet_ISI": [
                79.30000000001803,
                15.860000000003607
            ],
            "adaptation_index2": [
                -0.0053892121739689425,
                0.0010778424347937885
            ],
            "mean_frequency": [
                6.861606671597527,
                1.3723213343195055
            ],
            "AHP_depth_abs_slow": [
                -61.800749385284696,
                12.36014987705694
            ],
            "AP_width": [
                0.9230769230763284,
                0.1846153846152657
            ],
            "time_to_first_spike": [
                34.10000000009836,
                6.8200000000196725
            ],
            "AHP_depth_abs": [
                -61.628677659549794,
                12.32573553190996
            ]
        },
        "MEA": {
            "peak_to_valley_0": [
                0.0015400000000000001,
                0.00030800000000000006
            ],
            "peak_to_valley_1": [
                0.0014900000000000002,
                0.0002980000000000001
            ],
            "peak_to_valley_2": [
                0.001445,
                0.00028900000000000003
            ],
            "peak_to_valley_3": [
                0.0014000000000000002,
                0.00028000000000000003
            ],
            "peak_to_valley_4": [
                0.00167,
                0.00033400000000000004
            ],
            "peak_to_valley_5": [
                0.00184,
                0.00036800000000000005
            ],
            "peak_to_valley_6": [
                0.0015500000000000002,
                0.00031000000000000005
            ],
            "peak_to_valley_7": [
                -0.00034,
                6.800000000000001e-05
            ],
            "peak_to_valley_8": [
                -0.00108,
                0.00021600000000000002
            ],
            "peak_to_valley_9": [
                -0.0014850000000000002,
                0.00029700000000000006
            ],
            "peak_to_valley_10": [
                -0.0020450000000000004,
                0.0004090000000000001
            ],
            "peak_to_valley_11": [
                -0.00395,
                0.0007900000000000001
            ],
            "peak_to_valley_12": [
                -0.00525,
                0.0010500000000000002
            ],
            "peak_to_valley_13": [
                -0.0071,
                0.0014200000000000003
            ],
            "peak_to_valley_14": [
                -0.009935000000000001,
                0.0019870000000000005
            ],
            "peak_to_valley_15": [
                -0.009940000000000001,
                0.001988
            ],
            "peak_to_valley_16": [
                -0.009945,
                0.0019890000000000003
            ],
            "peak_to_valley_17": [
                -0.010010000000000002,
                0.0020020000000000003
            ],
            "peak_to_valley_18": [
                -0.0055450000000000004,
                0.0011090000000000002
            ],
            "peak_to_valley_19": [
                -0.010010000000000002,
                0.0020020000000000003
            ],
            "peak_trough_ratio_0": [
                -0.37887187814813256,
                0.07577437562962652
            ],
            "peak_trough_ratio_1": [
                -0.40992584822403744,
                0.0819851696448075
            ],
            "peak_trough_ratio_2": [
                -0.45292325182698817,
                0.09058465036539765
            ],
            "peak_trough_ratio_3": [
                -0.5198329505160209,
                0.10396659010320418
            ],
            "peak_trough_ratio_4": [
                -0.6121943155388209,
                0.12243886310776418
            ],
            "peak_trough_ratio_5": [
                -0.5877367106244508,
                0.11754734212489015
            ],
            "peak_trough_ratio_6": [
                -0.3598936037913546,
                0.07197872075827093
            ],
            "peak_trough_ratio_7": [
                -0.3780466616360562,
                0.07560933232721125
            ],
            "peak_trough_ratio_8": [
                -1.0901173320531259,
                0.2180234664106252
            ],
            "peak_trough_ratio_9": [
                -1.3491321920790167,
                0.26982643841580334
            ],
            "peak_trough_ratio_10": [
                -1.772773118491328,
                0.3545546236982656
            ],
            "peak_trough_ratio_11": [
                -2.208727234937901,
                0.44174544698758017
            ],
            "peak_trough_ratio_12": [
                -2.222692016739265,
                0.444538403347853
            ],
            "peak_trough_ratio_13": [
                -2.3660036069014785,
                0.47320072138029573
            ],
            "peak_trough_ratio_14": [
                -2.573130387192032,
                0.5146260774384065
            ],