{
    "Step3": {
        "soma": {
            "AP_height": [
                16.64820348460951,
                3.3296406969219023
            ],
            "AHP_slow_time": [
                0.2651299176000041,
                0.05302598352000082
            ],
            "ISI_CV": [
                0.09710503389184134,
                0.01942100677836827
            ],
            "doublet_ISI": [
                20.40000000000464,
                4.080000000000928
            ],
            "adaptation_index2": [
                0.00573359678585954,
                0.0011467193571719082
            ],
            "mean_frequency": [
                15.768859046757699,
                3.15377180935154
            ],
            "AHP_depth_abs_slow": [
                -55.42835094792599,
                11.0856701895852
            ],
            "AP_width": [
                0.883870967741326,
                0.1767741935482652
            ],
            "time_to_first_spike": [
                10.800000000093064,
                2.160000000018613
            ],
            "AHP_depth_abs": [
                -55.41731236778742,
                11.083462473557484
            ]
        }
    },
    "Step2": {
        "soma": {
            "AP_height": [
                25.785836256221806,
                5.157167251244362
            ],
            "AHP_slow_time": [
                0.1721639744046,
                0.03443279488092
            ],
            "ISI_CV": [
                0.03931011857965208,
                0.007862023715930417
            ],
            "doublet_ISI": [
                51.50000000001171,
                10.300000000002342
            ],
            "adaptation_index2": [
                -0.003488357461613297,
                0.0006976714923226595
            ],
            "mean_frequency": [
                8.529426521504966,
                1.7058853043009934
            ],
            "AHP_depth_abs_slow": [
                -60.16269534189779,
                12.032539068379558
            ],
            "AP_width": [
                0.9117647058817042,
                0.18235294117634085
            ],
            "time_to_first_spike": [
                23.600000000095974,
                4.720000000019195
            ],
            "AHP_depth_abs": [
                -61.280902969713,
                12.2561805939426
            ]
        }
    },
    "Step1": {
        "soma": {
            "AP_height": [
                27.79480419262289,
                5.558960838524579
            ],
            "AHP_slow_time": [
                0.16167872023479907,
                0.03233574404695982
            ],
            "ISI_CV": [
                0.03650454330564477,
                0.007300908661128954
            ],
            "doublet_ISI": [
                79.40000000001805,
                15.880000000003612
            ],
            "adaptation_index2": [
                -0.005331769627222186,
                0.0010663539254444371
            ],
            "mean_frequency": [
                6.86052034408606,
                1.3721040688172121
            ],
            "AHP_depth_abs_slow": [
                -61.79971502862916,
                12.359943005725832
            ],
            "AP_width": [
                0.9230769230763284,
                0.1846153846152657
            ],
            "time_to_first_spike": [
                34.10000000009836,
                6.8200000000196725
            ],
            "AHP_depth_abs": [
                -61.62702427715922,
                12.325404855431845
            ]
        },
        "MEA": {
            "peak_to_valley_0": [
                0.0015550000000000002,
                0.0003110000000000001
            ],
            "peak_to_valley_1": [
                0.001505,
                0.00030100000000000005
            ],
            "peak_to_valley_2": [
                0.0014600000000000001,
                0.00029200000000000005
            ],
            "peak_to_valley_3": [
                0.001415,
                0.000283
            ],
            "peak_to_valley_4": [
                0.001685,
                0.00033700000000000006
            ],
            "peak_to_valley_5": [
                0.0018050000000000002,
                0.00036100000000000005
            ],
            "peak_to_valley_6": [
                0.00151,
                0.000302
            ],
            "peak_to_valley_7": [
                -0.000355,
                7.1e-05
            ],
            "peak_to_valley_8": [
                -0.001095,
                0.000219
            ],
            "peak_to_valley_9": [
                -0.0015,
                0.00030000000000000003
            ],
            "peak_to_valley_10": [
                -0.002055,
                0.000411
            ],
            "peak_to_valley_11": [
                -0.00395,
                0.0007900000000000001
            ],
            "peak_to_valley_12": [
                -0.00525,
                0.0010500000000000002
            ],
            "peak_to_valley_13": [
                -0.00706,
                0.001412
            ],
            "peak_to_valley_14": [
                -0.00995,
                0.00199
            ],
            "peak_to_valley_15": [
                -0.00995,
                0.00199
            ],
            "peak_to_valley_16": [
                -0.009955,
                0.001991
            ],
            "peak_to_valley_17": [
                -0.010020000000000001,
                0.002004
            ],
            "peak_to_valley_18": [
                -0.005595,
                0.001119
            ],
            "peak_to_valley_19": [
                -0.004945000000000001,
                0.000989
            ],
            "peak_trough_ratio_0": [
                -0.3917380282024333,
                0.07834760564048666
            ],
            "peak_trough_ratio_1": [
                -0.42476388766726964,
                0.08495277753345393
            ],
            "peak_trough_ratio_2": [
                -0.47018333539502155,
                0.09403666707900432
            ],
            "peak_trough_ratio_3": [
                -0.5405250455260712,
                0.10810500910521424
            ],
            "peak_trough_ratio_4": [
                -0.6199061706378671,
                0.12398123412757343
            ],
            "peak_trough_ratio_5": [
                -0.5944292231109282,
                0.11888584462218564
            ],
            "peak_trough_ratio_6": [
                -0.3656823294188461,
                0.07313646588376922
            ],
            "peak_trough_ratio_7": [
                -0.33270112462239554,
                0.06654022492447911
            ],
            "peak_trough_ratio_8": [
                -1.0725588720035384,
                0.21451177440070768
            ],
            "peak_trough_ratio_9": [
                -1.3434735641650557,
                0.26869471283301116
            ],
            "peak_trough_ratio_10": [
                -1.7727640094460477,
                0.35455280188920957
            ],
            "peak_trough_ratio_11": [
                -2.209598373731768,
                0.44191967474635363
            ],
            "peak_trough_ratio_12": [
                -2.225457605867928,
                0.4450915211735856
            ],
            "peak_trough_ratio_13": [
                -2.343854704338445,
                0.468770940867689
            ],
            "peak_trough_ratio_14": [
                -2.545324193665306,
                0.5090648387330612
            ],
            "peak_trough_ratio_15": [
                -2.973092439452963,
                0.5946184878905927
            ],
            "peak_trough_ratio_16": [
                -5.024658901010193,
                1.0049317802020388
            ],