{
    "Step3": {
        "soma": {
            "AP_height": [
                16.542546732829837,
                3.308509346565968
            ],
            "AHP_slow_time": [
                0.265336735193789,
                0.053067347038757796
            ],
            "ISI_CV": [
                0.09717995883089155,
                0.01943599176617831
            ],
            "doublet_ISI": [
                20.40000000000464,
                4.080000000000928
            ],
            "adaptation_index2": [
                0.0057037524261165,
                0.0011407504852233
            ],
            "mean_frequency": [
                15.769661206644093,
                3.153932241328819
            ],
            "AHP_depth_abs_slow": [
                -55.426666862327394,
                11.08533337246548
            ],
            "AP_width": [
                0.8838709677413297,
                0.17677419354826596
            ],
            "time_to_first_spike": [
                10.800000000093064,
                2.160000000018613
            ],
            "AHP_depth_abs": [
                -55.415815174266136,
                11.083163034853229
            ]
        }
    },
    "Step2": {
        "soma": {
            "AP_height": [
                26.1071871164596,
                5.2214374232919205
            ],
            "AHP_slow_time": [
                0.17203552011318346,
                0.03440710402263669
            ],
            "ISI_CV": [
                0.038881011442675986,
                0.007776202288535198
            ],
            "doublet_ISI": [
                51.50000000001171,
                10.300000000002342
            ],
            "adaptation_index2": [
                -0.0035438215582878677,
                0.0007087643116575736
            ],
            "mean_frequency": [
                8.528998595229554,
                1.7057997190459109
            ],
            "AHP_depth_abs_slow": [
                -60.16272916857094,
                12.032545833714188
            ],
            "AP_width": [
                0.899999999999362,
                0.1799999999998724
            ],
            "time_to_first_spike": [
                23.600000000095974,
                4.720000000019195
            ],
            "AHP_depth_abs": [
                -61.280959210401925,
                12.256191842080385
            ]
        }
    },
    "Step1": {
        "soma": {
            "AP_height": [
                27.703744812865303,
                5.540748962573061
            ],
            "AHP_slow_time": [
                0.16193099550030376,
                0.032386199100060756
            ],
            "ISI_CV": [
                0.03665119388290715,
                0.0073302387765814304
            ],
            "doublet_ISI": [
                79.30000000001803,
                15.860000000003607
            ],
            "adaptation_index2": [
                -0.0053892121739689425,
                0.0010778424347937885
            ],
            "mean_frequency": [
                6.861606671597527,
                1.3723213343195055
            ],
            "AHP_depth_abs_slow": [
                -61.800749385284696,
                12.36014987705694
            ],
            "AP_width": [
                0.9230769230763284,
                0.1846153846152657
            ],
            "time_to_first_spike": [
                34.10000000009836,
                6.8200000000196725
            ],
            "AHP_depth_abs": [
                -61.628677659549794,
                12.32573553190996
            ]
        }
    }
}