{
    "bAP": {
        "soma": {
            "AP_width": [
                1.0000000000002274,
                0.20000000000004547
            ],
            "AP_height": [
                36.68397425789413,
                7.336794851578826
            ],
            "Spikecount": [
                1.0,
                0.2
            ]
        },
        "dend1": {
            "AP_amplitude_from_voltagebase": [
                66.07027956155962,
                13.214055912311924
            ]
        },
        "dend2": {
            "AP_amplitude_from_voltagebase": [
                47.40532768528851,
                9.481065537057702
            ]
        }
    },
    "Step3": {
        "soma": {
            "AP_height": [
                14.742029269495552,
                2.9484058538991107
            ],
            "AHP_slow_time": [
                0.30819970606988756,
                0.06163994121397751
            ],
            "ISI_CV": [
                0.10509447726188179,
                0.021018895452376358
            ],
            "doublet_ISI": [
                16.900000000003843,
                3.3800000000007686
            ],
            "adaptation_index2": [
                0.006995341086850026,
                0.0013990682173700053
            ],
            "mean_frequency": [
                18.02974908600414,
                3.6059498172008286
            ],
            "AHP_depth_abs_slow": [
                -54.43370347687743,
                10.886740695375487
            ],
            "AP_width": [
                0.9027777777771588,
                0.1805555555554318
            ],
            "time_to_first_spike": [
                10.500000000092996,
                2.1000000000185994
            ],
            "AHP_depth_abs": [
                -55.22991476553485,
                11.045982953106972
            ]
        }
    },
    "Step2": {
        "soma": {
            "AP_height": [
                24.239938138423117,
                4.847987627684624
            ],
            "AHP_slow_time": [
                0.20376699942605322,
                0.04075339988521065
            ],
            "ISI_CV": [
                0.050920605948463836,
                0.010184121189692768
            ],
            "doublet_ISI": [
                36.80000000000837,
                7.360000000001674
            ],
            "adaptation_index2": [
                0.0030440343868439654,
                0.0006088068773687931
            ],
            "mean_frequency": [
                9.557344064392804,
                1.911468812878561
            ],
            "AHP_depth_abs_slow": [
                -59.45572707759361,
                11.891145415518722
            ],
            "AP_width": [
                0.915789473683593,
                0.18315789473671862
            ],
            "time_to_first_spike": [
                22.900000000095815,
                4.580000000019163
            ],
            "AHP_depth_abs": [
                -60.47731912964455,
                12.09546382592891
            ]
        }
    },
    "Step1": {
        "soma": {
            "AP_height": [
                26.326580220123024,
                5.265316044024605
            ],
            "AHP_slow_time": [
                0.18258583172948295,
                0.03651716634589659
            ],
            "ISI_CV": [
                0.032104206783235244,
                0.006420841356647049
            ],
            "doublet_ISI": [
                53.40000000001214,
                10.68000000000243
            ],
            "adaptation_index2": [
                -0.0009406764023455826,
                0.00018813528046911655
            ],
            "mean_frequency": [
                7.625050833677381,
                1.5250101667354763
            ],
            "AHP_depth_abs_slow": [
                -61.01554807056826,
                12.203109614113652
            ],
            "AP_width": [
                0.9199999999993679,
                0.1839999999998736
            ],
            "time_to_first_spike": [
                33.00000000009811,
                6.600000000019623
            ],
            "AHP_depth_abs": [
                -60.89235910305697,
                12.178471820611394
            ]
        }
    }
}