{
    "Step3": {
        "soma": {
            "AP_height": [
                14.818665699393343,
                2.9637331398786686
            ],
            "AHP_slow_time": [
                0.30765710548452785,
                0.06153142109690557
            ],
            "ISI_CV": [
                0.10496881815708714,
                0.02099376363141743
            ],
            "doublet_ISI": [
                16.900000000003843,
                3.3800000000007686
            ],
            "adaptation_index2": [
                0.007022497705688794,
                0.0014044995411377588
            ],
            "mean_frequency": [
                18.03065210859685,
                3.6061304217193704
            ],
            "AHP_depth_abs_slow": [
                -54.43747326665991,
                10.887494653331983
            ],
            "AP_width": [
                0.8972222222216083,
                0.17944444444432167
            ],
            "time_to_first_spike": [
                10.500000000092996,
                2.1000000000185994
            ],
            "AHP_depth_abs": [
                -55.235752818684745,
                11.047150563736949
            ]
        }
    },
    "Step2": {
        "soma": {
            "AP_height": [
                24.051289935636067,
                4.810257987127214
            ],
            "AHP_slow_time": [
                0.20333299753200043,
                0.040666599506400086
            ],
            "ISI_CV": [
                0.05097400032069253,
                0.010194800064138506
            ],
            "doublet_ISI": [
                36.80000000000837,
                7.360000000001674
            ],
            "adaptation_index2": [
                0.0030727784952218726,
                0.0006145556990443746
            ],
            "mean_frequency": [
                9.557344064392804,
                1.911468812878561
            ],
            "AHP_depth_abs_slow": [
                -59.45777766120241,
                11.891555532240481
            ],
            "AP_width": [
                0.9263157894730571,
                0.18526315789461145
            ],
            "time_to_first_spike": [
                22.900000000095815,
                4.580000000019163
            ],
            "AHP_depth_abs": [
                -60.479570613893166,
                12.095914122778634
            ]
        }
    },
    "Step1": {
        "soma": {
            "AP_height": [
                26.473568034027227,
                5.294713606805446
            ],
            "AHP_slow_time": [
                0.18253356592186643,
                0.036506713184373284
            ],
            "ISI_CV": [
                0.03177996380884743,
                0.006355992761769486
            ],
            "doublet_ISI": [
                53.40000000001214,
                10.68000000000243
            ],
            "adaptation_index2": [
                -0.0008825880044950205,
                0.00017651760089900412
            ],
            "mean_frequency": [
                7.626601586338287,
                1.5253203172676575
            ],
            "AHP_depth_abs_slow": [
                -61.01935372085415,
                12.20387074417083
            ],
            "AP_width": [
                0.9066666666660467,
                0.18133333333320933
            ],
            "time_to_first_spike": [
                33.00000000009811,
                6.600000000019623
            ],
            "AHP_depth_abs": [
                -60.89529514586645,
                12.17905902917329
            ]
        },
        "MEA": {
            "peak_to_valley_0": [
                0.0015500000000000002,
                0.00031000000000000005
            ],
            "peak_to_valley_1": [
                0.0015,
                0.00030000000000000003
            ],
            "peak_to_valley_2": [
                0.0014550000000000001,
                0.000291
            ],
            "peak_to_valley_3": [
                0.001355,
                0.00027100000000000003
            ],
            "peak_to_valley_4": [
                0.0016450000000000002,
                0.0003290000000000001
            ],
            "peak_to_valley_5": [
                0.001755,
                0.000351
            ],
            "peak_to_valley_6": [
                0.001515,
                0.00030300000000000005
            ],
            "peak_to_valley_7": [
                -0.00034500000000000004,
                6.900000000000001e-05
            ],
            "peak_to_valley_8": [
                -0.0010500000000000002,
                0.00021000000000000004
            ],
            "peak_to_valley_9": [
                -0.0015450000000000001,
                0.00030900000000000003
            ],
            "peak_to_valley_10": [
                -0.0022400000000000002,
                0.00044800000000000005
            ],
            "peak_to_valley_11": [
                -0.00425,
                0.0008500000000000001
            ],
            "peak_to_valley_12": [
                -0.005200000000000001,
                0.0010400000000000001
            ],
            "peak_to_valley_13": [
                -0.0071200000000000005,
                0.0014240000000000001
            ],
            "peak_to_valley_14": [
                -0.009955,
                0.001991
            ],
            "peak_to_valley_15": [
                -0.00996,
                0.0019920000000000003
            ],
            "peak_to_valley_16": [
                -0.0064800000000000005,
                0.0012960000000000003
            ],
            "peak_to_valley_17": [
                -0.005745,
                0.001149
            ],
            "peak_to_valley_18": [
                -0.004995,
                0.000999
            ],
            "peak_to_valley_19": [
                -0.004445,
                0.000889
            ],
            "peak_trough_ratio_0": [
                -0.43047959909993144,
                0.0860959198199863
            ],
            "peak_trough_ratio_1": [
                -0.4638590769794249,
                0.09277181539588499
            ],
            "peak_trough_ratio_2": [
                -0.5103146145990138,
                0.10206292291980278
            ],
            "peak_trough_ratio_3": [
                -0.5829467269409734,
                0.11658934538819468
            ],
            "peak_trough_ratio_4": [
                -0.6357756603797715,
                0.1271551320759543
            ],
            "peak_trough_ratio_5": [
                -0.6063273839482993,
                0.12126547678965988
            ],
            "peak_trough_ratio_6": [
                -0.36991881784707176,
                0.07398376356941436
            ],
            "peak_trough_ratio_7": [
                -0.3995742032045455,
                0.0799148406409091
            ],
            "peak_trough_ratio_8": [
                -0.9987253668240061,
                0.19974507336480124
            ],
            "peak_trough_ratio_9": [
                -1.130394896811607,
                0.22607897936232144
            ],
            "peak_trough_ratio_10": [
                -1.3167736367612795,
                0.2633547273522559
            ],
            "peak_trough_ratio_11": [
                -1.4809561802126834,
                0.29619123604253667
            ],
            "peak_trough_ratio_12": [
                -1.6463610028841553,
                0.3292722005768311
            ],
            "peak_trough_ratio_13": [
                -1.7934151787807573,
                0.35868303575615146
            ],
            "peak_trough_ratio_14": [
                -2.086348661558943,
                0.4172697323117886
            ],