{
    "Step3": {
        "soma": {
            "AP_height": [
                14.742029269495552,
                2.9484058538991107
            ],
            "AHP_slow_time": [
                0.30819970606988756,
                0.06163994121397751
            ],
            "ISI_CV": [
                0.10509447726188179,
                0.021018895452376358
            ],
            "doublet_ISI": [
                16.900000000003843,
                3.3800000000007686
            ],
            "adaptation_index2": [
                0.006995341086850026,
                0.0013990682173700053
            ],
            "mean_frequency": [
                18.02974908600414,
                3.6059498172008286
            ],
            "AHP_depth_abs_slow": [
                -54.43370347687743,
                10.886740695375487
            ],
            "AP_width": [
                0.9027777777771588,
                0.1805555555554318
            ],
            "time_to_first_spike": [
                10.500000000092996,
                2.1000000000185994
            ],
            "AHP_depth_abs": [
                -55.22991476553485,
                11.045982953106972
            ]
        }
    },
    "Step2": {
        "soma": {
            "AP_height": [
                24.239938138423117,
                4.847987627684624
            ],
            "AHP_slow_time": [
                0.20376699942605322,
                0.04075339988521065
            ],
            "ISI_CV": [
                0.050920605948463836,
                0.010184121189692768
            ],
            "doublet_ISI": [
                36.80000000000837,
                7.360000000001674
            ],
            "adaptation_index2": [
                0.0030440343868439654,
                0.0006088068773687931
            ],
            "mean_frequency": [
                9.557344064392804,
                1.911468812878561
            ],
            "AHP_depth_abs_slow": [
                -59.45572707759361,
                11.891145415518722
            ],
            "AP_width": [
                0.915789473683593,
                0.18315789473671862
            ],
            "time_to_first_spike": [
                22.900000000095815,
                4.580000000019163
            ],
            "AHP_depth_abs": [
                -60.47731912964455,
                12.09546382592891
            ]
        }
    },
    "Step1": {
        "soma": {
            "AP_height": [
                26.326580220123024,
                5.265316044024605
            ],
            "AHP_slow_time": [
                0.18258583172948295,
                0.03651716634589659
            ],
            "ISI_CV": [
                0.032104206783235244,
                0.006420841356647049
            ],
            "doublet_ISI": [
                53.40000000001214,
                10.68000000000243
            ],
            "adaptation_index2": [
                -0.0009406764023455826,
                0.00018813528046911655
            ],
            "mean_frequency": [
                7.625050833677381,
                1.5250101667354763
            ],
            "AHP_depth_abs_slow": [
                -61.01554807056826,
                12.203109614113652
            ],
            "AP_width": [
                0.9199999999993679,
                0.1839999999998736
            ],
            "time_to_first_spike": [
                33.00000000009811,
                6.600000000019623
            ],
            "AHP_depth_abs": [
                -60.89235910305697,
                12.178471820611394
            ]
        },
        "MEA": {
            "peak_to_valley_0": [
                0.0015500000000000002,
                0.00031000000000000005
            ],
            "peak_to_valley_1": [
                0.001505,
                0.00030100000000000005
            ],
            "peak_to_valley_2": [
                0.0014550000000000001,
                0.000291
            ],
            "peak_to_valley_3": [
                0.00136,
                0.00027200000000000005
            ],
            "peak_to_valley_4": [
                0.0016450000000000002,
                0.0003290000000000001
            ],
            "peak_to_valley_5": [
                0.001765,
                0.000353
            ],
            "peak_to_valley_6": [
                0.00151,
                0.000302
            ],
            "peak_to_valley_7": [
                -0.00035000000000000005,
                7.000000000000001e-05
            ],
            "peak_to_valley_8": [
                -0.0010450000000000001,
                0.00020900000000000004
            ],
            "peak_to_valley_9": [
                -0.0015450000000000001,
                0.00030900000000000003
            ],
            "peak_to_valley_10": [
                -0.002245,
                0.000449
            ],
            "peak_to_valley_11": [
                -0.00425,
                0.0008500000000000001
            ],
            "peak_to_valley_12": [
                -0.005200000000000001,
                0.0010400000000000001
            ],
            "peak_to_valley_13": [
                -0.007115000000000001,
                0.0014230000000000002
            ],
            "peak_to_valley_14": [
                -0.00995,
                0.00199
            ],
            "peak_to_valley_15": [
                -0.009955,
                0.001991
            ],
            "peak_to_valley_16": [
                -0.0064800000000000005,
                0.0012960000000000003
            ],
            "peak_to_valley_17": [
                -0.005745,
                0.001149
            ],
            "peak_to_valley_18": [
                -0.004995,
                0.000999
            ],
            "peak_to_valley_19": [
                -0.004445,
                0.000889
            ],
            "peak_trough_ratio_0": [
                -0.44272743720597274,
                0.08854548744119456
            ],
            "peak_trough_ratio_1": [
                -0.47738621145888727,
                0.09547724229177745
            ],
            "peak_trough_ratio_2": [
                -0.525034373229076,
                0.1050068746458152
            ],
            "peak_trough_ratio_3": [
                -0.6000305137437302,
                0.12000610274874604
            ],
            "peak_trough_ratio_4": [
                -0.6465831276102618,
                0.12931662552205236
            ],
            "peak_trough_ratio_5": [
                -0.6108363634278516,
                0.12216727268557033
            ],
            "peak_trough_ratio_6": [
                -0.37529529227758956,
                0.07505905845551791
            ],
            "peak_trough_ratio_7": [
                -0.37381487021667725,
                0.07476297404333546
            ],
            "peak_trough_ratio_8": [
                -0.9862199750954194,
                0.19724399501908388
            ],
            "peak_trough_ratio_9": [
                -1.1266948600173716,
                0.22533897200347433
            ],
            "peak_trough_ratio_10": [
                -1.317466523536742,
                0.2634933047073484
            ],
            "peak_trough_ratio_11": [
                -1.4833045450583398,
                0.296660909011668
            ],
            "peak_trough_ratio_12": [
                -1.6474529401501092,
                0.32949058803002185
            ],
            "peak_trough_ratio_13": [
                -1.7720847324958724,
                0.3544169464991745
            ],
            "peak_trough_ratio_14": [
                -2.0556727417448784,
                0.41113454834897567
            ],
            "peak_trough_ratio_15": [
                -2.517970620845398,
                0.5035941241690796
            ],