{
    "Step3": {
        "soma": {
            "AP_height": [
                14.818665699393343,
                2.9637331398786686
            ],
            "AHP_slow_time": [
                0.30765710548452785,
                0.06153142109690557
            ],
            "ISI_CV": [
                0.10496881815708714,
                0.02099376363141743
            ],
            "doublet_ISI": [
                16.900000000003843,
                3.3800000000007686
            ],
            "adaptation_index2": [
                0.007022497705688794,
                0.0014044995411377588
            ],
            "mean_frequency": [
                18.03065210859685,
                3.6061304217193704
            ],
            "AHP_depth_abs_slow": [
                -54.43747326665991,
                10.887494653331983
            ],
            "AP_width": [
                0.8972222222216083,
                0.17944444444432167
            ],
            "time_to_first_spike": [
                10.500000000092996,
                2.1000000000185994
            ],
            "AHP_depth_abs": [
                -55.235752818684745,
                11.047150563736949
            ]
        }
    },
    "Step2": {
        "soma": {
            "AP_height": [
                24.051289935636067,
                4.810257987127214
            ],
            "AHP_slow_time": [
                0.20333299753200043,
                0.040666599506400086
            ],
            "ISI_CV": [
                0.05097400032069253,
                0.010194800064138506
            ],
            "doublet_ISI": [
                36.80000000000837,
                7.360000000001674
            ],
            "adaptation_index2": [
                0.0030727784952218726,
                0.0006145556990443746
            ],
            "mean_frequency": [
                9.557344064392804,
                1.911468812878561
            ],
            "AHP_depth_abs_slow": [
                -59.45777766120241,
                11.891555532240481
            ],
            "AP_width": [
                0.9263157894730571,
                0.18526315789461145
            ],
            "time_to_first_spike": [
                22.900000000095815,
                4.580000000019163
            ],
            "AHP_depth_abs": [
                -60.479570613893166,
                12.095914122778634
            ]
        }
    },
    "Step1": {
        "soma": {
            "AP_height": [
                26.473568034027227,
                5.294713606805446
            ],
            "AHP_slow_time": [
                0.18253356592186643,
                0.036506713184373284
            ],
            "ISI_CV": [
                0.03177996380884743,
                0.006355992761769486
            ],
            "doublet_ISI": [
                53.40000000001214,
                10.68000000000243
            ],
            "adaptation_index2": [
                -0.0008825880044950205,
                0.00017651760089900412
            ],
            "mean_frequency": [
                7.626601586338287,
                1.5253203172676575
            ],
            "AHP_depth_abs_slow": [
                -61.01935372085415,
                12.20387074417083
            ],
            "AP_width": [
                0.9066666666660467,
                0.18133333333320933
            ],
            "time_to_first_spike": [
                33.00000000009811,
                6.600000000019623
            ],
            "AHP_depth_abs": [
                -60.89529514586645,
                12.17905902917329
            ]
        }
    }
}