{
    "Step3": {
        "soma": {
            "AP_height": [
                11.373217954898921,
                2.2746435909797844
            ],
            "AHP_slow_time": [
                0.22935904593712883,
                0.04587180918742577
            ],
            "ISI_CV": [
                0.08455189708181877,
                0.016910379416363756
            ],
            "doublet_ISI": [
                18.000000000004093,
                3.6000000000008185
            ],
            "adaptation_index2": [
                0.004770180007611957,
                0.0009540360015223914
            ],
            "mean_frequency": [
                18.082274348296973,
                3.6164548696593948
            ],
            "AHP_depth_abs_slow": [
                -53.80894960689956,
                10.761789921379913
            ],
            "AP_width": [
                0.8138888888883034,
                0.16277777777766067
            ],
            "time_to_first_spike": [
                10.900000000093087,
                2.1800000000186173
            ],
            "AHP_depth_abs": [
                -54.6758954822514,
                10.93517909645028
            ]
        }
    },
    "Step2": {
        "soma": {
            "AP_height": [
                22.478726779002567,
                4.495745355800514
            ],
            "AHP_slow_time": [
                0.1653087562614848,
                0.03306175125229696
            ],
            "ISI_CV": [
                0.037463785799527825,
                0.007492757159905565
            ],
            "doublet_ISI": [
                42.200000000009595,
                8.44000000000192
            ],
            "adaptation_index2": [
                -0.001198300206040908,
                0.00023966004120818163
            ],
            "mean_frequency": [
                9.932563124059136,
                1.9865126248118274
            ],
            "AHP_depth_abs_slow": [
                -59.87023162571066,
                11.974046325142133
            ],
            "AP_width": [
                0.8263157894731301,
                0.16526315789462603
            ],
            "time_to_first_spike": [
                24.000000000096065,
                4.800000000019214
            ],
            "AHP_depth_abs": [
                -59.77557412929035,
                11.95511482585807
            ]
        }
    },
    "Step1": {
        "soma": {
            "AP_height": [
                24.504541985878404,
                4.900908397175681
            ],
            "AHP_slow_time": [
                0.15721916393930704,
                0.03144383278786141
            ],
            "ISI_CV": [
                0.03395542861232427,
                0.006791085722464854
            ],
            "doublet_ISI": [
                62.600000000014234,
                12.520000000002847
            ],
            "adaptation_index2": [
                -0.003515514293484462,
                0.0007031028586968924
            ],
            "mean_frequency": [
                7.961783439495748,
                1.5923566878991497
            ],
            "AHP_depth_abs_slow": [
                -61.35150561945319,
                12.27030112389064
            ],
            "AP_width": [
                0.8599999999994224,
                0.1719999999998845
            ],
            "time_to_first_spike": [
                35.10000000009859,
                7.020000000019718
            ],
            "AHP_depth_abs": [
                -61.18921553218242,
                12.237843106436486
            ]
        },
        "MEA": {
            "peak_to_valley_0": [
                0.001445,
                0.00028900000000000003
            ],
            "peak_to_valley_1": [
                0.0013950000000000002,
                0.00027900000000000006
            ],
            "peak_to_valley_2": [
                0.00135,
                0.00027
            ],
            "peak_to_valley_3": [
                0.0013050000000000002,
                0.00026100000000000006
            ],
            "peak_to_valley_4": [
                0.0016450000000000002,
                0.0003290000000000001
            ],
            "peak_to_valley_5": [
                0.00177,
                0.00035400000000000004
            ],
            "peak_to_valley_6": [
                0.0014000000000000002,
                0.00028000000000000003
            ],
            "peak_to_valley_7": [
                -0.00071,
                0.000142
            ],
            "peak_to_valley_8": [
                -0.0011350000000000002,
                0.00022700000000000004
            ],
            "peak_to_valley_9": [
                -0.0014500000000000001,
                0.00029000000000000006
            ],
            "peak_to_valley_10": [
                -0.0019150000000000003,
                0.0003830000000000001
            ],
            "peak_to_valley_11": [
                -0.0036750000000000003,
                0.0007350000000000001
            ],
            "peak_to_valley_12": [
                -0.005695,
                0.001139
            ],
            "peak_to_valley_13": [
                -0.00685,
                0.0013700000000000001
            ],
            "peak_to_valley_14": [
                -0.009935000000000001,
                0.0019870000000000005
            ],
            "peak_to_valley_15": [
                -0.009940000000000001,
                0.001988
            ],
            "peak_to_valley_16": [
                -0.009940000000000001,
                0.001988
            ],
            "peak_to_valley_17": [
                -0.00995,
                0.00199
            ],
            "peak_to_valley_18": [
                -0.010010000000000002,
                0.0020020000000000003
            ],
            "peak_to_valley_19": [
                -0.010010000000000002,
                0.0020020000000000003
            ],
            "peak_trough_ratio_0": [
                -0.43986220544417065,
                0.08797244108883413
            ],
            "peak_trough_ratio_1": [
                -0.47518162586849433,
                0.09503632517369887
            ],
            "peak_trough_ratio_2": [
                -0.5247935499783829,
                0.10495870999567658
            ],
            "peak_trough_ratio_3": [
                -0.602823285862557,
                0.1205646571725114
            ],
            "peak_trough_ratio_4": [
                -0.6321100310566662,
                0.12642200621133323
            ],
            "peak_trough_ratio_5": [
                -0.6010818241009832,
                0.12021636482019665
            ],
            "peak_trough_ratio_6": [
                -0.40629775340401103,
                0.0812595506808022
            ],
            "peak_trough_ratio_7": [
                -0.3417195717130192,
                0.06834391434260384
            ],
            "peak_trough_ratio_8": [
                -0.9735613136928497,
                0.19471226273856995
            ],
            "peak_trough_ratio_9": [
                -1.3252914946591228,
                0.2650582989318246
            ],
            "peak_trough_ratio_10": [
                -1.8198346789328983,
                0.3639669357865797
            ],
            "peak_trough_ratio_11": [
                -2.3191159646604556,
                0.4638231929320911
            ],
            "peak_trough_ratio_12": [
                -2.3652109650154203,
                0.4730421930030841
            ],
            "peak_trough_ratio_13": [
                -2.49564730235343,
                0.49912946047068596
            ],
            "peak_trough_ratio_14": [
                -2.722568759060545,
                0.544513751812109
            ],