{
    "Step3": {
        "soma": {
            "AP_height": [
                11.248406967546597,
                2.2496813935093196
            ],
            "AHP_slow_time": [
                0.2311043275945076,
                0.046220865518901526
            ],
            "ISI_CV": [
                0.08455627458872761,
                0.016911254917745523
            ],
            "doublet_ISI": [
                18.000000000004093,
                3.6000000000008185
            ],
            "adaptation_index2": [
                0.004770174613082599,
                0.0009540349226165198
            ],
            "mean_frequency": [
                18.084091023270428,
                3.616818204654086
            ],
            "AHP_depth_abs_slow": [
                -53.810733045444366,
                10.762146609088873
            ],
            "AP_width": [
                0.8194444444438539,
                0.1638888888887708
            ],
            "time_to_first_spike": [
                10.900000000093087,
                2.1800000000186173
            ],
            "AHP_depth_abs": [
                -54.6765763969706,
                10.935315279394121
            ]
        }
    },
    "Step2": {
        "soma": {
            "AP_height": [
                22.33468310159542,
                4.466936620319085
            ],
            "AHP_slow_time": [
                0.16773148406698044,
                0.03354629681339609
            ],
            "ISI_CV": [
                0.03726303761862793,
                0.007452607523725587
            ],
            "doublet_ISI": [
                42.30000000000962,
                8.460000000001925
            ],
            "adaptation_index2": [
                -0.0013163183487658794,
                0.0002632636697531759
            ],
            "mean_frequency": [
                9.934121091714275,
                1.986824218342855
            ],
            "AHP_depth_abs_slow": [
                -59.871179407261266,
                11.974235881452254
            ],
            "AP_width": [
                0.8315789473678562,
                0.16631578947357126
            ],
            "time_to_first_spike": [
                24.000000000096065,
                4.800000000019214
            ],
            "AHP_depth_abs": [
                -59.77665947576144,
                11.95533189515229
            ]
        }
    },
    "Step1": {
        "soma": {
            "AP_height": [
                24.265828933319654,
                4.853165786663931
            ],
            "AHP_slow_time": [
                0.15817345901577945,
                0.03163469180315589
            ],
            "ISI_CV": [
                0.03403658999960177,
                0.006807317999920354
            ],
            "doublet_ISI": [
                62.40000000001419,
                12.480000000002839
            ],
            "adaptation_index2": [
                -0.0036044580855165366,
                0.0007208916171033073
            ],
            "mean_frequency": [
                7.9613608619553045,
                1.592272172391061
            ],
            "AHP_depth_abs_slow": [
                -61.350849115558724,
                12.270169823111745
            ],
            "AP_width": [
                0.8466666666660861,
                0.16933333333321723
            ],
            "time_to_first_spike": [
                35.10000000009859,
                7.020000000019718
            ],
            "AHP_depth_abs": [
                -61.18872465488898,
                12.237744930977797
            ]
        },
        "MEA": {
            "peak_to_valley_0": [
                0.00144,
                0.000288
            ],
            "peak_to_valley_1": [
                0.0013950000000000002,
                0.00027900000000000006
            ],
            "peak_to_valley_2": [
                0.00135,
                0.00027
            ],
            "peak_to_valley_3": [
                0.0013050000000000002,
                0.00026100000000000006
            ],
            "peak_to_valley_4": [
                0.0016400000000000002,
                0.00032800000000000006
            ],
            "peak_to_valley_5": [
                0.00177,
                0.00035400000000000004
            ],
            "peak_to_valley_6": [
                0.0013950000000000002,
                0.00027900000000000006
            ],
            "peak_to_valley_7": [
                -0.00071,
                0.000142
            ],
            "peak_to_valley_8": [
                -0.0011300000000000001,
                0.00022600000000000005
            ],
            "peak_to_valley_9": [
                -0.00144,
                0.000288
            ],
            "peak_to_valley_10": [
                -0.0019600000000000004,
                0.0003920000000000001
            ],
            "peak_to_valley_11": [
                -0.0036550000000000003,
                0.0007310000000000001
            ],
            "peak_to_valley_12": [
                -0.005635,
                0.0011270000000000002
            ],
            "peak_to_valley_13": [
                -0.006895000000000001,
                0.0013790000000000002
            ],
            "peak_to_valley_14": [
                -0.009930000000000001,
                0.0019860000000000004
            ],
            "peak_to_valley_15": [
                -0.009930000000000001,
                0.0019860000000000004
            ],
            "peak_to_valley_16": [
                -0.009935000000000001,
                0.0019870000000000005
            ],
            "peak_to_valley_17": [
                -0.009940000000000001,
                0.001988
            ],
            "peak_to_valley_18": [
                -0.010005,
                0.002001
            ],
            "peak_to_valley_19": [
                -0.010005,
                0.002001
            ],
            "peak_trough_ratio_0": [
                -0.44948034395900066,
                0.08989606879180013
            ],
            "peak_trough_ratio_1": [
                -0.48554526175170637,
                0.09710905235034129
            ],
            "peak_trough_ratio_2": [
                -0.5361599468259697,
                0.10723198936519394
            ],
            "peak_trough_ratio_3": [
                -0.6154102509456943,
                0.12308205018913887
            ],
            "peak_trough_ratio_4": [
                -0.6404939872954558,
                0.12809879745909117
            ],
            "peak_trough_ratio_5": [
                -0.6045385515383447,
                0.12090771030766895
            ],
            "peak_trough_ratio_6": [
                -0.41192612547330254,
                0.08238522509466051
            ],
            "peak_trough_ratio_7": [
                -0.3330347982507809,
                0.06660695965015619
            ],
            "peak_trough_ratio_8": [
                -0.960245610877853,
                0.1920491221755706
            ],
            "peak_trough_ratio_9": [
                -1.3204269229220311,
                0.2640853845844062
            ],
            "peak_trough_ratio_10": [
                -1.8189491193812173,
                0.3637898238762435
            ],
            "peak_trough_ratio_11": [
                -2.314315081337314,
                0.4628630162674628
            ],
            "peak_trough_ratio_12": [
                -2.349315217613607,
                0.4698630435227214
            ],
            "peak_trough_ratio_13": [
                -2.4717529845871704,
                0.4943505969174341
            ],
            "peak_trough_ratio_14": [
                -2.692965902109525,
                0.538593180421905
            ],