{
    "Step3": {
        "soma": {
            "AP_height": [
                11.248406967546597,
                2.2496813935093196
            ],
            "AHP_slow_time": [
                0.2311043275945076,
                0.046220865518901526
            ],
            "ISI_CV": [
                0.08455627458872761,
                0.016911254917745523
            ],
            "doublet_ISI": [
                18.000000000004093,
                3.6000000000008185
            ],
            "adaptation_index2": [
                0.004770174613082599,
                0.0009540349226165198
            ],
            "mean_frequency": [
                18.084091023270428,
                3.616818204654086
            ],
            "AHP_depth_abs_slow": [
                -53.810733045444366,
                10.762146609088873
            ],
            "AP_width": [
                0.8194444444438539,
                0.1638888888887708
            ],
            "time_to_first_spike": [
                10.900000000093087,
                2.1800000000186173
            ],
            "AHP_depth_abs": [
                -54.6765763969706,
                10.935315279394121
            ]
        }
    },
    "Step2": {
        "soma": {
            "AP_height": [
                22.33468310159542,
                4.466936620319085
            ],
            "AHP_slow_time": [
                0.16773148406698044,
                0.03354629681339609
            ],
            "ISI_CV": [
                0.03726303761862793,
                0.007452607523725587
            ],
            "doublet_ISI": [
                42.30000000000962,
                8.460000000001925
            ],
            "adaptation_index2": [
                -0.0013163183487658794,
                0.0002632636697531759
            ],
            "mean_frequency": [
                9.934121091714275,
                1.986824218342855
            ],
            "AHP_depth_abs_slow": [
                -59.871179407261266,
                11.974235881452254
            ],
            "AP_width": [
                0.8315789473678562,
                0.16631578947357126
            ],
            "time_to_first_spike": [
                24.000000000096065,
                4.800000000019214
            ],
            "AHP_depth_abs": [
                -59.77665947576144,
                11.95533189515229
            ]
        }
    },
    "Step1": {
        "soma": {
            "AP_height": [
                24.265828933319654,
                4.853165786663931
            ],
            "AHP_slow_time": [
                0.15817345901577945,
                0.03163469180315589
            ],
            "ISI_CV": [
                0.03403658999960177,
                0.006807317999920354
            ],
            "doublet_ISI": [
                62.40000000001419,
                12.480000000002839
            ],
            "adaptation_index2": [
                -0.0036044580855165366,
                0.0007208916171033073
            ],
            "mean_frequency": [
                7.9613608619553045,
                1.592272172391061
            ],
            "AHP_depth_abs_slow": [
                -61.350849115558724,
                12.270169823111745
            ],
            "AP_width": [
                0.8466666666660861,
                0.16933333333321723
            ],
            "time_to_first_spike": [
                35.10000000009859,
                7.020000000019718
            ],
            "AHP_depth_abs": [
                -61.18872465488898,
                12.237744930977797
            ]
        }
    }
}