{
    "Step3": {
        "soma": {
            "AP_height": [
                11.373217954898921,
                2.2746435909797844
            ],
            "AHP_slow_time": [
                0.22935904593712883,
                0.04587180918742577
            ],
            "ISI_CV": [
                0.08455189708181877,
                0.016910379416363756
            ],
            "doublet_ISI": [
                18.000000000004093,
                3.6000000000008185
            ],
            "adaptation_index2": [
                0.004770180007611957,
                0.0009540360015223914
            ],
            "mean_frequency": [
                18.082274348296973,
                3.6164548696593948
            ],
            "AHP_depth_abs_slow": [
                -53.80894960689956,
                10.761789921379913
            ],
            "AP_width": [
                0.8138888888883034,
                0.16277777777766067
            ],
            "time_to_first_spike": [
                10.900000000093087,
                2.1800000000186173
            ],
            "AHP_depth_abs": [
                -54.6758954822514,
                10.93517909645028
            ]
        }
    },
    "Step2": {
        "soma": {
            "AP_height": [
                22.478726779002567,
                4.495745355800514
            ],
            "AHP_slow_time": [
                0.1653087562614848,
                0.03306175125229696
            ],
            "ISI_CV": [
                0.037463785799527825,
                0.007492757159905565
            ],
            "doublet_ISI": [
                42.200000000009595,
                8.44000000000192
            ],
            "adaptation_index2": [
                -0.001198300206040908,
                0.00023966004120818163
            ],
            "mean_frequency": [
                9.932563124059136,
                1.9865126248118274
            ],
            "AHP_depth_abs_slow": [
                -59.87023162571066,
                11.974046325142133
            ],
            "AP_width": [
                0.8263157894731301,
                0.16526315789462603
            ],
            "time_to_first_spike": [
                24.000000000096065,
                4.800000000019214
            ],
            "AHP_depth_abs": [
                -59.77557412929035,
                11.95511482585807
            ]
        }
    },
    "Step1": {
        "soma": {
            "AP_height": [
                24.504541985878404,
                4.900908397175681
            ],
            "AHP_slow_time": [
                0.15721916393930704,
                0.03144383278786141
            ],
            "ISI_CV": [
                0.03395542861232427,
                0.006791085722464854
            ],
            "doublet_ISI": [
                62.600000000014234,
                12.520000000002847
            ],
            "adaptation_index2": [
                -0.003515514293484462,
                0.0007031028586968924
            ],
            "mean_frequency": [
                7.961783439495748,
                1.5923566878991497
            ],
            "AHP_depth_abs_slow": [
                -61.35150561945319,
                12.27030112389064
            ],
            "AP_width": [
                0.8599999999994224,
                0.1719999999998845
            ],
            "time_to_first_spike": [
                35.10000000009859,
                7.020000000019718
            ],
            "AHP_depth_abs": [
                -61.18921553218242,
                12.237843106436486
            ]
        }
    }
}