{
    "bAP": {
        "soma": {
            "AP_width": [
                0.9000000000002046,
                0.18000000000004093
            ],
            "AP_height": [
                37.19332863671696,
                7.438665727343393
            ],
            "Spikecount": [
                1.0,
                0.2
            ]
        },
        "dend1": {
            "AP_amplitude_from_voltagebase": [
                48.859705426430175,
                9.771941085286036
            ]
        },
        "dend2": {
            "AP_amplitude_from_voltagebase": [
                26.612342340809278,
                5.322468468161856
            ]
        }
    },
    "Step3": {
        "soma": {
            "AP_height": [
                13.545463940603412,
                2.7090927881206825
            ],
            "AHP_slow_time": [
                0.23103397245325924,
                0.04620679449065185
            ],
            "ISI_CV": [
                0.11384493255998217,
                0.022768986511996436
            ],
            "doublet_ISI": [
                17.800000000004047,
                3.5600000000008096
            ],
            "adaptation_index2": [
                0.007511011968870948,
                0.0015022023937741897
            ],
            "mean_frequency": [
                19.76484897629556,
                3.9529697952591123
            ],
            "AHP_depth_abs_slow": [
                -54.20590753740369,
                10.841181507480739
            ],
            "AP_width": [
                0.8435897435891571,
                0.1687179487178314
            ],
            "time_to_first_spike": [
                10.900000000093087,
                2.1800000000186173
            ],
            "AHP_depth_abs": [
                -54.26147470487657,
                10.852294940975314
            ]
        }
    },
    "Step2": {
        "soma": {
            "AP_height": [
                23.60327818523866,
                4.720655637047733
            ],
            "AHP_slow_time": [
                0.1376586888844724,
                0.027531737776894483
            ],
            "ISI_CV": [
                0.07496611640790087,
                0.014993223281580174
            ],
            "doublet_ISI": [
                34.70000000000789,
                6.940000000001579
            ],
            "adaptation_index2": [
                0.008337076335665083,
                0.0016674152671330167
            ],
            "mean_frequency": [
                9.19023792505471,
                1.8380475850109421
            ],
            "AHP_depth_abs_slow": [
                -59.53989789295403,
                11.907979578590806
            ],
            "AP_width": [
                0.8833333333327573,
                0.17666666666655148
            ],
            "time_to_first_spike": [
                24.000000000096065,
                4.800000000019214
            ],
            "AHP_depth_abs": [
                -59.474411330992616,
                11.894882266198524
            ]
        }
    },
    "Step1": {
        "soma": {
            "AP_height": [
                26.00431462059536,
                5.200862924119072
            ],
            "AHP_slow_time": [
                0.12586302164218136,
                0.025172604328436272
            ],
            "ISI_CV": [
                0.03826320320528808,
                0.007652640641057616
            ],
            "doublet_ISI": [
                51.40000000001169,
                10.280000000002339
            ],
            "adaptation_index2": [
                0.002269402755605383,
                0.00045388055112107666
            ],
            "mean_frequency": [
                7.204610951013497,
                1.4409221902026994
            ],
            "AHP_depth_abs_slow": [
                -61.167733535060364,
                12.233546707012074
            ],
            "AP_width": [
                0.8499999999994381,
                0.16999999999988763
            ],
            "time_to_first_spike": [
                34.900000000098544,
                6.980000000019709
            ],
            "AHP_depth_abs": [
                -61.05575432011829,
                12.211150864023658
            ]
        }
    }
}