{
    "Step3": {
        "soma": {
            "AP_height": [
                13.665629032487931,
                2.7331258064975863
            ],
            "AHP_slow_time": [
                0.23387061551614075,
                0.04677412310322815
            ],
            "ISI_CV": [
                0.11353940284750895,
                0.022707880569501793
            ],
            "doublet_ISI": [
                17.800000000004047,
                3.5600000000008096
            ],
            "adaptation_index2": [
                0.007538910341962519,
                0.001507782068392504
            ],
            "mean_frequency": [
                19.765850691818155,
                3.9531701383636313
            ],
            "AHP_depth_abs_slow": [
                -54.206831035016904,
                10.841366207003382
            ],
            "AP_width": [
                0.853846153845561,
                0.1707692307691122
            ],
            "time_to_first_spike": [
                10.900000000093087,
                2.1800000000186173
            ],
            "AHP_depth_abs": [
                -54.26154747734339,
                10.85230949546868
            ]
        }
    },
    "Step2": {
        "soma": {
            "AP_height": [
                23.14369584161697,
                4.628739168323395
            ],
            "AHP_slow_time": [
                0.13782796347742496,
                0.027565592695484992
            ],
            "ISI_CV": [
                0.0744977151883767,
                0.01489954303767534
            ],
            "doublet_ISI": [
                34.70000000000789,
                6.940000000001579
            ],
            "adaptation_index2": [
                0.00823260717646324,
                0.001646521435292648
            ],
            "mean_frequency": [
                9.186954524581308,
                1.8373909049162618
            ],
            "AHP_depth_abs_slow": [
                -59.530774254170645,
                11.90615485083413
            ],
            "AP_width": [
                0.8611111111105489,
                0.1722222222221098
            ],
            "time_to_first_spike": [
                24.000000000096065,
                4.800000000019214
            ],
            "AHP_depth_abs": [
                -59.467113419784255,
                11.893422683956851
            ]
        }
    },
    "Step1": {
        "soma": {
            "AP_height": [
                26.167713642365353,
                5.233542728473071
            ],
            "AHP_slow_time": [
                0.12516800528823124,
                0.02503360105764625
            ],
            "ISI_CV": [
                0.03751926588303722,
                0.007503853176607445
            ],
            "doublet_ISI": [
                51.40000000001169,
                10.280000000002339
            ],
            "adaptation_index2": [
                0.0021154037451264793,
                0.0004230807490252959
            ],
            "mean_frequency": [
                7.206465228810123,
                1.4412930457620248
            ],
            "AHP_depth_abs_slow": [
                -61.16667918694452,
                12.233335837388905
            ],
            "AP_width": [
                0.87142857142799,
                0.17428571428559803
            ],
            "time_to_first_spike": [
                34.900000000098544,
                6.980000000019709
            ],
            "AHP_depth_abs": [
                -61.05560018982284,
                12.21112003796457
            ]
        },
        "MEA": {
            "peak_to_valley_0": [
                0.0014900000000000002,
                0.0002980000000000001
            ],
            "peak_to_valley_1": [
                0.00144,
                0.000288
            ],
            "peak_to_valley_2": [
                0.0013950000000000002,
                0.00027900000000000006
            ],
            "peak_to_valley_3": [
                0.00135,
                0.00027
            ],
            "peak_to_valley_4": [
                0.0016400000000000002,
                0.00032800000000000006
            ],
            "peak_to_valley_5": [
                0.0018100000000000002,
                0.00036200000000000007
            ],
            "peak_to_valley_6": [
                0.0014500000000000001,
                0.00029000000000000006
            ],
            "peak_to_valley_7": [
                -0.00033000000000000005,
                6.600000000000002e-05
            ],
            "peak_to_valley_8": [
                -0.0011350000000000002,
                0.00022700000000000004
            ],
            "peak_to_valley_9": [
                -0.0014500000000000001,
                0.00029000000000000006
            ],
            "peak_to_valley_10": [
                -0.001955,
                0.00039100000000000007
            ],
            "peak_to_valley_11": [
                -0.0032,
                0.00064
            ],
            "peak_to_valley_12": [
                -0.005495000000000001,
                0.0010990000000000002
            ],
            "peak_to_valley_13": [
                -0.006605000000000001,
                0.0013210000000000001
            ],
            "peak_to_valley_14": [
                -0.009940000000000001,
                0.001988
            ],
            "peak_to_valley_15": [
                -0.009940000000000001,
                0.001988
            ],
            "peak_to_valley_16": [
                -0.009945,
                0.0019890000000000003
            ],
            "peak_to_valley_17": [
                -0.009945,
                0.0019890000000000003
            ],
            "peak_to_valley_18": [
                -0.010010000000000002,
                0.0020020000000000003
            ],
            "peak_to_valley_19": [
                -0.010015000000000001,
                0.0020030000000000004
            ],
            "peak_trough_ratio_0": [
                -0.39423282320647735,
                0.07884656464129547
            ],
            "peak_trough_ratio_1": [
                -0.42445698165787876,
                0.08489139633157576
            ],
            "peak_trough_ratio_2": [
                -0.4671932338436036,
                0.09343864676872073
            ],
            "peak_trough_ratio_3": [
                -0.5351910057001122,
                0.10703820114002245
            ],
            "peak_trough_ratio_4": [
                -0.6061426935259783,
                0.12122853870519566
            ],
            "peak_trough_ratio_5": [
                -0.5835206455507608,
                0.11670412911015215
            ],
            "peak_trough_ratio_6": [
                -0.3744905890688238,
                0.07489811781376476
            ],
            "peak_trough_ratio_7": [
                -0.34945216077812163,
                0.06989043215562434
            ],
            "peak_trough_ratio_8": [
                -1.0734953461772998,
                0.21469906923545998
            ],
            "peak_trough_ratio_9": [
                -1.4644384591495903,
                0.2928876918299181
            ],
            "peak_trough_ratio_10": [
                -1.9672738333967559,
                0.3934547666793512
            ],
            "peak_trough_ratio_11": [
                -2.453758327011533,
                0.49075166540230664
            ],
            "peak_trough_ratio_12": [
                -2.5235515916185154,
                0.504710318323703
            ],
            "peak_trough_ratio_13": [
                -2.6658721006161747,
                0.533174420123235
            ],
            "peak_trough_ratio_14": [
                -2.9590566020213385,
                0.5918113204042678
            ],