{
    "Step3": {
        "soma": {
            "AP_height": [
                13.545463940603412,
                2.7090927881206825
            ],
            "AHP_slow_time": [
                0.23103397245325924,
                0.04620679449065185
            ],
            "ISI_CV": [
                0.11384493255998217,
                0.022768986511996436
            ],
            "doublet_ISI": [
                17.800000000004047,
                3.5600000000008096
            ],
            "adaptation_index2": [
                0.007511011968870948,
                0.0015022023937741897
            ],
            "mean_frequency": [
                19.76484897629556,
                3.9529697952591123
            ],
            "AHP_depth_abs_slow": [
                -54.20590753740369,
                10.841181507480739
            ],
            "AP_width": [
                0.8435897435891571,
                0.1687179487178314
            ],
            "time_to_first_spike": [
                10.900000000093087,
                2.1800000000186173
            ],
            "AHP_depth_abs": [
                -54.26147470487657,
                10.852294940975314
            ]
        }
    },
    "Step2": {
        "soma": {
            "AP_height": [
                23.60327818523866,
                4.720655637047733
            ],
            "AHP_slow_time": [
                0.1376586888844724,
                0.027531737776894483
            ],
            "ISI_CV": [
                0.07496611640790087,
                0.014993223281580174
            ],
            "doublet_ISI": [
                34.70000000000789,
                6.940000000001579
            ],
            "adaptation_index2": [
                0.008337076335665083,
                0.0016674152671330167
            ],
            "mean_frequency": [
                9.19023792505471,
                1.8380475850109421
            ],
            "AHP_depth_abs_slow": [
                -59.53989789295403,
                11.907979578590806
            ],
            "AP_width": [
                0.8833333333327573,
                0.17666666666655148
            ],
            "time_to_first_spike": [
                24.000000000096065,
                4.800000000019214
            ],
            "AHP_depth_abs": [
                -59.474411330992616,
                11.894882266198524
            ]
        }
    },
    "Step1": {
        "soma": {
            "AP_height": [
                26.00431462059536,
                5.200862924119072
            ],
            "AHP_slow_time": [
                0.12586302164218136,
                0.025172604328436272
            ],
            "ISI_CV": [
                0.03826320320528808,
                0.007652640641057616
            ],
            "doublet_ISI": [
                51.40000000001169,
                10.280000000002339
            ],
            "adaptation_index2": [
                0.002269402755605383,
                0.00045388055112107666
            ],
            "mean_frequency": [
                7.204610951013497,
                1.4409221902026994
            ],
            "AHP_depth_abs_slow": [
                -61.167733535060364,
                12.233546707012074
            ],
            "AP_width": [
                0.8499999999994381,
                0.16999999999988763
            ],
            "time_to_first_spike": [
                34.900000000098544,
                6.980000000019709
            ],
            "AHP_depth_abs": [
                -61.05575432011829,
                12.211150864023658
            ]
        },
        "MEA": {
            "peak_to_valley_0": [
                0.001495,
                0.000299
            ],
            "peak_to_valley_1": [
                0.0014500000000000001,
                0.00029000000000000006
            ],
            "peak_to_valley_2": [
                0.0014000000000000002,
                0.00028000000000000003
            ],
            "peak_to_valley_3": [
                0.001355,
                0.00027100000000000003
            ],
            "peak_to_valley_4": [
                0.0016500000000000002,
                0.00033000000000000005
            ],
            "peak_to_valley_5": [
                0.0018200000000000002,
                0.00036400000000000007
            ],
            "peak_to_valley_6": [
                0.0014600000000000001,
                0.00029200000000000005
            ],
            "peak_to_valley_7": [
                -0.00033000000000000005,
                6.600000000000002e-05
            ],
            "peak_to_valley_8": [
                -0.0011450000000000002,
                0.00022900000000000004
            ],
            "peak_to_valley_9": [
                -0.0014500000000000001,
                0.00029000000000000006
            ],
            "peak_to_valley_10": [
                -0.0019150000000000003,
                0.0003830000000000001
            ],
            "peak_to_valley_11": [
                -0.0032,
                0.00064
            ],
            "peak_to_valley_12": [
                -0.005505,
                0.0011010000000000002
            ],
            "peak_to_valley_13": [
                -0.0067150000000000005,
                0.0013430000000000002
            ],
            "peak_to_valley_14": [
                -0.00995,
                0.00199
            ],
            "peak_to_valley_15": [
                -0.00995,
                0.00199
            ],
            "peak_to_valley_16": [
                -0.009955,
                0.001991
            ],
            "peak_to_valley_17": [
                -0.009955,
                0.001991
            ],
            "peak_to_valley_18": [
                -0.010020000000000001,
                0.002004
            ],
            "peak_to_valley_19": [
                -0.010020000000000001,
                0.002004
            ],
            "peak_trough_ratio_0": [
                -0.39436940737608284,
                0.07887388147521657
            ],
            "peak_trough_ratio_1": [
                -0.4245409843523448,
                0.08490819687046897
            ],
            "peak_trough_ratio_2": [
                -0.4674497876667575,
                0.0934899575333515
            ],
            "peak_trough_ratio_3": [
                -0.535346037656604,
                0.10706920753132082
            ],
            "peak_trough_ratio_4": [
                -0.6074223276156338,
                0.12148446552312675
            ],
            "peak_trough_ratio_5": [
                -0.5840118406109125,
                0.1168023681221825
            ],
            "peak_trough_ratio_6": [
                -0.37509902343934765,
                0.07501980468786953
            ],
            "peak_trough_ratio_7": [
                -0.345779395570759,
                0.0691558791141518
            ],
            "peak_trough_ratio_8": [
                -1.0713592995475385,
                0.2142718599095077
            ],
            "peak_trough_ratio_9": [
                -1.4633917789226787,
                0.29267835578453577
            ],
            "peak_trough_ratio_10": [
                -1.9664143167584303,
                0.39328286335168605
            ],
            "peak_trough_ratio_11": [
                -2.4536816942711046,
                0.49073633885422097
            ],
            "peak_trough_ratio_12": [
                -2.520078897823449,
                0.5040157795646899
            ],
            "peak_trough_ratio_13": [
                -2.66202427171944,
                0.5324048543438881
            ],
            "peak_trough_ratio_14": [
                -2.9584726997847204,
                0.5916945399569441
            ],