{
    "Step3": {
        "soma": {
            "AP_height": [
                13.665629032487931,
                2.7331258064975863
            ],
            "AHP_slow_time": [
                0.23387061551614075,
                0.04677412310322815
            ],
            "ISI_CV": [
                0.11353940284750895,
                0.022707880569501793
            ],
            "doublet_ISI": [
                17.800000000004047,
                3.5600000000008096
            ],
            "adaptation_index2": [
                0.007538910341962519,
                0.001507782068392504
            ],
            "mean_frequency": [
                19.765850691818155,
                3.9531701383636313
            ],
            "AHP_depth_abs_slow": [
                -54.206831035016904,
                10.841366207003382
            ],
            "AP_width": [
                0.853846153845561,
                0.1707692307691122
            ],
            "time_to_first_spike": [
                10.900000000093087,
                2.1800000000186173
            ],
            "AHP_depth_abs": [
                -54.26154747734339,
                10.85230949546868
            ]
        }
    },
    "Step2": {
        "soma": {
            "AP_height": [
                23.14369584161697,
                4.628739168323395
            ],
            "AHP_slow_time": [
                0.13782796347742496,
                0.027565592695484992
            ],
            "ISI_CV": [
                0.0744977151883767,
                0.01489954303767534
            ],
            "doublet_ISI": [
                34.70000000000789,
                6.940000000001579
            ],
            "adaptation_index2": [
                0.00823260717646324,
                0.001646521435292648
            ],
            "mean_frequency": [
                9.186954524581308,
                1.8373909049162618
            ],
            "AHP_depth_abs_slow": [
                -59.530774254170645,
                11.90615485083413
            ],
            "AP_width": [
                0.8611111111105489,
                0.1722222222221098
            ],
            "time_to_first_spike": [
                24.000000000096065,
                4.800000000019214
            ],
            "AHP_depth_abs": [
                -59.467113419784255,
                11.893422683956851
            ]
        }
    },
    "Step1": {
        "soma": {
            "AP_height": [
                26.167713642365353,
                5.233542728473071
            ],
            "AHP_slow_time": [
                0.12516800528823124,
                0.02503360105764625
            ],
            "ISI_CV": [
                0.03751926588303722,
                0.007503853176607445
            ],
            "doublet_ISI": [
                51.40000000001169,
                10.280000000002339
            ],
            "adaptation_index2": [
                0.0021154037451264793,
                0.0004230807490252959
            ],
            "mean_frequency": [
                7.206465228810123,
                1.4412930457620248
            ],
            "AHP_depth_abs_slow": [
                -61.16667918694452,
                12.233335837388905
            ],
            "AP_width": [
                0.87142857142799,
                0.17428571428559803
            ],
            "time_to_first_spike": [
                34.900000000098544,
                6.980000000019709
            ],
            "AHP_depth_abs": [
                -61.05560018982284,
                12.21112003796457
            ]
        }
    }
}