{
    "bAP": {
        "soma": {
            "AP_width": [
                1.0000000000002274,
                0.20000000000004547
            ],
            "AP_height": [
                39.56794673859198,
                7.913589347718396
            ],
            "Spikecount": [
                1.0,
                0.2
            ]
        },
        "dend1": {
            "AP_amplitude_from_voltagebase": [
                63.30810918503033,
                12.661621837006066
            ]
        },
        "dend2": {
            "AP_amplitude_from_voltagebase": [
                41.7626076295991,
                8.352521525919821
            ]
        }
    },
    "Step3": {
        "soma": {
            "AP_height": [
                18.028702376982853,
                3.605740475396571
            ],
            "AHP_slow_time": [
                0.22206263970101883,
                0.04441252794020377
            ],
            "ISI_CV": [
                0.1030389427463699,
                0.020607788549273982
            ],
            "doublet_ISI": [
                19.100000000004343,
                3.820000000000869
            ],
            "adaptation_index2": [
                0.0070346616426503646,
                0.001406932328530073
            ],
            "mean_frequency": [
                17.07598814726688,
                3.415197629453376
            ],
            "AHP_depth_abs_slow": [
                -55.94857718006014,
                11.18971543601203
            ],
            "AP_width": [
                0.8647058823523319,
                0.1729411764704664
            ],
            "time_to_first_spike": [
                10.400000000092973,
                2.0800000000185945
            ],
            "AHP_depth_abs": [
                -56.76108203309061,
                11.352216406618123
            ]
        }
    },
    "Step2": {
        "soma": {
            "AP_height": [
                26.855701569409757,
                5.371140313881952
            ],
            "AHP_slow_time": [
                0.16039047271095602,
                0.0320780945421912
            ],
            "ISI_CV": [
                0.03853447964353105,
                0.007706895928706211
            ],
            "doublet_ISI": [
                42.900000000009754,
                8.58000000000195
            ],
            "adaptation_index2": [
                -3.4080401064884576e-05,
                6.816080212976916e-06
            ],
            "mean_frequency": [
                9.202924484898077,
                1.8405848969796155
            ],
            "AHP_depth_abs_slow": [
                -60.445525769171354,
                12.089105153834272
            ],
            "AP_width": [
                0.8888888888883142,
                0.17777777777766285
            ],
            "time_to_first_spike": [
                22.500000000095724,
                4.500000000019145
            ],
            "AHP_depth_abs": [
                -60.35823990074251,
                12.071647980148503
            ]
        }
    },
    "Step1": {
        "soma": {
            "AP_height": [
                28.355546072363662,
                5.671109214472732
            ],
            "AHP_slow_time": [
                0.15419277468258313,
                0.03083855493651663
            ],
            "ISI_CV": [
                0.03185273257536631,
                0.006370546515073263
            ],
            "doublet_ISI": [
                61.10000000001389,
                12.220000000002779
            ],
            "adaptation_index2": [
                -0.0031883870771379787,
                0.0006376774154275958
            ],
            "mean_frequency": [
                7.416825598648723,
                1.4833651197297446
            ],
            "AHP_depth_abs_slow": [
                -61.844679674142476,
                12.368935934828496
            ],
            "AP_width": [
                0.8999999999994007,
                0.17999999999988014
            ],
            "time_to_first_spike": [
                32.400000000097975,
                6.480000000019595
            ],
            "AHP_depth_abs": [
                -61.73025965931885,
                12.34605193186377
            ]
        }
    }
}