{
    "Step3": {
        "soma": {
            "AP_height": [
                18.04737732177639,
                3.6094754643552784
            ],
            "AHP_slow_time": [
                0.22260298623818978,
                0.04452059724763796
            ],
            "ISI_CV": [
                0.10338755089145735,
                0.02067751017829147
            ],
            "doublet_ISI": [
                19.100000000004343,
                3.820000000000869
            ],
            "adaptation_index2": [
                0.00711781339594778,
                0.0014235626791895561
            ],
            "mean_frequency": [
                17.075130574539518,
                3.4150261149079038
            ],
            "AHP_depth_abs_slow": [
                -55.94579356313031,
                11.189158712626062
            ],
            "AP_width": [
                0.8588235294111641,
                0.17176470588223283
            ],
            "time_to_first_spike": [
                10.400000000092973,
                2.0800000000185945
            ],
            "AHP_depth_abs": [
                -56.7585782795746,
                11.351715655914921
            ]
        }
    },
    "Step2": {
        "soma": {
            "AP_height": [
                26.833628375411994,
                5.3667256750823995
            ],
            "AHP_slow_time": [
                0.15894572424527367,
                0.031789144849054735
            ],
            "ISI_CV": [
                0.03940729767337701,
                0.007881459534675402
            ],
            "doublet_ISI": [
                42.900000000009754,
                8.58000000000195
            ],
            "adaptation_index2": [
                -0.00015177112881239023,
                3.035422576247805e-05
            ],
            "mean_frequency": [
                9.201983538680103,
                1.8403967077360208
            ],
            "AHP_depth_abs_slow": [
                -60.4439726261983,
                12.088794525239662
            ],
            "AP_width": [
                0.8944444444438583,
                0.17888888888877166
            ],
            "time_to_first_spike": [
                22.500000000095724,
                4.500000000019145
            ],
            "AHP_depth_abs": [
                -60.357153126136126,
                12.071430625227226
            ]
        }
    },
    "Step1": {
        "soma": {
            "AP_height": [
                28.59114496344271,
                5.718228992688542
            ],
            "AHP_slow_time": [
                0.15551880803319562,
                0.031103761606639125
            ],
            "ISI_CV": [
                0.032056752873122575,
                0.006411350574624515
            ],
            "doublet_ISI": [
                61.10000000001389,
                12.220000000002779
            ],
            "adaptation_index2": [
                -0.0031569374180582255,
                0.0006313874836116452
            ],
            "mean_frequency": [
                7.418397626117703,
                1.4836795252235406
            ],
            "AHP_depth_abs_slow": [
                -61.84521366743963,
                12.369042733487927
            ],
            "AP_width": [
                0.89285714285655,
                0.17857142857131003
            ],
            "time_to_first_spike": [
                32.400000000097975,
                6.480000000019595
            ],
            "AHP_depth_abs": [
                -61.73059790932036,
                12.346119581864073
            ]
        },
        "MEA": {
            "peak_to_valley_0": [
                0.001495,
                0.000299
            ],
            "peak_to_valley_1": [
                0.0014500000000000001,
                0.00029000000000000006
            ],
            "peak_to_valley_2": [
                0.0014000000000000002,
                0.00028000000000000003
            ],
            "peak_to_valley_3": [
                0.00136,
                0.00027200000000000005
            ],
            "peak_to_valley_4": [
                0.0016,
                0.00032
            ],
            "peak_to_valley_5": [
                0.0017200000000000002,
                0.00034400000000000007
            ],
            "peak_to_valley_6": [
                0.0014550000000000001,
                0.000291
            ],
            "peak_to_valley_7": [
                -0.00035000000000000005,
                7.000000000000001e-05
            ],
            "peak_to_valley_8": [
                -0.001085,
                0.00021700000000000002
            ],
            "peak_to_valley_9": [
                -0.0015,
                0.00030000000000000003
            ],
            "peak_to_valley_10": [
                -0.0021000000000000003,
                0.00042000000000000007
            ],
            "peak_to_valley_11": [
                -0.004350000000000001,
                0.0008700000000000001
            ],
            "peak_to_valley_12": [
                -0.005350000000000001,
                0.0010700000000000002
            ],
            "peak_to_valley_13": [
                -0.0072050000000000005,
                0.0014410000000000002
            ],
            "peak_to_valley_14": [
                -0.009940000000000001,
                0.001988
            ],
            "peak_to_valley_15": [
                -0.009945,
                0.0019890000000000003
            ],
            "peak_to_valley_16": [
                -0.009945,
                0.0019890000000000003
            ],
            "peak_to_valley_17": [
                -0.006095000000000001,
                0.0012190000000000002
            ],
            "peak_to_valley_18": [
                -0.005195000000000001,
                0.0010390000000000002
            ],
            "peak_to_valley_19": [
                -0.004645000000000001,
                0.0009290000000000001
            ],
            "peak_trough_ratio_0": [
                -0.4392466213661344,
                0.08784932427322689
            ],
            "peak_trough_ratio_1": [
                -0.4723095890088358,
                0.09446191780176716
            ],
            "peak_trough_ratio_2": [
                -0.517740347002471,
                0.1035480694004942
            ],
            "peak_trough_ratio_3": [
                -0.5874045798755183,
                0.11748091597510367
            ],
            "peak_trough_ratio_4": [
                -0.6332656436580785,
                0.1266531287316157
            ],
            "peak_trough_ratio_5": [
                -0.599614594943936,
                0.11992291898878721
            ],
            "peak_trough_ratio_6": [
                -0.3926535680207817,
                0.07853071360415635
            ],
            "peak_trough_ratio_7": [
                -0.36691102092879446,
                0.0733822041857589
            ],
            "peak_trough_ratio_8": [
                -1.004368221844416,
                0.20087364436888322
            ],
            "peak_trough_ratio_9": [
                -1.1619753350027378,
                0.23239506700054757
            ],
            "peak_trough_ratio_10": [
                -1.4743896817294972,
                0.2948779363458995
            ],
            "peak_trough_ratio_11": [
                -1.821664173947305,
                0.364332834789461
            ],
            "peak_trough_ratio_12": [
                -1.8720560403416353,
                0.37441120806832706
            ],
            "peak_trough_ratio_13": [
                -2.01645448116089,
                0.40329089623217806
            ],
            "peak_trough_ratio_14": [
                -2.253407808072272,
                0.4506815616144544
            ],