{
    "Step3": {
        "soma": {
            "AP_height": [
                18.028702376982853,
                3.605740475396571
            ],
            "AHP_slow_time": [
                0.22206263970101883,
                0.04441252794020377
            ],
            "ISI_CV": [
                0.1030389427463699,
                0.020607788549273982
            ],
            "doublet_ISI": [
                19.100000000004343,
                3.820000000000869
            ],
            "adaptation_index2": [
                0.0070346616426503646,
                0.001406932328530073
            ],
            "mean_frequency": [
                17.07598814726688,
                3.415197629453376
            ],
            "AHP_depth_abs_slow": [
                -55.94857718006014,
                11.18971543601203
            ],
            "AP_width": [
                0.8647058823523319,
                0.1729411764704664
            ],
            "time_to_first_spike": [
                10.400000000092973,
                2.0800000000185945
            ],
            "AHP_depth_abs": [
                -56.76108203309061,
                11.352216406618123
            ]
        }
    },
    "Step2": {
        "soma": {
            "AP_height": [
                26.855701569409757,
                5.371140313881952
            ],
            "AHP_slow_time": [
                0.16039047271095602,
                0.0320780945421912
            ],
            "ISI_CV": [
                0.03853447964353105,
                0.007706895928706211
            ],
            "doublet_ISI": [
                42.900000000009754,
                8.58000000000195
            ],
            "adaptation_index2": [
                -3.4080401064884576e-05,
                6.816080212976916e-06
            ],
            "mean_frequency": [
                9.202924484898077,
                1.8405848969796155
            ],
            "AHP_depth_abs_slow": [
                -60.445525769171354,
                12.089105153834272
            ],
            "AP_width": [
                0.8888888888883142,
                0.17777777777766285
            ],
            "time_to_first_spike": [
                22.500000000095724,
                4.500000000019145
            ],
            "AHP_depth_abs": [
                -60.35823990074251,
                12.071647980148503
            ]
        }
    },
    "Step1": {
        "soma": {
            "AP_height": [
                28.355546072363662,
                5.671109214472732
            ],
            "AHP_slow_time": [
                0.15419277468258313,
                0.03083855493651663
            ],
            "ISI_CV": [
                0.03185273257536631,
                0.006370546515073263
            ],
            "doublet_ISI": [
                61.10000000001389,
                12.220000000002779
            ],
            "adaptation_index2": [
                -0.0031883870771379787,
                0.0006376774154275958
            ],
            "mean_frequency": [
                7.416825598648723,
                1.4833651197297446
            ],
            "AHP_depth_abs_slow": [
                -61.844679674142476,
                12.368935934828496
            ],
            "AP_width": [
                0.8999999999994007,
                0.17999999999988014
            ],
            "time_to_first_spike": [
                32.400000000097975,
                6.480000000019595
            ],
            "AHP_depth_abs": [
                -61.73025965931885,
                12.34605193186377
            ]
        },
        "MEA": {
            "peak_to_valley_0": [
                0.001505,
                0.00030100000000000005
            ],
            "peak_to_valley_1": [
                0.0014550000000000001,
                0.000291
            ],
            "peak_to_valley_2": [
                0.00141,
                0.000282
            ],
            "peak_to_valley_3": [
                0.0013700000000000001,
                0.00027400000000000005
            ],
            "peak_to_valley_4": [
                0.001605,
                0.00032100000000000005
            ],
            "peak_to_valley_5": [
                0.0017300000000000002,
                0.00034600000000000006
            ],
            "peak_to_valley_6": [
                0.0014550000000000001,
                0.000291
            ],
            "peak_to_valley_7": [
                -0.00036,
                7.2e-05
            ],
            "peak_to_valley_8": [
                -0.00109,
                0.000218
            ],
            "peak_to_valley_9": [
                -0.0015,
                0.00030000000000000003
            ],
            "peak_to_valley_10": [
                -0.00205,
                0.00041000000000000005
            ],
            "peak_to_valley_11": [
                -0.0044,
                0.0008800000000000001
            ],
            "peak_to_valley_12": [
                -0.005350000000000001,
                0.0010700000000000002
            ],
            "peak_to_valley_13": [
                -0.0072050000000000005,
                0.0014410000000000002
            ],
            "peak_to_valley_14": [
                -0.009940000000000001,
                0.001988
            ],
            "peak_to_valley_15": [
                -0.009945,
                0.0019890000000000003
            ],
            "peak_to_valley_16": [
                -0.00995,
                0.00199
            ],
            "peak_to_valley_17": [
                -0.006145,
                0.001229
            ],
            "peak_to_valley_18": [
                -0.0052450000000000005,
                0.0010490000000000002
            ],
            "peak_to_valley_19": [
                -0.004645000000000001,
                0.0009290000000000001
            ],
            "peak_trough_ratio_0": [
                -0.4446676163824773,
                0.08893352327649547
            ],
            "peak_trough_ratio_1": [
                -0.47792125159200494,
                0.095584250318401
            ],
            "peak_trough_ratio_2": [
                -0.5231174170963114,
                0.1046234834192623
            ],
            "peak_trough_ratio_3": [
                -0.5919008287387253,
                0.11838016574774507
            ],
            "peak_trough_ratio_4": [
                -0.6388428789855585,
                0.1277685757971117
            ],
            "peak_trough_ratio_5": [
                -0.60023166489908,
                0.120046332979816
            ],
            "peak_trough_ratio_6": [
                -0.3965624896266898,
                0.07931249792533795
            ],
            "peak_trough_ratio_7": [
                -0.3737345175879046,
                0.07474690351758093
            ],
            "peak_trough_ratio_8": [
                -0.9958168642216255,
                0.19916337284432512
            ],
            "peak_trough_ratio_9": [
                -1.1609757953580067,
                0.23219515907160135
            ],
            "peak_trough_ratio_10": [
                -1.4754813797573043,
                0.2950962759514609
            ],
            "peak_trough_ratio_11": [
                -1.8240338664816178,
                0.3648067732963236
            ],
            "peak_trough_ratio_12": [
                -1.87374991888709,
                0.374749983777418
            ],
            "peak_trough_ratio_13": [
                -2.0018595183853445,
                0.40037190367706893
            ],
            "peak_trough_ratio_14": [
                -2.2341010045927017,
                0.44682020091854036
            ],
            "peak_trough_ratio_15": [
                -2.6436772131427544,
                0.5287354426285509
            ],