{
    "Step3": {
        "soma": {
            "AP_height": [
                18.04737732177639,
                3.6094754643552784
            ],
            "AHP_slow_time": [
                0.22260298623818978,
                0.04452059724763796
            ],
            "ISI_CV": [
                0.10338755089145735,
                0.02067751017829147
            ],
            "doublet_ISI": [
                19.100000000004343,
                3.820000000000869
            ],
            "adaptation_index2": [
                0.00711781339594778,
                0.0014235626791895561
            ],
            "mean_frequency": [
                17.075130574539518,
                3.4150261149079038
            ],
            "AHP_depth_abs_slow": [
                -55.94579356313031,
                11.189158712626062
            ],
            "AP_width": [
                0.8588235294111641,
                0.17176470588223283
            ],
            "time_to_first_spike": [
                10.400000000092973,
                2.0800000000185945
            ],
            "AHP_depth_abs": [
                -56.7585782795746,
                11.351715655914921
            ]
        }
    },
    "Step2": {
        "soma": {
            "AP_height": [
                26.833628375411994,
                5.3667256750823995
            ],
            "AHP_slow_time": [
                0.15894572424527367,
                0.031789144849054735
            ],
            "ISI_CV": [
                0.03940729767337701,
                0.007881459534675402
            ],
            "doublet_ISI": [
                42.900000000009754,
                8.58000000000195
            ],
            "adaptation_index2": [
                -0.00015177112881239023,
                3.035422576247805e-05
            ],
            "mean_frequency": [
                9.201983538680103,
                1.8403967077360208
            ],
            "AHP_depth_abs_slow": [
                -60.4439726261983,
                12.088794525239662
            ],
            "AP_width": [
                0.8944444444438583,
                0.17888888888877166
            ],
            "time_to_first_spike": [
                22.500000000095724,
                4.500000000019145
            ],
            "AHP_depth_abs": [
                -60.357153126136126,
                12.071430625227226
            ]
        }
    },
    "Step1": {
        "soma": {
            "AP_height": [
                28.59114496344271,
                5.718228992688542
            ],
            "AHP_slow_time": [
                0.15551880803319562,
                0.031103761606639125
            ],
            "ISI_CV": [
                0.032056752873122575,
                0.006411350574624515
            ],
            "doublet_ISI": [
                61.10000000001389,
                12.220000000002779
            ],
            "adaptation_index2": [
                -0.0031569374180582255,
                0.0006313874836116452
            ],
            "mean_frequency": [
                7.418397626117703,
                1.4836795252235406
            ],
            "AHP_depth_abs_slow": [
                -61.84521366743963,
                12.369042733487927
            ],
            "AP_width": [
                0.89285714285655,
                0.17857142857131003
            ],
            "time_to_first_spike": [
                32.400000000097975,
                6.480000000019595
            ],
            "AHP_depth_abs": [
                -61.73059790932036,
                12.346119581864073
            ]
        }
    }
}