{
    "bAP": {
        "soma": {
            "AP_width": [
                1.0000000000002274,
                0.20000000000004547
            ],
            "AP_height": [
                38.440850628528246,
                7.68817012570565
            ],
            "Spikecount": [
                1.0,
                0.2
            ]
        },
        "dend1": {
            "AP_amplitude_from_voltagebase": [
                21.87738300936028,
                4.375476601872056
            ]
        },
        "dend2": {
            "AP_amplitude_from_voltagebase": [
                11.609707928335823,
                2.321941585667165
            ]
        }
    },
    "Step3": {
        "soma": {
            "AP_height": [
                14.11672859703324,
                2.8233457194066482
            ],
            "AHP_slow_time": [
                0.21748156925704232,
                0.043496313851408466
            ],
            "ISI_CV": [
                0.08718689313018538,
                0.017437378626037076
            ],
            "doublet_ISI": [
                27.900000000006344,
                5.580000000001269
            ],
            "adaptation_index2": [
                0.005301543535837427,
                0.0010603087071674854
            ],
            "mean_frequency": [
                11.931936086332975,
                2.386387217266595
            ],
            "AHP_depth_abs_slow": [
                -55.5358721999684,
                11.107174439993681
            ],
            "AP_width": [
                0.8869565217385511,
                0.17739130434771022
            ],
            "time_to_first_spike": [
                10.500000000092996,
                2.1000000000185994
            ],
            "AHP_depth_abs": [
                -55.534196124562506,
                11.106839224912502
            ]
        }
    },
    "Step2": {
        "soma": {
            "AP_height": [
                24.542894862080672,
                4.908578972416135
            ],
            "AHP_slow_time": [
                0.14617753163066452,
                0.029235506326132907
            ],
            "ISI_CV": [
                0.0406421765525789,
                0.008128435310515781
            ],
            "doublet_ISI": [
                77.4000000000176,
                15.480000000003521
            ],
            "adaptation_index2": [
                -0.0060786233476467595,
                0.001215724669529352
            ],
            "mean_frequency": [
                6.841745171311343,
                1.3683490342622688
            ],
            "AHP_depth_abs_slow": [
                -61.224152331776736,
                12.244830466355348
            ],
            "AP_width": [
                0.8999999999994176,
                0.17999999999988353
            ],
            "time_to_first_spike": [
                23.10000000009586,
                4.620000000019172
            ],
            "AHP_depth_abs": [
                -61.07231315513213,
                12.214462631026427
            ]
        }
    },
    "Step1": {
        "soma": {
            "AP_height": [
                26.840079036800788,
                5.368015807360158
            ],
            "AHP_slow_time": [
                0.14182588261447135,
                0.028365176522894272
            ],
            "ISI_CV": [
                0.03361570592368494,
                0.006723141184736988
            ],
            "doublet_ISI": [
                119.70000000002722,
                23.940000000005444
            ],
            "adaptation_index2": [
                -0.00604350034099809,
                0.001208700068199618
            ],
            "mean_frequency": [
                5.587443490632113,
                1.1174886981264227
            ],
            "AHP_depth_abs_slow": [
                -63.00036425874484,
                12.600072851748969
            ],
            "AP_width": [
                0.8999999999993675,
                0.1799999999998735
            ],
            "time_to_first_spike": [
                33.4000000000982,
                6.680000000019641
            ],
            "AHP_depth_abs": [
                -62.82077832655616,
                12.564155665311233
            ]
        }
    }
}