{
    "Step3": {
        "soma": {
            "AP_height": [
                14.11672859703324,
                2.8233457194066482
            ],
            "AHP_slow_time": [
                0.21748156925704232,
                0.043496313851408466
            ],
            "ISI_CV": [
                0.08718689313018538,
                0.017437378626037076
            ],
            "doublet_ISI": [
                27.900000000006344,
                5.580000000001269
            ],
            "adaptation_index2": [
                0.005301543535837427,
                0.0010603087071674854
            ],
            "mean_frequency": [
                11.931936086332975,
                2.386387217266595
            ],
            "AHP_depth_abs_slow": [
                -55.5358721999684,
                11.107174439993681
            ],
            "AP_width": [
                0.8869565217385511,
                0.17739130434771022
            ],
            "time_to_first_spike": [
                10.500000000092996,
                2.1000000000185994
            ],
            "AHP_depth_abs": [
                -55.534196124562506,
                11.106839224912502
            ]
        }
    },
    "Step2": {
        "soma": {
            "AP_height": [
                24.542894862080672,
                4.908578972416135
            ],
            "AHP_slow_time": [
                0.14617753163066452,
                0.029235506326132907
            ],
            "ISI_CV": [
                0.0406421765525789,
                0.008128435310515781
            ],
            "doublet_ISI": [
                77.4000000000176,
                15.480000000003521
            ],
            "adaptation_index2": [
                -0.0060786233476467595,
                0.001215724669529352
            ],
            "mean_frequency": [
                6.841745171311343,
                1.3683490342622688
            ],
            "AHP_depth_abs_slow": [
                -61.224152331776736,
                12.244830466355348
            ],
            "AP_width": [
                0.8999999999994176,
                0.17999999999988353
            ],
            "time_to_first_spike": [
                23.10000000009586,
                4.620000000019172
            ],
            "AHP_depth_abs": [
                -61.07231315513213,
                12.214462631026427
            ]
        }
    },
    "Step1": {
        "soma": {
            "AP_height": [
                26.840079036800788,
                5.368015807360158
            ],
            "AHP_slow_time": [
                0.14182588261447135,
                0.028365176522894272
            ],
            "ISI_CV": [
                0.03361570592368494,
                0.006723141184736988
            ],
            "doublet_ISI": [
                119.70000000002722,
                23.940000000005444
            ],
            "adaptation_index2": [
                -0.00604350034099809,
                0.001208700068199618
            ],
            "mean_frequency": [
                5.587443490632113,
                1.1174886981264227
            ],
            "AHP_depth_abs_slow": [
                -63.00036425874484,
                12.600072851748969
            ],
            "AP_width": [
                0.8999999999993675,
                0.1799999999998735
            ],
            "time_to_first_spike": [
                33.4000000000982,
                6.680000000019641
            ],
            "AHP_depth_abs": [
                -62.82077832655616,
                12.564155665311233
            ]
        },
        "MEA": {
            "peak_to_valley_0": [
                0.00151,
                0.000302
            ],
            "peak_to_valley_1": [
                0.0014600000000000001,
                0.00029200000000000005
            ],
            "peak_to_valley_2": [
                0.001415,
                0.000283
            ],
            "peak_to_valley_3": [
                0.0013150000000000002,
                0.00026300000000000005
            ],
            "peak_to_valley_4": [
                0.00159,
                0.00031800000000000003
            ],
            "peak_to_valley_5": [
                0.00175,
                0.00035000000000000005
            ],
            "peak_to_valley_6": [
                0.0014800000000000002,
                0.00029600000000000004
            ],
            "peak_to_valley_7": [
                -0.00032500000000000004,
                6.500000000000001e-05
            ],
            "peak_to_valley_8": [
                -0.001155,
                0.000231
            ],
            "peak_to_valley_9": [
                -0.001505,
                0.00030100000000000005
            ],
            "peak_to_valley_10": [
                -0.001955,
                0.00039100000000000007
            ],
            "peak_to_valley_11": [
                -0.0032500000000000003,
                0.0006500000000000001
            ],
            "peak_to_valley_12": [
                -0.005625000000000001,
                0.0011250000000000001
            ],
            "peak_to_valley_13": [
                -0.006880000000000001,
                0.0013760000000000003
            ],
            "peak_to_valley_14": [
                -0.009965000000000002,
                0.0019930000000000004
            ],
            "peak_to_valley_15": [
                -0.009970000000000001,
                0.0019940000000000005
            ],
            "peak_to_valley_16": [
                -0.009970000000000001,
                0.0019940000000000005
            ],
            "peak_to_valley_17": [
                -0.009970000000000001,
                0.0019940000000000005
            ],
            "peak_to_valley_18": [
                -0.010035,
                0.002007
            ],
            "peak_to_valley_19": [
                -0.010035,
                0.002007
            ],
            "peak_trough_ratio_0": [
                -0.35043130351501517,
                0.07008626070300304
            ],
            "peak_trough_ratio_1": [
                -0.3829451769445616,
                0.07658903538891232
            ],
            "peak_trough_ratio_2": [
                -0.4282061059436755,
                0.0856412211887351
            ],
            "peak_trough_ratio_3": [
                -0.4998472849536805,
                0.09996945699073612
            ],
            "peak_trough_ratio_4": [
                -0.5639226657881852,
                0.11278453315763703
            ],
            "peak_trough_ratio_5": [
                -0.5537467148232866,
                0.11074934296465733
            ],
            "peak_trough_ratio_6": [
                -0.356683640594451,
                0.0713367281188902
            ],
            "peak_trough_ratio_7": [
                -0.4251975888055752,
                0.08503951776111504
            ],
            "peak_trough_ratio_8": [
                -1.1676640332060715,
                0.2335328066412143
            ],
            "peak_trough_ratio_9": [
                -1.5932634322965178,
                0.31865268645930356
            ],
            "peak_trough_ratio_10": [
                -2.0962374503752126,
                0.41924749007504253
            ],
            "peak_trough_ratio_11": [
                -2.5517979516546934,
                0.5103595903309387
            ],
            "peak_trough_ratio_12": [
                -2.5734743809871112,
                0.5146948761974223
            ],
            "peak_trough_ratio_13": [
                -2.699541623618154,
                0.5399083247236308
            ],
            "peak_trough_ratio_14": [
                -2.8589000046524236,
                0.5717800009304848
            ],