{
    "Step3": {
        "soma": {
            "AP_height": [
                14.068757758227731,
                2.8137515516455465
            ],
            "AHP_slow_time": [
                0.21698035550266093,
                0.04339607110053219
            ],
            "ISI_CV": [
                0.0874281920259937,
                0.01748563840519874
            ],
            "doublet_ISI": [
                27.900000000006344,
                5.580000000001269
            ],
            "adaptation_index2": [
                0.005305955899924471,
                0.0010611911799848944
            ],
            "mean_frequency": [
                11.931936086332975,
                2.386387217266595
            ],
            "AHP_depth_abs_slow": [
                -55.538105229538296,
                11.10762104590766
            ],
            "AP_width": [
                0.8956521739124513,
                0.17913043478249027
            ],
            "time_to_first_spike": [
                10.500000000092996,
                2.1000000000185994
            ],
            "AHP_depth_abs": [
                -55.53430263189807,
                11.106860526379615
            ]
        }
    },
    "Step2": {
        "soma": {
            "AP_height": [
                24.58236775919447,
                4.9164735518388945
            ],
            "AHP_slow_time": [
                0.145396996101925,
                0.029079399220385
            ],
            "ISI_CV": [
                0.040883489920257886,
                0.008176697984051578
            ],
            "doublet_ISI": [
                77.4000000000176,
                15.480000000003521
            ],
            "adaptation_index2": [
                -0.006177463732530329,
                0.0012354927465060659
            ],
            "mean_frequency": [
                6.843906291133816,
                1.3687812582267633
            ],
            "AHP_depth_abs_slow": [
                -61.22401926643963,
                12.244803853287927
            ],
            "AP_width": [
                0.8999999999994264,
                0.17999999999988528
            ],
            "time_to_first_spike": [
                23.10000000009586,
                4.620000000019172
            ],
            "AHP_depth_abs": [
                -61.07304745925757,
                12.214609491851515
            ]
        }
    },
    "Step1": {
        "soma": {
            "AP_height": [
                26.9119435534887,
                5.38238871069774
            ],
            "AHP_slow_time": [
                0.14070513816012106,
                0.028141027632024213
            ],
            "ISI_CV": [
                0.03374158880612103,
                0.006748317761224205
            ],
            "doublet_ISI": [
                119.70000000002722,
                23.940000000005444
            ],
            "adaptation_index2": [
                -0.0062351333293747535,
                0.0012470266658749507
            ],
            "mean_frequency": [
                5.586875920568562,
                1.1173751841137125
            ],
            "AHP_depth_abs_slow": [
                -62.99927382380805,
                12.599854764761611
            ],
            "AP_width": [
                0.8999999999993675,
                0.1799999999998735
            ],
            "time_to_first_spike": [
                33.4000000000982,
                6.680000000019641
            ],
            "AHP_depth_abs": [
                -62.82024204844102,
                12.564048409688205
            ]
        },
        "MEA": {
            "peak_to_valley_0": [
                0.0015,
                0.00030000000000000003
            ],
            "peak_to_valley_1": [
                0.0014500000000000001,
                0.00029000000000000006
            ],
            "peak_to_valley_2": [
                0.0014050000000000002,
                0.00028100000000000005
            ],
            "peak_to_valley_3": [
                0.0013100000000000002,
                0.000262
            ],
            "peak_to_valley_4": [
                0.00158,
                0.00031600000000000004
            ],
            "peak_to_valley_5": [
                0.00175,
                0.00035000000000000005
            ],
            "peak_to_valley_6": [
                0.001505,
                0.00030100000000000005
            ],
            "peak_to_valley_7": [
                -0.0006900000000000001,
                0.00013800000000000002
            ],
            "peak_to_valley_8": [
                -0.0011400000000000002,
                0.00022800000000000004
            ],
            "peak_to_valley_9": [
                -0.0015,
                0.00030000000000000003
            ],
            "peak_to_valley_10": [
                -0.001955,
                0.00039100000000000007
            ],
            "peak_to_valley_11": [
                -0.0032500000000000003,
                0.0006500000000000001
            ],
            "peak_to_valley_12": [
                -0.005600000000000001,
                0.0011200000000000001
            ],
            "peak_to_valley_13": [
                -0.006810000000000001,
                0.0013620000000000004
            ],
            "peak_to_valley_14": [
                -0.009945,
                0.0019890000000000003
            ],
            "peak_to_valley_15": [
                -0.00995,
                0.00199
            ],
            "peak_to_valley_16": [
                -0.00995,
                0.00199
            ],
            "peak_to_valley_17": [
                -0.00995,
                0.00199
            ],
            "peak_to_valley_18": [
                -0.010020000000000001,
                0.002004
            ],
            "peak_to_valley_19": [
                -0.010020000000000001,
                0.002004
            ],
            "peak_trough_ratio_0": [
                -0.37184355066185154,
                0.07436871013237031
            ],
            "peak_trough_ratio_1": [
                -0.4070204994430322,
                0.08140409988860645
            ],
            "peak_trough_ratio_2": [
                -0.4562084488888932,
                0.09124168977777865
            ],
            "peak_trough_ratio_3": [
                -0.534092527992159,
                0.10681850559843181
            ],
            "peak_trough_ratio_4": [
                -0.5817787607954904,
                0.11635575215909809
            ],
            "peak_trough_ratio_5": [
                -0.5662503286294139,
                0.1132500657258828
            ],
            "peak_trough_ratio_6": [
                -0.3669425811759111,
                0.07338851623518222
            ],
            "peak_trough_ratio_7": [
                -0.3686083856565992,
                0.07372167713131984
            ],
            "peak_trough_ratio_8": [
                -1.1383101650806924,
                0.2276620330161385
            ],
            "peak_trough_ratio_9": [
                -1.5803547453070148,
                0.316070949061403
            ],
            "peak_trough_ratio_10": [
                -2.0925095853867486,
                0.41850191707734974
            ],
            "peak_trough_ratio_11": [
                -2.549238345328665,
                0.5098476690657331
            ],
            "peak_trough_ratio_12": [
                -2.539430458025674,
                0.5078860916051349
            ],
            "peak_trough_ratio_13": [
                -2.6427115190984076,
                0.5285423038196816
            ],
            "peak_trough_ratio_14": [
                -2.7833659918065115,
                0.5566731983613024
            ],