{
    "Step3": {
        "soma": {
            "AP_height": [
                14.068757758227731,
                2.8137515516455465
            ],
            "AHP_slow_time": [
                0.21698035550266093,
                0.04339607110053219
            ],
            "ISI_CV": [
                0.0874281920259937,
                0.01748563840519874
            ],
            "doublet_ISI": [
                27.900000000006344,
                5.580000000001269
            ],
            "adaptation_index2": [
                0.005305955899924471,
                0.0010611911799848944
            ],
            "mean_frequency": [
                11.931936086332975,
                2.386387217266595
            ],
            "AHP_depth_abs_slow": [
                -55.538105229538296,
                11.10762104590766
            ],
            "AP_width": [
                0.8956521739124513,
                0.17913043478249027
            ],
            "time_to_first_spike": [
                10.500000000092996,
                2.1000000000185994
            ],
            "AHP_depth_abs": [
                -55.53430263189807,
                11.106860526379615
            ]
        }
    },
    "Step2": {
        "soma": {
            "AP_height": [
                24.58236775919447,
                4.9164735518388945
            ],
            "AHP_slow_time": [
                0.145396996101925,
                0.029079399220385
            ],
            "ISI_CV": [
                0.040883489920257886,
                0.008176697984051578
            ],
            "doublet_ISI": [
                77.4000000000176,
                15.480000000003521
            ],
            "adaptation_index2": [
                -0.006177463732530329,
                0.0012354927465060659
            ],
            "mean_frequency": [
                6.843906291133816,
                1.3687812582267633
            ],
            "AHP_depth_abs_slow": [
                -61.22401926643963,
                12.244803853287927
            ],
            "AP_width": [
                0.8999999999994264,
                0.17999999999988528
            ],
            "time_to_first_spike": [
                23.10000000009586,
                4.620000000019172
            ],
            "AHP_depth_abs": [
                -61.07304745925757,
                12.214609491851515
            ]
        }
    },
    "Step1": {
        "soma": {
            "AP_height": [
                26.9119435534887,
                5.38238871069774
            ],
            "AHP_slow_time": [
                0.14070513816012106,
                0.028141027632024213
            ],
            "ISI_CV": [
                0.03374158880612103,
                0.006748317761224205
            ],
            "doublet_ISI": [
                119.70000000002722,
                23.940000000005444
            ],
            "adaptation_index2": [
                -0.0062351333293747535,
                0.0012470266658749507
            ],
            "mean_frequency": [
                5.586875920568562,
                1.1173751841137125
            ],
            "AHP_depth_abs_slow": [
                -62.99927382380805,
                12.599854764761611
            ],
            "AP_width": [
                0.8999999999993675,
                0.1799999999998735
            ],
            "time_to_first_spike": [
                33.4000000000982,
                6.680000000019641
            ],
            "AHP_depth_abs": [
                -62.82024204844102,
                12.564048409688205
            ]
        }
    }
}