{
    "bAP": {
        "soma": {
            "AP_width": [
                1.0000000000002274,
                0.20000000000004547
            ],
            "AP_height": [
                37.96348637087359,
                7.592697274174718
            ],
            "Spikecount": [
                1.0,
                0.2
            ]
        },
        "dend1": {
            "AP_amplitude_from_voltagebase": [
                10.857813159031252,
                2.1715626318062506
            ]
        }
    },
    "Step3": {
        "soma": {
            "AP_height": [
                13.603446576967235,
                2.720689315393447
            ],
            "AHP_slow_time": [
                0.17357493989167952,
                0.03471498797833591
            ],
            "ISI_CV": [
                0.09643336121780706,
                0.019286672243561412
            ],
            "doublet_ISI": [
                21.000000000004775,
                4.200000000000955
            ],
            "adaptation_index2": [
                0.0058032972426005636,
                0.0011606594485201128
            ],
            "mean_frequency": [
                18.226925218988598,
                3.6453850437977198
            ],
            "AHP_depth_abs_slow": [
                -54.98589452869381,
                10.997178905738764
            ],
            "AP_width": [
                0.827777777777186,
                0.16555555555543722
            ],
            "time_to_first_spike": [
                10.600000000093019,
                2.120000000018604
            ],
            "AHP_depth_abs": [
                -55.08127000956692,
                11.016254001913385
            ]
        }
    },
    "Step2": {
        "soma": {
            "AP_height": [
                23.3561660376264,
                4.6712332075252805
            ],
            "AHP_slow_time": [
                0.12724806291891977,
                0.025449612583783955
            ],
            "ISI_CV": [
                0.03844199210839643,
                0.007688398421679287
            ],
            "doublet_ISI": [
                44.000000000010004,
                8.800000000002001
            ],
            "adaptation_index2": [
                -0.0017094699068313192,
                0.0003418939813662639
            ],
            "mean_frequency": [
                9.316770186341664,
                1.8633540372683328
            ],
            "AHP_depth_abs_slow": [
                -60.33136681424489,
                12.066273362848978
            ],
            "AP_width": [
                0.8555555555549985,
                0.17111111111099972
            ],
            "time_to_first_spike": [
                23.300000000095906,
                4.660000000019181
            ],
            "AHP_depth_abs": [
                -60.329446035081496,
                12.0658892070163
            ]
        }
    },
    "Step1": {
        "soma": {
            "AP_height": [
                26.064817329781544,
                5.212963465956309
            ],
            "AHP_slow_time": [
                0.12577655935637694,
                0.02515531187127539
            ],
            "ISI_CV": [
                0.03509538460348237,
                0.007019076920696474
            ],
            "doublet_ISI": [
                66.20000000001505,
                13.240000000003011
            ],
            "adaptation_index2": [
                -0.004070442159738531,
                0.0008140884319477063
            ],
            "mean_frequency": [
                7.426661715563803,
                1.4853323431127607
            ],
            "AHP_depth_abs_slow": [
                -61.91218455608033,
                12.382436911216066
            ],
            "AP_width": [
                0.8214285714280193,
                0.16428571428560387
            ],
            "time_to_first_spike": [
                34.00000000009834,
                6.8000000000196685
            ],
            "AHP_depth_abs": [
                -61.84426483010975,
                12.36885296602195
            ]
        }
    }
}