{
    "Step3": {
        "soma": {
            "AP_height": [
                13.603446576967235,
                2.720689315393447
            ],
            "AHP_slow_time": [
                0.17357493989167952,
                0.03471498797833591
            ],
            "ISI_CV": [
                0.09643336121780706,
                0.019286672243561412
            ],
            "doublet_ISI": [
                21.000000000004775,
                4.200000000000955
            ],
            "adaptation_index2": [
                0.0058032972426005636,
                0.0011606594485201128
            ],
            "mean_frequency": [
                18.226925218988598,
                3.6453850437977198
            ],
            "AHP_depth_abs_slow": [
                -54.98589452869381,
                10.997178905738764
            ],
            "AP_width": [
                0.827777777777186,
                0.16555555555543722
            ],
            "time_to_first_spike": [
                10.600000000093019,
                2.120000000018604
            ],
            "AHP_depth_abs": [
                -55.08127000956692,
                11.016254001913385
            ]
        }
    },
    "Step2": {
        "soma": {
            "AP_height": [
                23.3561660376264,
                4.6712332075252805
            ],
            "AHP_slow_time": [
                0.12724806291891977,
                0.025449612583783955
            ],
            "ISI_CV": [
                0.03844199210839643,
                0.007688398421679287
            ],
            "doublet_ISI": [
                44.000000000010004,
                8.800000000002001
            ],
            "adaptation_index2": [
                -0.0017094699068313192,
                0.0003418939813662639
            ],
            "mean_frequency": [
                9.316770186341664,
                1.8633540372683328
            ],
            "AHP_depth_abs_slow": [
                -60.33136681424489,
                12.066273362848978
            ],
            "AP_width": [
                0.8555555555549985,
                0.17111111111099972
            ],
            "time_to_first_spike": [
                23.300000000095906,
                4.660000000019181
            ],
            "AHP_depth_abs": [
                -60.329446035081496,
                12.0658892070163
            ]
        }
    },
    "Step1": {
        "soma": {
            "AP_height": [
                26.064817329781544,
                5.212963465956309
            ],
            "AHP_slow_time": [
                0.12577655935637694,
                0.02515531187127539
            ],
            "ISI_CV": [
                0.03509538460348237,
                0.007019076920696474
            ],
            "doublet_ISI": [
                66.20000000001505,
                13.240000000003011
            ],
            "adaptation_index2": [
                -0.004070442159738531,
                0.0008140884319477063
            ],
            "mean_frequency": [
                7.426661715563803,
                1.4853323431127607
            ],
            "AHP_depth_abs_slow": [
                -61.91218455608033,
                12.382436911216066
            ],
            "AP_width": [
                0.8214285714280193,
                0.16428571428560387
            ],
            "time_to_first_spike": [
                34.00000000009834,
                6.8000000000196685
            ],
            "AHP_depth_abs": [
                -61.84426483010975,
                12.36885296602195
            ]
        },
        "MEA": {
            "peak_to_valley_0": [
                0.00135,
                0.00027
            ],
            "peak_to_valley_1": [
                0.00135,
                0.00027
            ],
            "peak_to_valley_2": [
                0.0013050000000000002,
                0.00026100000000000006
            ],
            "peak_to_valley_3": [
                0.001585,
                0.000317
            ],
            "peak_to_valley_4": [
                0.0015350000000000001,
                0.00030700000000000004
            ],
            "peak_to_valley_5": [
                0.0016550000000000002,
                0.0003310000000000001
            ],
            "peak_to_valley_6": [
                0.0014050000000000002,
                0.00028100000000000005
            ],
            "peak_to_valley_7": [
                -0.0006900000000000001,
                0.00013800000000000002
            ],
            "peak_to_valley_8": [
                -0.00119,
                0.00023800000000000004
            ],
            "peak_to_valley_9": [
                -0.0014500000000000001,
                0.00029000000000000006
            ],
            "peak_to_valley_10": [
                -0.0019150000000000003,
                0.0003830000000000001
            ],
            "peak_to_valley_11": [
                -0.0029850000000000002,
                0.0005970000000000001
            ],
            "peak_to_valley_12": [
                -0.005,
                0.001
            ],
            "peak_to_valley_13": [
                -0.0063100000000000005,
                0.001262
            ],
            "peak_to_valley_14": [
                -0.009945,
                0.0019890000000000003
            ],
            "peak_to_valley_15": [
                -0.00995,
                0.00199
            ],
            "peak_to_valley_16": [
                -0.00995,
                0.00199
            ],
            "peak_to_valley_17": [
                -0.009955,
                0.001991
            ],
            "peak_to_valley_18": [
                -0.010020000000000001,
                0.002004
            ],
            "peak_to_valley_19": [
                -0.010020000000000001,
                0.002004
            ],
            "peak_trough_ratio_0": [
                -0.36679910530423554,
                0.07335982106084711
            ],
            "peak_trough_ratio_1": [
                -0.40020272713409893,
                0.08004054542681979
            ],
            "peak_trough_ratio_2": [
                -0.4483528789904485,
                0.08967057579808971
            ],
            "peak_trough_ratio_3": [
                -0.5240783410024561,
                0.10481566820049122
            ],
            "peak_trough_ratio_4": [
                -0.5615302533997294,
                0.11230605067994588
            ],
            "peak_trough_ratio_5": [
                -0.5427510660161322,
                0.10855021320322644
            ],
            "peak_trough_ratio_6": [
                -0.3834494451930073,
                0.07668988903860147
            ],
            "peak_trough_ratio_7": [
                -0.39954659669502135,
                0.07990931933900428
            ],
            "peak_trough_ratio_8": [
                -1.2074422623808114,
                0.2414884524761623
            ],
            "peak_trough_ratio_9": [
                -1.8461186472511226,
                0.3692237294502245
            ],
            "peak_trough_ratio_10": [
                -2.3096283489248743,
                0.4619256697849749
            ],
            "peak_trough_ratio_11": [
                -2.654070075094409,
                0.5308140150188818
            ],
            "peak_trough_ratio_12": [
                -2.8206371496138,
                0.56412742992276
            ],
            "peak_trough_ratio_13": [
                -2.9601505661707903,
                0.5920301132341581
            ],
            "peak_trough_ratio_14": [
                -3.281333269425395,
                0.656266653885079
            ],
            "peak_trough_ratio_15": [
                -3.460228410341263,
                0.6920456820682527
            ],