{
    "Step3": {
        "soma": {
            "AP_height": [
                13.609889495039004,
                2.721977899007801
            ],
            "AHP_slow_time": [
                0.1737793984737886,
                0.03475587969475772
            ],
            "ISI_CV": [
                0.09641480804393111,
                0.019282961608786224
            ],
            "doublet_ISI": [
                21.000000000004775,
                4.200000000000955
            ],
            "adaptation_index2": [
                0.005886982656907866,
                0.0011773965313815731
            ],
            "mean_frequency": [
                18.226002430146,
                3.6452004860292
            ],
            "AHP_depth_abs_slow": [
                -54.98314917015955,
                10.99662983403191
            ],
            "AP_width": [
                0.8388888888882933,
                0.16777777777765868
            ],
            "time_to_first_spike": [
                10.600000000093019,
                2.120000000018604
            ],
            "AHP_depth_abs": [
                -55.07872343932768,
                11.015744687865537
            ]
        }
    },
    "Step2": {
        "soma": {
            "AP_height": [
                23.40389422314921,
                4.680778844629842
            ],
            "AHP_slow_time": [
                0.12694889292695477,
                0.025389778585390956
            ],
            "ISI_CV": [
                0.03827222603625325,
                0.00765444520725065
            ],
            "doublet_ISI": [
                44.10000000001003,
                8.820000000002006
            ],
            "adaptation_index2": [
                -0.0015047825173173772,
                0.00030095650346347546
            ],
            "mean_frequency": [
                9.317734755156899,
                1.8635469510313798
            ],
            "AHP_depth_abs_slow": [
                -60.331755224398734,
                12.066351044879747
            ],
            "AP_width": [
                0.8444444444438912,
                0.16888888888877826
            ],
            "time_to_first_spike": [
                23.300000000095906,
                4.660000000019181
            ],
            "AHP_depth_abs": [
                -60.32890145379896,
                12.065780290759793
            ]
        }
    },
    "Step1": {
        "soma": {
            "AP_height": [
                25.46012462611837,
                5.092024925223674
            ],
            "AHP_slow_time": [
                0.12563272695708386,
                0.025126545391416774
            ],
            "ISI_CV": [
                0.03511004539854421,
                0.007022009079708843
            ],
            "doublet_ISI": [
                66.30000000001507,
                13.260000000003016
            ],
            "adaptation_index2": [
                -0.004173502779820188,
                0.0008347005559640377
            ],
            "mean_frequency": [
                7.4306034711582845,
                1.486120694231657
            ],
            "AHP_depth_abs_slow": [
                -61.914265346142514,
                12.382853069228503
            ],
            "AP_width": [
                0.8428571428565793,
                0.16857142857131588
            ],
            "time_to_first_spike": [
                34.00000000009834,
                6.8000000000196685
            ],
            "AHP_depth_abs": [
                -61.84860202878501,
                12.369720405757002
            ]
        },
        "MEA": {
            "peak_to_valley_0": [
                0.001355,
                0.00027100000000000003
            ],
            "peak_to_valley_1": [
                0.001355,
                0.00027100000000000003
            ],
            "peak_to_valley_2": [
                0.0013100000000000002,
                0.000262
            ],
            "peak_to_valley_3": [
                0.0012100000000000001,
                0.00024200000000000003
            ],
            "peak_to_valley_4": [
                0.0015400000000000001,
                0.00030800000000000006
            ],
            "peak_to_valley_5": [
                0.0016600000000000002,
                0.00033200000000000005
            ],
            "peak_to_valley_6": [
                0.00141,
                0.000282
            ],
            "peak_to_valley_7": [
                -0.0006950000000000001,
                0.00013900000000000002
            ],
            "peak_to_valley_8": [
                -0.001195,
                0.00023900000000000004
            ],
            "peak_to_valley_9": [
                -0.0014500000000000001,
                0.00029000000000000006
            ],
            "peak_to_valley_10": [
                -0.0019200000000000003,
                0.00038400000000000006
            ],
            "peak_to_valley_11": [
                -0.0028000000000000004,
                0.0005600000000000001
            ],
            "peak_to_valley_12": [
                -0.005005000000000001,
                0.0010010000000000002
            ],
            "peak_to_valley_13": [
                -0.006265000000000001,
                0.0012530000000000002
            ],
            "peak_to_valley_14": [
                -0.00995,
                0.00199
            ],
            "peak_to_valley_15": [
                -0.009955,
                0.001991
            ],
            "peak_to_valley_16": [
                -0.009955,
                0.001991
            ],
            "peak_to_valley_17": [
                -0.00996,
                0.0019920000000000003
            ],
            "peak_to_valley_18": [
                -0.010025000000000001,
                0.0020050000000000003
            ],
            "peak_to_valley_19": [
                -0.010025000000000001,
                0.0020050000000000003
            ],
            "peak_trough_ratio_0": [
                -0.36832400253619013,
                0.07366480050723803
            ],
            "peak_trough_ratio_1": [
                -0.4017252652620547,
                0.08034505305241095
            ],
            "peak_trough_ratio_2": [
                -0.4499363414859602,
                0.08998726829719204
            ],
            "peak_trough_ratio_3": [
                -0.5269126509395293,
                0.10538253018790587
            ],
            "peak_trough_ratio_4": [
                -0.5645035383266558,
                0.11290070766533117
            ],
            "peak_trough_ratio_5": [
                -0.5446439444064947,
                0.10892878888129894
            ],
            "peak_trough_ratio_6": [
                -0.38587714020812725,
                0.07717542804162546
            ],
            "peak_trough_ratio_7": [
                -0.39571331971077883,
                0.07914266394215577
            ],
            "peak_trough_ratio_8": [
                -1.1986342133649062,
                0.23972684267298125
            ],
            "peak_trough_ratio_9": [
                -1.84243815385133,
                0.36848763077026603
            ],
            "peak_trough_ratio_10": [
                -2.307515705181271,
                0.4615031410362542
            ],
            "peak_trough_ratio_11": [
                -2.6457227207058045,
                0.529144544141161
            ],
            "peak_trough_ratio_12": [
                -2.8050533669380773,
                0.5610106733876155
            ],
            "peak_trough_ratio_13": [
                -2.943422098079935,
                0.5886844196159869
            ],
            "peak_trough_ratio_14": [
                -3.2644276910198724,
                0.6528855382039745
            ],