{
    "Step3": {
        "soma": {
            "AP_height": [
                13.609889495039004,
                2.721977899007801
            ],
            "AHP_slow_time": [
                0.1737793984737886,
                0.03475587969475772
            ],
            "ISI_CV": [
                0.09641480804393111,
                0.019282961608786224
            ],
            "doublet_ISI": [
                21.000000000004775,
                4.200000000000955
            ],
            "adaptation_index2": [
                0.005886982656907866,
                0.0011773965313815731
            ],
            "mean_frequency": [
                18.226002430146,
                3.6452004860292
            ],
            "AHP_depth_abs_slow": [
                -54.98314917015955,
                10.99662983403191
            ],
            "AP_width": [
                0.8388888888882933,
                0.16777777777765868
            ],
            "time_to_first_spike": [
                10.600000000093019,
                2.120000000018604
            ],
            "AHP_depth_abs": [
                -55.07872343932768,
                11.015744687865537
            ]
        }
    },
    "Step2": {
        "soma": {
            "AP_height": [
                23.40389422314921,
                4.680778844629842
            ],
            "AHP_slow_time": [
                0.12694889292695477,
                0.025389778585390956
            ],
            "ISI_CV": [
                0.03827222603625325,
                0.00765444520725065
            ],
            "doublet_ISI": [
                44.10000000001003,
                8.820000000002006
            ],
            "adaptation_index2": [
                -0.0015047825173173772,
                0.00030095650346347546
            ],
            "mean_frequency": [
                9.317734755156899,
                1.8635469510313798
            ],
            "AHP_depth_abs_slow": [
                -60.331755224398734,
                12.066351044879747
            ],
            "AP_width": [
                0.8444444444438912,
                0.16888888888877826
            ],
            "time_to_first_spike": [
                23.300000000095906,
                4.660000000019181
            ],
            "AHP_depth_abs": [
                -60.32890145379896,
                12.065780290759793
            ]
        }
    },
    "Step1": {
        "soma": {
            "AP_height": [
                25.46012462611837,
                5.092024925223674
            ],
            "AHP_slow_time": [
                0.12563272695708386,
                0.025126545391416774
            ],
            "ISI_CV": [
                0.03511004539854421,
                0.007022009079708843
            ],
            "doublet_ISI": [
                66.30000000001507,
                13.260000000003016
            ],
            "adaptation_index2": [
                -0.004173502779820188,
                0.0008347005559640377
            ],
            "mean_frequency": [
                7.4306034711582845,
                1.486120694231657
            ],
            "AHP_depth_abs_slow": [
                -61.914265346142514,
                12.382853069228503
            ],
            "AP_width": [
                0.8428571428565793,
                0.16857142857131588
            ],
            "time_to_first_spike": [
                34.00000000009834,
                6.8000000000196685
            ],
            "AHP_depth_abs": [
                -61.84860202878501,
                12.369720405757002
            ]
        }
    }
}