{
    "Step3": {
        "soma": {
            "AP_height": [
                16.06323284805997,
                3.2126465696119944
            ],
            "AHP_slow_time": [
                0.27722505494506366,
                0.055445010989012736
            ],
            "ISI_CV": [
                0.0941873949388792,
                0.01883747898777584
            ],
            "doublet_ISI": [
                24.10000000000548,
                4.820000000001096
            ],
            "adaptation_index2": [
                0.005927525578302131,
                0.0011855051156604264
            ],
            "mean_frequency": [
                13.659128851124748,
                2.7318257702249498
            ],
            "AHP_depth_abs_slow": [
                -55.1135125588074,
                11.02270251176148
            ],
            "AP_width": [
                0.9222222222215813,
                0.1844444444443163
            ],
            "time_to_first_spike": [
                10.600000000093019,
                2.120000000018604
            ],
            "AHP_depth_abs": [
                -55.09474252718884,
                11.01894850543777
            ]
        }
    },
    "Step2": {
        "soma": {
            "AP_height": [
                26.03317290908553,
                5.206634581817106
            ],
            "AHP_slow_time": [
                0.1773134151401582,
                0.03546268302803164
            ],
            "ISI_CV": [
                0.03896033679200166,
                0.007792067358400332
            ],
            "doublet_ISI": [
                69.70000000001585,
                13.94000000000317
            ],
            "adaptation_index2": [
                -0.005735111716866116,
                0.0011470223433732232
            ],
            "mean_frequency": [
                6.955219089405935,
                1.391043817881187
            ],
            "AHP_depth_abs_slow": [
                -60.283592124279906,
                12.056718424855982
            ],
            "AP_width": [
                0.9461538461532305,
                0.1892307692306461
            ],
            "time_to_first_spike": [
                22.800000000095793,
                4.5600000000191585
            ],
            "AHP_depth_abs": [
                -59.993706240704256,
                11.998741248140853
            ]
        }
    },
    "Step1": {
        "soma": {
            "AP_height": [
                28.430273553821095,
                5.686054710764219
            ],
            "AHP_slow_time": [
                0.16307456064862133,
                0.03261491212972427
            ],
            "ISI_CV": [
                0.03258646549558798,
                0.0065172930991175965
            ],
            "doublet_ISI": [
                113.20000000002574,
                22.64000000000515
            ],
            "adaptation_index2": [
                -0.0059072766689028805,
                0.0011814553337805762
            ],
            "mean_frequency": [
                5.610813567971145,
                1.1221627135942291
            ],
            "AHP_depth_abs_slow": [
                -62.252570025483124,
                12.450514005096625
            ],
            "AP_width": [
                0.945454545453882,
                0.18909090909077642
            ],
            "time_to_first_spike": [
                32.70000000009804,
                6.540000000019609
            ],
            "AHP_depth_abs": [
                -62.02537193081045,
                12.405074386162092
            ]
        },
        "MEA": {
            "peak_to_valley_0": [
                0.001585,
                0.000317
            ],
            "peak_to_valley_1": [
                0.0015350000000000001,
                0.00030700000000000004
            ],
            "peak_to_valley_2": [
                0.0014900000000000002,
                0.0002980000000000001
            ],
            "peak_to_valley_3": [
                0.0013950000000000002,
                0.00027900000000000006
            ],
            "peak_to_valley_4": [
                0.0016550000000000002,
                0.0003310000000000001
            ],
            "peak_to_valley_5": [
                0.0018250000000000002,
                0.0003650000000000001
            ],
            "peak_to_valley_6": [
                0.0015450000000000001,
                0.00030900000000000003
            ],
            "peak_to_valley_7": [
                -0.00035000000000000005,
                7.000000000000001e-05
            ],
            "peak_to_valley_8": [
                -0.001025,
                0.00020500000000000002
            ],
            "peak_to_valley_9": [
                -0.0015300000000000001,
                0.00030600000000000007
            ],
            "peak_to_valley_10": [
                -0.003125,
                0.0006250000000000001
            ],
            "peak_to_valley_11": [
                -0.0036500000000000005,
                0.0007300000000000002
            ],
            "peak_to_valley_12": [
                -0.004600000000000001,
                0.0009200000000000002
            ],
            "peak_to_valley_13": [
                -0.006695,
                0.0013390000000000001
            ],
            "peak_to_valley_14": [
                -0.007430000000000001,
                0.0014860000000000003
            ],
            "peak_to_valley_15": [
                -0.00683,
                0.001366
            ],
            "peak_to_valley_16": [
                -0.006280000000000001,
                0.0012560000000000002
            ],
            "peak_to_valley_17": [
                -0.005695,
                0.001139
            ],
            "peak_to_valley_18": [
                -0.005045,
                0.0010090000000000001
            ],
            "peak_to_valley_19": [
                -0.004495000000000001,
                0.0008990000000000002
            ],
            "peak_trough_ratio_0": [
                -0.43727489634012723,
                0.08745497926802545
            ],
            "peak_trough_ratio_1": [
                -0.47329414182887125,
                0.09465882836577426
            ],
            "peak_trough_ratio_2": [
                -0.5226002301331341,
                0.10452004602662682
            ],
            "peak_trough_ratio_3": [
                -0.5979283596027599,
                0.11958567192055199
            ],
            "peak_trough_ratio_4": [
                -0.6655405384556112,
                0.13310810769112225
            ],
            "peak_trough_ratio_5": [
                -0.6340915819183943,
                0.12681831638367888
            ],
            "peak_trough_ratio_6": [
                -0.36914909688504227,
                0.07382981937700846
            ],
            "peak_trough_ratio_7": [
                -0.3323082339115201,
                0.06646164678230403
            ],
            "peak_trough_ratio_8": [
                -0.98812613254106,
                0.19762522650821202
            ],
            "peak_trough_ratio_9": [
                -1.0347630106735808,
                0.20695260213471617
            ],
            "peak_trough_ratio_10": [
                -0.987897291077819,
                0.1975794582155638
            ],
            "peak_trough_ratio_11": [
                -1.039137109978843,
                0.2078274219957686
            ],
            "peak_trough_ratio_12": [
                -1.2990812562919547,
                0.259816251258391
            ],
            "peak_trough_ratio_13": [
                -1.4333146205159577,
                0.28666292410319155
            ],
            "peak_trough_ratio_14": [
                -1.7817996583751192,
                0.3563599316750239
            ],