{
    "Step3": {
        "soma": {
            "AP_height": [
                15.994379970857311,
                3.1988759941714626
            ],
            "AHP_slow_time": [
                0.2792831402712985,
                0.055856628054259706
            ],
            "ISI_CV": [
                0.09389891213726648,
                0.018779782427453297
            ],
            "doublet_ISI": [
                24.10000000000548,
                4.820000000001096
            ],
            "adaptation_index2": [
                0.005863063576720304,
                0.0011726127153440609
            ],
            "mean_frequency": [
                13.658437879410304,
                2.731687575882061
            ],
            "AHP_depth_abs_slow": [
                -55.11312676566386,
                11.022625353132772
            ],
            "AP_width": [
                0.9185185185178768,
                0.18370370370357536
            ],
            "time_to_first_spike": [
                10.600000000093019,
                2.120000000018604
            ],
            "AHP_depth_abs": [
                -55.09411649868789,
                11.018823299737578
            ]
        }
    },
    "Step2": {
        "soma": {
            "AP_height": [
                26.375613319088604,
                5.275122663817721
            ],
            "AHP_slow_time": [
                0.1774065536871179,
                0.03548131073742358
            ],
            "ISI_CV": [
                0.03926616191816103,
                0.007853232383632206
            ],
            "doublet_ISI": [
                69.60000000001583,
                13.920000000003165
            ],
            "adaptation_index2": [
                -0.005817500936753263,
                0.0011635001873506526
            ],
            "mean_frequency": [
                6.9544749371468635,
                1.3908949874293728
            ],
            "AHP_depth_abs_slow": [
                -60.28172331103781,
                12.056344662207563
            ],
            "AP_width": [
                0.9153846153840277,
                0.18307692307680556
            ],
            "time_to_first_spike": [
                22.800000000095793,
                4.5600000000191585
            ],
            "AHP_depth_abs": [
                -59.991470412635636,
                11.998294082527128
            ]
        }
    },
    "Step1": {
        "soma": {
            "AP_height": [
                28.32069976682416,
                5.664139953364832
            ],
            "AHP_slow_time": [
                0.16434143550746694,
                0.032868287101493386
            ],
            "ISI_CV": [
                0.03198726056154271,
                0.006397452112308542
            ],
            "doublet_ISI": [
                113.20000000002574,
                22.64000000000515
            ],
            "adaptation_index2": [
                -0.005660596852934332,
                0.0011321193705868665
            ],
            "mean_frequency": [
                5.609382967877323,
                1.1218765935754647
            ],
            "AHP_depth_abs_slow": [
                -62.25179044759383,
                12.450358089518765
            ],
            "AP_width": [
                0.9545454545447828,
                0.19090909090895658
            ],
            "time_to_first_spike": [
                32.70000000009804,
                6.540000000019609
            ],
            "AHP_depth_abs": [
                -62.02495491612911,
                12.404990983225822
            ]
        },
        "MEA": {
            "peak_to_valley_0": [
                0.0016,
                0.00032
            ],
            "peak_to_valley_1": [
                0.0015550000000000002,
                0.0003110000000000001
            ],
            "peak_to_valley_2": [
                0.001505,
                0.00030100000000000005
            ],
            "peak_to_valley_3": [
                0.00141,
                0.000282
            ],
            "peak_to_valley_4": [
                0.00168,
                0.00033600000000000004
            ],
            "peak_to_valley_5": [
                0.001845,
                0.000369
            ],
            "peak_to_valley_6": [
                0.0015650000000000002,
                0.00031300000000000007
            ],
            "peak_to_valley_7": [
                -0.00034,
                6.800000000000001e-05
            ],
            "peak_to_valley_8": [
                -0.001015,
                0.00020300000000000003
            ],
            "peak_to_valley_9": [
                -0.0015450000000000001,
                0.00030900000000000003
            ],
            "peak_to_valley_10": [
                -0.0031400000000000004,
                0.0006280000000000001
            ],
            "peak_to_valley_11": [
                -0.0036500000000000005,
                0.0007300000000000002
            ],
            "peak_to_valley_12": [
                -0.0046500000000000005,
                0.0009300000000000002
            ],
            "peak_to_valley_13": [
                -0.006775000000000001,
                0.0013550000000000003
            ],
            "peak_to_valley_14": [
                -0.009955,
                0.001991
            ],
            "peak_to_valley_15": [
                -0.00683,
                0.001366
            ],
            "peak_to_valley_16": [
                -0.006280000000000001,
                0.0012560000000000002
            ],
            "peak_to_valley_17": [
                -0.005745,
                0.001149
            ],
            "peak_to_valley_18": [
                -0.005045,
                0.0010090000000000001
            ],
            "peak_to_valley_19": [
                -0.004495000000000001,
                0.0008990000000000002
            ],
            "peak_trough_ratio_0": [
                -0.41266106917071244,
                0.0825322138341425
            ],
            "peak_trough_ratio_1": [
                -0.4454767275685103,
                0.08909534551370207
            ],
            "peak_trough_ratio_2": [
                -0.48994430392187904,
                0.09798886078437581
            ],
            "peak_trough_ratio_3": [
                -0.5578478017532903,
                0.11156956035065807
            ],
            "peak_trough_ratio_4": [
                -0.6503564614131887,
                0.13007129228263775
            ],
            "peak_trough_ratio_5": [
                -0.6182751191616505,
                0.1236550238323301
            ],
            "peak_trough_ratio_6": [
                -0.36071272486026834,
                0.07214254497205368
            ],
            "peak_trough_ratio_7": [
                -0.42214228565155504,
                0.08442845713031101
            ],
            "peak_trough_ratio_8": [
                -1.0101424778115387,
                0.20202849556230773
            ],
            "peak_trough_ratio_9": [
                -1.044945586494628,
                0.2089891172989256
            ],
            "peak_trough_ratio_10": [
                -0.9925691660252453,
                0.19851383320504906
            ],
            "peak_trough_ratio_11": [
                -1.041688217233524,
                0.2083376434467048
            ],
            "peak_trough_ratio_12": [
                -1.302007249334677,
                0.2604014498669354
            ],
            "peak_trough_ratio_13": [
                -1.4543661485968074,
                0.29087322971936147
            ],
            "peak_trough_ratio_14": [
                -1.7839107078956888,
                0.3567821415791378
            ],