{
    "Step3": {
        "soma": {
            "AP_height": [
                15.994379970857311,
                3.1988759941714626
            ],
            "AHP_slow_time": [
                0.2792831402712985,
                0.055856628054259706
            ],
            "ISI_CV": [
                0.09389891213726648,
                0.018779782427453297
            ],
            "doublet_ISI": [
                24.10000000000548,
                4.820000000001096
            ],
            "adaptation_index2": [
                0.005863063576720304,
                0.0011726127153440609
            ],
            "mean_frequency": [
                13.658437879410304,
                2.731687575882061
            ],
            "AHP_depth_abs_slow": [
                -55.11312676566386,
                11.022625353132772
            ],
            "AP_width": [
                0.9185185185178768,
                0.18370370370357536
            ],
            "time_to_first_spike": [
                10.600000000093019,
                2.120000000018604
            ],
            "AHP_depth_abs": [
                -55.09411649868789,
                11.018823299737578
            ]
        }
    },
    "Step2": {
        "soma": {
            "AP_height": [
                26.375613319088604,
                5.275122663817721
            ],
            "AHP_slow_time": [
                0.1774065536871179,
                0.03548131073742358
            ],
            "ISI_CV": [
                0.03926616191816103,
                0.007853232383632206
            ],
            "doublet_ISI": [
                69.60000000001583,
                13.920000000003165
            ],
            "adaptation_index2": [
                -0.005817500936753263,
                0.0011635001873506526
            ],
            "mean_frequency": [
                6.9544749371468635,
                1.3908949874293728
            ],
            "AHP_depth_abs_slow": [
                -60.28172331103781,
                12.056344662207563
            ],
            "AP_width": [
                0.9153846153840277,
                0.18307692307680556
            ],
            "time_to_first_spike": [
                22.800000000095793,
                4.5600000000191585
            ],
            "AHP_depth_abs": [
                -59.991470412635636,
                11.998294082527128
            ]
        }
    },
    "Step1": {
        "soma": {
            "AP_height": [
                28.32069976682416,
                5.664139953364832
            ],
            "AHP_slow_time": [
                0.16434143550746694,
                0.032868287101493386
            ],
            "ISI_CV": [
                0.03198726056154271,
                0.006397452112308542
            ],
            "doublet_ISI": [
                113.20000000002574,
                22.64000000000515
            ],
            "adaptation_index2": [
                -0.005660596852934332,
                0.0011321193705868665
            ],
            "mean_frequency": [
                5.609382967877323,
                1.1218765935754647
            ],
            "AHP_depth_abs_slow": [
                -62.25179044759383,
                12.450358089518765
            ],
            "AP_width": [
                0.9545454545447828,
                0.19090909090895658
            ],
            "time_to_first_spike": [
                32.70000000009804,
                6.540000000019609
            ],
            "AHP_depth_abs": [
                -62.02495491612911,
                12.404990983225822
            ]
        }
    }
}