{
    "Step3": {
        "soma": {
            "AP_height": [
                16.06323284805997,
                3.2126465696119944
            ],
            "AHP_slow_time": [
                0.27722505494506366,
                0.055445010989012736
            ],
            "ISI_CV": [
                0.0941873949388792,
                0.01883747898777584
            ],
            "doublet_ISI": [
                24.10000000000548,
                4.820000000001096
            ],
            "adaptation_index2": [
                0.005927525578302131,
                0.0011855051156604264
            ],
            "mean_frequency": [
                13.659128851124748,
                2.7318257702249498
            ],
            "AHP_depth_abs_slow": [
                -55.1135125588074,
                11.02270251176148
            ],
            "AP_width": [
                0.9222222222215813,
                0.1844444444443163
            ],
            "time_to_first_spike": [
                10.600000000093019,
                2.120000000018604
            ],
            "AHP_depth_abs": [
                -55.09474252718884,
                11.01894850543777
            ]
        }
    },
    "Step2": {
        "soma": {
            "AP_height": [
                26.03317290908553,
                5.206634581817106
            ],
            "AHP_slow_time": [
                0.1773134151401582,
                0.03546268302803164
            ],
            "ISI_CV": [
                0.03896033679200166,
                0.007792067358400332
            ],
            "doublet_ISI": [
                69.70000000001585,
                13.94000000000317
            ],
            "adaptation_index2": [
                -0.005735111716866116,
                0.0011470223433732232
            ],
            "mean_frequency": [
                6.955219089405935,
                1.391043817881187
            ],
            "AHP_depth_abs_slow": [
                -60.283592124279906,
                12.056718424855982
            ],
            "AP_width": [
                0.9461538461532305,
                0.1892307692306461
            ],
            "time_to_first_spike": [
                22.800000000095793,
                4.5600000000191585
            ],
            "AHP_depth_abs": [
                -59.993706240704256,
                11.998741248140853
            ]
        }
    },
    "Step1": {
        "soma": {
            "AP_height": [
                28.430273553821095,
                5.686054710764219
            ],
            "AHP_slow_time": [
                0.16307456064862133,
                0.03261491212972427
            ],
            "ISI_CV": [
                0.03258646549558798,
                0.0065172930991175965
            ],
            "doublet_ISI": [
                113.20000000002574,
                22.64000000000515
            ],
            "adaptation_index2": [
                -0.0059072766689028805,
                0.0011814553337805762
            ],
            "mean_frequency": [
                5.610813567971145,
                1.1221627135942291
            ],
            "AHP_depth_abs_slow": [
                -62.252570025483124,
                12.450514005096625
            ],
            "AP_width": [
                0.945454545453882,
                0.18909090909077642
            ],
            "time_to_first_spike": [
                32.70000000009804,
                6.540000000019609
            ],
            "AHP_depth_abs": [
                -62.02537193081045,
                12.405074386162092
            ]
        }
    }
}