{
    "bAP": {
        "soma": {
            "AP_width": [
                1.0000000000002274,
                0.20000000000004547
            ],
            "AP_height": [
                36.32873206248857,
                7.265746412497714
            ],
            "Spikecount": [
                1.0,
                0.2
            ]
        },
        "dend1": {
            "AP_amplitude_from_voltagebase": [
                44.07278726532968,
                8.814557453065936
            ]
        },
        "dend2": {
            "AP_amplitude_from_voltagebase": [
                22.95448612199641,
                4.590897224399282
            ]
        }
    },
    "Step3": {
        "soma": {
            "AP_height": [
                12.19439196431577,
                2.4388783928631543
            ],
            "AHP_slow_time": [
                0.3197593873832555,
                0.0639518774766511
            ],
            "ISI_CV": [
                0.09595080968228012,
                0.019190161936456025
            ],
            "doublet_ISI": [
                21.100000000004798,
                4.22000000000096
            ],
            "adaptation_index2": [
                0.00426647326556197,
                0.000853294653112394
            ],
            "mean_frequency": [
                18.652954224654714,
                3.730590844930943
            ],
            "AHP_depth_abs_slow": [
                -53.81712296821342,
                10.763424593642684
            ],
            "AP_width": [
                0.8918918918912466,
                0.17837837837824932
            ],
            "time_to_first_spike": [
                10.900000000093087,
                2.1800000000186173
            ],
            "AHP_depth_abs": [
                -54.61414095525374,
                10.922828191050748
            ]
        }
    },
    "Step2": {
        "soma": {
            "AP_height": [
                22.32913930185325,
                4.46582786037065
            ],
            "AHP_slow_time": [
                0.17786181174033425,
                0.03557236234806685
            ],
            "ISI_CV": [
                0.03730763836277975,
                0.00746152767255595
            ],
            "doublet_ISI": [
                50.90000000001157,
                10.180000000002316
            ],
            "adaptation_index2": [
                -0.00304010168432793,
                0.0006080203368655861
            ],
            "mean_frequency": [
                8.79644002898242,
                1.7592880057964841
            ],
            "AHP_depth_abs_slow": [
                -59.467086261095886,
                11.893417252219178
            ],
            "AP_width": [
                0.8764705882346775,
                0.1752941176469355
            ],
            "time_to_first_spike": [
                23.700000000095997,
                4.7400000000192
            ],
            "AHP_depth_abs": [
                -59.360601090058665,
                11.872120218011734
            ]
        }
    },
    "Step1": {
        "soma": {
            "AP_height": [
                24.429590076117986,
                4.885918015223598
            ],
            "AHP_slow_time": [
                0.1633615158847962,
                0.03267230317695924
            ],
            "ISI_CV": [
                0.03488078778773349,
                0.006976157557546699
            ],
            "doublet_ISI": [
                80.40000000001828,
                16.080000000003658
            ],
            "adaptation_index2": [
                -0.005019584336750225,
                0.001003916867350045
            ],
            "mean_frequency": [
                6.988495860664776,
                1.3976991721329552
            ],
            "AHP_depth_abs_slow": [
                -61.38499154840966,
                12.276998309681932
            ],
            "AP_width": [
                0.8923076923071169,
                0.1784615384614234
            ],
            "time_to_first_spike": [
                34.30000000009841,
                6.8600000000196815
            ],
            "AHP_depth_abs": [
                -61.24534467710296,
                12.249068935420594
            ]
        }
    }
}