{
    "bAP": {
        "soma": {
            "AP_width": [
                1.0000000000002274,
                0.20000000000004547
            ],
            "AP_height": [
                36.32874514703418,
                7.265749029406836
            ],
            "Spikecount": [
                1.0,
                0.2
            ]
        },
        "dend1": {
            "AP_amplitude_from_voltagebase": [
                44.07278152107931,
                8.814556304215861
            ]
        },
        "dend2": {
            "AP_amplitude_from_voltagebase": [
                22.954480489485363,
                4.5908960978970725
            ]
        }
    },
    "Step3": {
        "soma": {
            "AP_height": [
                12.251050073578288,
                2.450210014715658
            ],
            "AHP_slow_time": [
                0.32030980009344046,
                0.0640619600186881
            ],
            "ISI_CV": [
                0.09619520265100028,
                0.019239040530200056
            ],
            "doublet_ISI": [
                21.100000000004798,
                4.22000000000096
            ],
            "adaptation_index2": [
                0.004246431036710263,
                0.0008492862073420526
            ],
            "mean_frequency": [
                18.6557757273358,
                3.7311551454671603
            ],
            "AHP_depth_abs_slow": [
                -53.819615418097136,
                10.763923083619428
            ],
            "AP_width": [
                0.8675675675669444,
                0.1735135135133889
            ],
            "time_to_first_spike": [
                10.900000000093087,
                2.1800000000186173
            ],
            "AHP_depth_abs": [
                -54.6158926154373,
                10.923178523087461
            ]
        }
    },
    "Step2": {
        "soma": {
            "AP_height": [
                22.577693403212074,
                4.515538680642415
            ],
            "AHP_slow_time": [
                0.1781555249968201,
                0.035631104999364026
            ],
            "ISI_CV": [
                0.037158846504974245,
                0.007431769300994849
            ],
            "doublet_ISI": [
                51.000000000011596,
                10.20000000000232
            ],
            "adaptation_index2": [
                -0.0030950332902335877,
                0.0006190066580467176
            ],
            "mean_frequency": [
                8.795984891608333,
                1.7591969783216665
            ],
            "AHP_depth_abs_slow": [
                -59.4679668190535,
                11.893593363810702
            ],
            "AP_width": [
                0.8941176470581909,
                0.17882352941163818
            ],
            "time_to_first_spike": [
                23.700000000095997,
                4.7400000000192
            ],
            "AHP_depth_abs": [
                -59.36386168116143,
                11.872772336232288
            ]
        }
    },
    "Step1": {
        "soma": {
            "AP_height": [
                25.06609332248777,
                5.013218664497554
            ],
            "AHP_slow_time": [
                0.16211685704140824,
                0.03242337140828165
            ],
            "ISI_CV": [
                0.035409381820753025,
                0.0070818763641506055
            ],
            "doublet_ISI": [
                80.40000000001828,
                16.080000000003658
            ],
            "adaptation_index2": [
                -0.005081629461662453,
                0.0010163258923324907
            ],
            "mean_frequency": [
                6.989998924620183,
                1.3979997849240366
            ],
            "AHP_depth_abs_slow": [
                -61.38587233124835,
                12.27717446624967
            ],
            "AP_width": [
                0.8923076923071169,
                0.1784615384614234
            ],
            "time_to_first_spike": [
                34.30000000009841,
                6.8600000000196815
            ],
            "AHP_depth_abs": [
                -61.24658273220053,
                12.249316546440106
            ]
        }
    }
}