{
    "Step3": {
        "soma": {
            "AP_height": [
                12.19439196431577,
                2.4388783928631543
            ],
            "AHP_slow_time": [
                0.3197593873832555,
                0.0639518774766511
            ],
            "ISI_CV": [
                0.09595080968228012,
                0.019190161936456025
            ],
            "doublet_ISI": [
                21.100000000004798,
                4.22000000000096
            ],
            "adaptation_index2": [
                0.00426647326556197,
                0.000853294653112394
            ],
            "mean_frequency": [
                18.652954224654714,
                3.730590844930943
            ],
            "AHP_depth_abs_slow": [
                -53.81712296821342,
                10.763424593642684
            ],
            "AP_width": [
                0.8918918918912466,
                0.17837837837824932
            ],
            "time_to_first_spike": [
                10.900000000093087,
                2.1800000000186173
            ],
            "AHP_depth_abs": [
                -54.61414095525374,
                10.922828191050748
            ]
        }
    },
    "Step2": {
        "soma": {
            "AP_height": [
                22.32913930185325,
                4.46582786037065
            ],
            "AHP_slow_time": [
                0.17786181174033425,
                0.03557236234806685
            ],
            "ISI_CV": [
                0.03730763836277975,
                0.00746152767255595
            ],
            "doublet_ISI": [
                50.90000000001157,
                10.180000000002316
            ],
            "adaptation_index2": [
                -0.00304010168432793,
                0.0006080203368655861
            ],
            "mean_frequency": [
                8.79644002898242,
                1.7592880057964841
            ],
            "AHP_depth_abs_slow": [
                -59.467086261095886,
                11.893417252219178
            ],
            "AP_width": [
                0.8764705882346775,
                0.1752941176469355
            ],
            "time_to_first_spike": [
                23.700000000095997,
                4.7400000000192
            ],
            "AHP_depth_abs": [
                -59.360601090058665,
                11.872120218011734
            ]
        }
    },
    "Step1": {
        "soma": {
            "AP_height": [
                24.429590076117986,
                4.885918015223598
            ],
            "AHP_slow_time": [
                0.1633615158847962,
                0.03267230317695924
            ],
            "ISI_CV": [
                0.03488078778773349,
                0.006976157557546699
            ],
            "doublet_ISI": [
                80.40000000001828,
                16.080000000003658
            ],
            "adaptation_index2": [
                -0.005019584336750225,
                0.001003916867350045
            ],
            "mean_frequency": [
                6.988495860664776,
                1.3976991721329552
            ],
            "AHP_depth_abs_slow": [
                -61.38499154840966,
                12.276998309681932
            ],
            "AP_width": [
                0.8923076923071169,
                0.1784615384614234
            ],
            "time_to_first_spike": [
                34.30000000009841,
                6.8600000000196815
            ],
            "AHP_depth_abs": [
                -61.24534467710296,
                12.249068935420594
            ]
        },
        "MEA": {
            "peak_to_valley_0": [
                0.0015700000000000002,
                0.00031400000000000004
            ],
            "peak_to_valley_1": [
                0.001525,
                0.00030500000000000004
            ],
            "peak_to_valley_2": [
                0.0014750000000000002,
                0.00029500000000000007
            ],
            "peak_to_valley_3": [
                0.0013850000000000002,
                0.00027700000000000007
            ],
            "peak_to_valley_4": [
                0.0016600000000000002,
                0.00033200000000000005
            ],
            "peak_to_valley_5": [
                0.0019150000000000003,
                0.0003830000000000001
            ],
            "peak_to_valley_6": [
                0.0015,
                0.00030000000000000003
            ],
            "peak_to_valley_7": [
                -0.00037000000000000005,
                7.400000000000001e-05
            ],
            "peak_to_valley_8": [
                -0.0011400000000000002,
                0.00022800000000000004
            ],
            "peak_to_valley_9": [
                -0.0015,
                0.00030000000000000003
            ],
            "peak_to_valley_10": [
                -0.0020150000000000003,
                0.0004030000000000001
            ],
            "peak_to_valley_11": [
                -0.0035,
                0.0007000000000000001
            ],
            "peak_to_valley_12": [
                -0.0051,
                0.00102
            ],
            "peak_to_valley_13": [
                -0.006995,
                0.001399
            ],
            "peak_to_valley_14": [
                -0.009930000000000001,
                0.0019860000000000004
            ],
            "peak_to_valley_15": [
                -0.009935000000000001,
                0.0019870000000000005
            ],
            "peak_to_valley_16": [
                -0.009935000000000001,
                0.0019870000000000005
            ],
            "peak_to_valley_17": [
                -0.010005,
                0.002001
            ],
            "peak_to_valley_18": [
                -0.010005,
                0.002001
            ],
            "peak_to_valley_19": [
                -0.010010000000000002,
                0.0020020000000000003
            ],
            "peak_trough_ratio_0": [
                -0.3944692187861509,
                0.07889384375723019
            ],
            "peak_trough_ratio_1": [
                -0.42880201784669014,
                0.08576040356933803
            ],
            "peak_trough_ratio_2": [
                -0.4762095764210617,
                0.09524191528421234
            ],
            "peak_trough_ratio_3": [
                -0.5492280697522416,
                0.10984561395044833
            ],
            "peak_trough_ratio_4": [
                -0.6005518017609868,
                0.12011036035219735
            ],
            "peak_trough_ratio_5": [
                -0.5740714237207118,
                0.11481428474414238
            ],
            "peak_trough_ratio_6": [
                -0.3692285880155202,
                0.07384571760310404
            ],
            "peak_trough_ratio_7": [
                -0.3246252037611243,
                0.06492504075222487
            ],
            "peak_trough_ratio_8": [
                -1.0565928585613162,
                0.21131857171226326
            ],
            "peak_trough_ratio_9": [
                -1.499543809080278,
                0.2999087618160556
            ],
            "peak_trough_ratio_10": [
                -2.0311314302464525,
                0.4062262860492905
            ],
            "peak_trough_ratio_11": [
                -2.530791312368575,
                0.506158262473715
            ],
            "peak_trough_ratio_12": [
                -2.511668192967662,
                0.5023336385935324
            ],
            "peak_trough_ratio_13": [
                -2.6075691482926904,
                0.5215138296585381
            ],
            "peak_trough_ratio_14": [
                -2.7683435145144766,
                0.5536687029028954
            ],