{
    "Step3": {
        "soma": {
            "AP_height": [
                12.251050073578288,
                2.450210014715658
            ],
            "AHP_slow_time": [
                0.32030980009344046,
                0.0640619600186881
            ],
            "ISI_CV": [
                0.09619520265100028,
                0.019239040530200056
            ],
            "doublet_ISI": [
                21.100000000004798,
                4.22000000000096
            ],
            "adaptation_index2": [
                0.004246431036710263,
                0.0008492862073420526
            ],
            "mean_frequency": [
                18.6557757273358,
                3.7311551454671603
            ],
            "AHP_depth_abs_slow": [
                -53.819615418097136,
                10.763923083619428
            ],
            "AP_width": [
                0.8675675675669444,
                0.1735135135133889
            ],
            "time_to_first_spike": [
                10.900000000093087,
                2.1800000000186173
            ],
            "AHP_depth_abs": [
                -54.6158926154373,
                10.923178523087461
            ]
        }
    },
    "Step2": {
        "soma": {
            "AP_height": [
                22.577693403212074,
                4.515538680642415
            ],
            "AHP_slow_time": [
                0.1781555249968201,
                0.035631104999364026
            ],
            "ISI_CV": [
                0.037158846504974245,
                0.007431769300994849
            ],
            "doublet_ISI": [
                51.000000000011596,
                10.20000000000232
            ],
            "adaptation_index2": [
                -0.0030950332902335877,
                0.0006190066580467176
            ],
            "mean_frequency": [
                8.795984891608333,
                1.7591969783216665
            ],
            "AHP_depth_abs_slow": [
                -59.4679668190535,
                11.893593363810702
            ],
            "AP_width": [
                0.8941176470581909,
                0.17882352941163818
            ],
            "time_to_first_spike": [
                23.700000000095997,
                4.7400000000192
            ],
            "AHP_depth_abs": [
                -59.36386168116143,
                11.872772336232288
            ]
        }
    },
    "Step1": {
        "soma": {
            "AP_height": [
                25.06609332248777,
                5.013218664497554
            ],
            "AHP_slow_time": [
                0.16211685704140824,
                0.03242337140828165
            ],
            "ISI_CV": [
                0.035409381820753025,
                0.0070818763641506055
            ],
            "doublet_ISI": [
                80.40000000001828,
                16.080000000003658
            ],
            "adaptation_index2": [
                -0.005081629461662453,
                0.0010163258923324907
            ],
            "mean_frequency": [
                6.989998924620183,
                1.3979997849240366
            ],
            "AHP_depth_abs_slow": [
                -61.38587233124835,
                12.27717446624967
            ],
            "AP_width": [
                0.8923076923071169,
                0.1784615384614234
            ],
            "time_to_first_spike": [
                34.30000000009841,
                6.8600000000196815
            ],
            "AHP_depth_abs": [
                -61.24658273220053,
                12.249316546440106
            ]
        },
        "MEA": {
            "peak_to_valley_0": [
                0.0015550000000000002,
                0.0003110000000000001
            ],
            "peak_to_valley_1": [
                0.001505,
                0.00030100000000000005
            ],
            "peak_to_valley_2": [
                0.0014600000000000001,
                0.00029200000000000005
            ],
            "peak_to_valley_3": [
                0.00136,
                0.00027200000000000005
            ],
            "peak_to_valley_4": [
                0.001675,
                0.000335
            ],
            "peak_to_valley_5": [
                0.0018900000000000002,
                0.0003780000000000001
            ],
            "peak_to_valley_6": [
                0.001515,
                0.00030300000000000005
            ],
            "peak_to_valley_7": [
                -0.0007250000000000001,
                0.00014500000000000003
            ],
            "peak_to_valley_8": [
                -0.0011450000000000002,
                0.00022900000000000004
            ],
            "peak_to_valley_9": [
                -0.0015,
                0.00030000000000000003
            ],
            "peak_to_valley_10": [
                -0.00201,
                0.000402
            ],
            "peak_to_valley_11": [
                -0.0035,
                0.0007000000000000001
            ],
            "peak_to_valley_12": [
                -0.005755000000000001,
                0.0011510000000000001
            ],
            "peak_to_valley_13": [
                -0.007015,
                0.0014030000000000002
            ],
            "peak_to_valley_14": [
                -0.00995,
                0.00199
            ],
            "peak_to_valley_15": [
                -0.009955,
                0.001991
            ],
            "peak_to_valley_16": [
                -0.00996,
                0.0019920000000000003
            ],
            "peak_to_valley_17": [
                -0.010025000000000001,
                0.0020050000000000003
            ],
            "peak_to_valley_18": [
                -0.010025000000000001,
                0.0020050000000000003
            ],
            "peak_to_valley_19": [
                -0.010025000000000001,
                0.0020050000000000003
            ],
            "peak_trough_ratio_0": [
                -0.3700191322795727,
                0.07400382645591455
            ],
            "peak_trough_ratio_1": [
                -0.4028832745807839,
                0.08057665491615679
            ],
            "peak_trough_ratio_2": [
                -0.4491374254246078,
                0.08982748508492155
            ],
            "peak_trough_ratio_3": [
                -0.5217423941987829,
                0.10434847883975658
            ],
            "peak_trough_ratio_4": [
                -0.580195390629378,
                0.1160390781258756
            ],
            "peak_trough_ratio_5": [
                -0.5663551468666054,
                0.11327102937332108
            ],
            "peak_trough_ratio_6": [
                -0.35556406686100783,
                0.07111281337220157
            ],
            "peak_trough_ratio_7": [
                -0.3416722391905815,
                0.0683344478381163
            ],
            "peak_trough_ratio_8": [
                -1.0957168186885335,
                0.2191433637377067
            ],
            "peak_trough_ratio_9": [
                -1.515150084420306,
                0.3030300168840612
            ],
            "peak_trough_ratio_10": [
                -2.034595578749225,
                0.406919115749845
            ],
            "peak_trough_ratio_11": [
                -2.5321405898994223,
                0.5064281179798845
            ],
            "peak_trough_ratio_12": [
                -2.534857873879046,
                0.5069715747758092
            ],
            "peak_trough_ratio_13": [
                -2.6682229041211944,
                0.5336445808242389
            ],
            "peak_trough_ratio_14": [
                -2.8531228269954516,
                0.5706245653990903
            ],