{
    "bAP": {
        "soma": {
            "AP_width": [
                1.0000000000002274,
                0.20000000000004547
            ],
            "AP_height": [
                35.66468676658652,
                7.132937353317304
            ],
            "Spikecount": [
                1.0,
                0.2
            ]
        },
        "dend1": {
            "AP_amplitude_from_voltagebase": [
                53.512648671370115,
                10.702529734274023
            ]
        },
        "dend2": {
            "AP_amplitude_from_voltagebase": [
                30.91746722640555,
                6.18349344528111
            ]
        }
    },
    "Step3": {
        "soma": {
            "AP_height": [
                17.507113336579636,
                3.501422667315927
            ],
            "AHP_slow_time": [
                0.29533322860900996,
                0.059066645721801994
            ],
            "ISI_CV": [
                0.102437059990875,
                0.020487411998175
            ],
            "doublet_ISI": [
                16.50000000000375,
                3.3000000000007503
            ],
            "adaptation_index2": [
                0.007981782270161409,
                0.0015963564540322818
            ],
            "mean_frequency": [
                17.07684580613917,
                3.415369161227834
            ],
            "AHP_depth_abs_slow": [
                -56.71317657974332,
                11.342635315948664
            ],
            "AP_width": [
                0.9058823529405364,
                0.1811764705881073
            ],
            "time_to_first_spike": [
                10.800000000093064,
                2.160000000018613
            ],
            "AHP_depth_abs": [
                -57.38951820048912,
                11.477903640097825
            ]
        }
    },
    "Step2": {
        "soma": {
            "AP_height": [
                24.519786967985553,
                4.903957393597111
            ],
            "AHP_slow_time": [
                0.23298881175327874,
                0.04659776235065575
            ],
            "ISI_CV": [
                0.052183913313182846,
                0.01043678266263657
            ],
            "doublet_ISI": [
                34.500000000007844,
                6.900000000001569
            ],
            "adaptation_index2": [
                0.002423970395429528,
                0.00048479407908590566
            ],
            "mean_frequency": [
                11.058054787642591,
                2.2116109575285186
            ],
            "AHP_depth_abs_slow": [
                -60.5699879293849,
                12.11399758587698
            ],
            "AP_width": [
                0.9136363636357188,
                0.18272727272714376
            ],
            "time_to_first_spike": [
                23.300000000095906,
                4.660000000019181
            ],
            "AHP_depth_abs": [
                -61.33245462618482,
                12.266490925236965
            ]
        }
    },
    "Step1": {
        "soma": {
            "AP_height": [
                25.841759691528488,
                5.1683519383056975
            ],
            "AHP_slow_time": [
                0.20998982109625217,
                0.041997964219250436
            ],
            "ISI_CV": [
                0.03592953387741253,
                0.007185906775482507
            ],
            "doublet_ISI": [
                49.80000000001132,
                9.960000000002266
            ],
            "adaptation_index2": [
                -0.001333179535083049,
                0.0002666359070166098
            ],
            "mean_frequency": [
                9.01187446989574,
                1.8023748939791482
            ],
            "AHP_depth_abs_slow": [
                -61.595751503976196,
                12.31915030079524
            ],
            "AP_width": [
                0.9352941176463955,
                0.1870588235292791
            ],
            "time_to_first_spike": [
                33.60000000009825,
                6.72000000001965
            ],
            "AHP_depth_abs": [
                -61.41172188237216,
                12.282344376474434
            ]
        }
    }
}