{
    "bAP": {
        "soma": {
            "AP_width": [
                1.0000000000002274,
                0.20000000000004547
            ],
            "AP_height": [
                35.66466827976169,
                7.132933655952339
            ],
            "Spikecount": [
                1.0,
                0.2
            ]
        },
        "dend1": {
            "AP_amplitude_from_voltagebase": [
                53.51265033294805,
                10.70253006658961
            ]
        },
        "dend2": {
            "AP_amplitude_from_voltagebase": [
                30.917469973777365,
                6.183493994755473
            ]
        }
    },
    "Step3": {
        "soma": {
            "AP_height": [
                17.399368794950387,
                3.4798737589900774
            ],
            "AHP_slow_time": [
                0.29612956282245084,
                0.05922591256449017
            ],
            "ISI_CV": [
                0.10258878486581632,
                0.020517756973163267
            ],
            "doublet_ISI": [
                16.50000000000375,
                3.3000000000007503
            ],
            "adaptation_index2": [
                0.00800919688908249,
                0.001601839377816498
            ],
            "mean_frequency": [
                17.07598814726688,
                3.415197629453376
            ],
            "AHP_depth_abs_slow": [
                -56.712219720289674,
                11.342443944057935
            ],
            "AP_width": [
                0.9117647058817075,
                0.18235294117634152
            ],
            "time_to_first_spike": [
                10.800000000093064,
                2.160000000018613
            ],
            "AHP_depth_abs": [
                -57.38867387736158,
                11.477734775472317
            ]
        }
    },
    "Step2": {
        "soma": {
            "AP_height": [
                24.373226628536,
                4.8746453257072
            ],
            "AHP_slow_time": [
                0.23312250064015347,
                0.046624500128030696
            ],
            "ISI_CV": [
                0.0518993116812611,
                0.01037986233625222
            ],
            "doublet_ISI": [
                34.500000000007844,
                6.900000000001569
            ],
            "adaptation_index2": [
                0.0023347325231431134,
                0.0004669465046286227
            ],
            "mean_frequency": [
                11.060834590253863,
                2.2121669180507726
            ],
            "AHP_depth_abs_slow": [
                -60.572947182710166,
                12.114589436542033
            ],
            "AP_width": [
                0.9181818181811692,
                0.18363636363623384
            ],
            "time_to_first_spike": [
                23.300000000095906,
                4.660000000019181
            ],
            "AHP_depth_abs": [
                -61.33493687796295,
                12.266987375592592
            ]
        }
    },
    "Step1": {
        "soma": {
            "AP_height": [
                26.112431380096595,
                5.222486276019319
            ],
            "AHP_slow_time": [
                0.20972465404851956,
                0.04194493080970391
            ],
            "ISI_CV": [
                0.03629284953490275,
                0.00725856990698055
            ],
            "doublet_ISI": [
                49.7000000000113,
                9.94000000000226
            ],
            "adaptation_index2": [
                -0.0010634829150148663,
                0.00021269658300297327
            ],
            "mean_frequency": [
                9.01426374675822,
                1.802852749351644
            ],
            "AHP_depth_abs_slow": [
                -61.598912258555565,
                12.319782451711113
            ],
            "AP_width": [
                0.9176470588228821,
                0.18352941176457643
            ],
            "time_to_first_spike": [
                33.60000000009825,
                6.72000000001965
            ],
            "AHP_depth_abs": [
                -61.41468935496346,
                12.282937870992692
            ]
        }
    }
}