{
    "Step3": {
        "soma": {
            "AP_height": [
                17.507113336579636,
                3.501422667315927
            ],
            "AHP_slow_time": [
                0.29533322860900996,
                0.059066645721801994
            ],
            "ISI_CV": [
                0.102437059990875,
                0.020487411998175
            ],
            "doublet_ISI": [
                16.50000000000375,
                3.3000000000007503
            ],
            "adaptation_index2": [
                0.007981782270161409,
                0.0015963564540322818
            ],
            "mean_frequency": [
                17.07684580613917,
                3.415369161227834
            ],
            "AHP_depth_abs_slow": [
                -56.71317657974332,
                11.342635315948664
            ],
            "AP_width": [
                0.9058823529405364,
                0.1811764705881073
            ],
            "time_to_first_spike": [
                10.800000000093064,
                2.160000000018613
            ],
            "AHP_depth_abs": [
                -57.38951820048912,
                11.477903640097825
            ]
        }
    },
    "Step2": {
        "soma": {
            "AP_height": [
                24.519786967985553,
                4.903957393597111
            ],
            "AHP_slow_time": [
                0.23298881175327874,
                0.04659776235065575
            ],
            "ISI_CV": [
                0.052183913313182846,
                0.01043678266263657
            ],
            "doublet_ISI": [
                34.500000000007844,
                6.900000000001569
            ],
            "adaptation_index2": [
                0.002423970395429528,
                0.00048479407908590566
            ],
            "mean_frequency": [
                11.058054787642591,
                2.2116109575285186
            ],
            "AHP_depth_abs_slow": [
                -60.5699879293849,
                12.11399758587698
            ],
            "AP_width": [
                0.9136363636357188,
                0.18272727272714376
            ],
            "time_to_first_spike": [
                23.300000000095906,
                4.660000000019181
            ],
            "AHP_depth_abs": [
                -61.33245462618482,
                12.266490925236965
            ]
        }
    },
    "Step1": {
        "soma": {
            "AP_height": [
                25.841759691528488,
                5.1683519383056975
            ],
            "AHP_slow_time": [
                0.20998982109625217,
                0.041997964219250436
            ],
            "ISI_CV": [
                0.03592953387741253,
                0.007185906775482507
            ],
            "doublet_ISI": [
                49.80000000001132,
                9.960000000002266
            ],
            "adaptation_index2": [
                -0.001333179535083049,
                0.0002666359070166098
            ],
            "mean_frequency": [
                9.01187446989574,
                1.8023748939791482
            ],
            "AHP_depth_abs_slow": [
                -61.595751503976196,
                12.31915030079524
            ],
            "AP_width": [
                0.9352941176463955,
                0.1870588235292791
            ],
            "time_to_first_spike": [
                33.60000000009825,
                6.72000000001965
            ],
            "AHP_depth_abs": [
                -61.41172188237216,
                12.282344376474434
            ]
        },
        "MEA": {
            "peak_to_valley_0": [
                0.0015650000000000002,
                0.00031300000000000007
            ],
            "peak_to_valley_1": [
                0.00152,
                0.000304
            ],
            "peak_to_valley_2": [
                0.0014700000000000002,
                0.00029400000000000004
            ],
            "peak_to_valley_3": [
                0.0013750000000000001,
                0.000275
            ],
            "peak_to_valley_4": [
                0.00169,
                0.00033800000000000003
            ],
            "peak_to_valley_5": [
                0.00186,
                0.00037200000000000004
            ],
            "peak_to_valley_6": [
                0.0015700000000000002,
                0.00031400000000000004
            ],
            "peak_to_valley_7": [
                -0.0007400000000000001,
                0.00014800000000000002
            ],
            "peak_to_valley_8": [
                -0.001105,
                0.00022100000000000003
            ],
            "peak_to_valley_9": [
                -0.001505,
                0.00030100000000000005
            ],
            "peak_to_valley_10": [
                -0.0021100000000000003,
                0.00042200000000000007
            ],
            "peak_to_valley_11": [
                -0.0041,
                0.0008200000000000001
            ],
            "peak_to_valley_12": [
                -0.0054,
                0.00108
            ],
            "peak_to_valley_13": [
                -0.007325000000000001,
                0.0014650000000000002
            ],
            "peak_to_valley_14": [
                -0.00996,
                0.0019920000000000003
            ],
            "peak_to_valley_15": [
                -0.009965000000000002,
                0.0019930000000000004
            ],
            "peak_to_valley_16": [
                -0.009965000000000002,
                0.0019930000000000004
            ],
            "peak_to_valley_17": [
                -0.0063950000000000005,
                0.0012790000000000002
            ],
            "peak_to_valley_18": [
                -0.005445,
                0.0010890000000000001
            ],
            "peak_to_valley_19": [
                -0.004845,
                0.0009690000000000001
            ],
            "peak_trough_ratio_0": [
                -0.40510183329538946,
                0.0810203666590779
            ],
            "peak_trough_ratio_1": [
                -0.4404172478983818,
                0.08808344957967637
            ],
            "peak_trough_ratio_2": [
                -0.48976073310092355,
                0.09795214662018471
            ],
            "peak_trough_ratio_3": [
                -0.5680391809594886,
                0.11360783619189772
            ],
            "peak_trough_ratio_4": [
                -0.6179745316226148,
                0.12359490632452297
            ],
            "peak_trough_ratio_5": [
                -0.596461101565757,
                0.11929222031315141
            ],
            "peak_trough_ratio_6": [
                -0.3577559945479658,
                0.07155119890959316
            ],
            "peak_trough_ratio_7": [
                -0.3349738148234239,
                0.06699476296468479
            ],
            "peak_trough_ratio_8": [
                -1.0417957169147258,
                0.20835914338294517
            ],
            "peak_trough_ratio_9": [
                -1.342606502994755,
                0.268521300598951
            ],
            "peak_trough_ratio_10": [
                -1.801723045388616,
                0.3603446090777232
            ],
            "peak_trough_ratio_11": [
                -2.2408729353030257,
                0.44817458706060515
            ],
            "peak_trough_ratio_12": [
                -2.2940463305168945,
                0.4588092661033789
            ],
            "peak_trough_ratio_13": [
                -2.3866234052765996,
                0.47732468105531994
            ],
            "peak_trough_ratio_14": [
                -2.579549959230631,
                0.5159099918461262
            ],