{
    "Step3": {
        "soma": {
            "AP_height": [
                17.399368794950387,
                3.4798737589900774
            ],
            "AHP_slow_time": [
                0.29612956282245084,
                0.05922591256449017
            ],
            "ISI_CV": [
                0.10258878486581632,
                0.020517756973163267
            ],
            "doublet_ISI": [
                16.50000000000375,
                3.3000000000007503
            ],
            "adaptation_index2": [
                0.00800919688908249,
                0.001601839377816498
            ],
            "mean_frequency": [
                17.07598814726688,
                3.415197629453376
            ],
            "AHP_depth_abs_slow": [
                -56.712219720289674,
                11.342443944057935
            ],
            "AP_width": [
                0.9117647058817075,
                0.18235294117634152
            ],
            "time_to_first_spike": [
                10.800000000093064,
                2.160000000018613
            ],
            "AHP_depth_abs": [
                -57.38867387736158,
                11.477734775472317
            ]
        }
    },
    "Step2": {
        "soma": {
            "AP_height": [
                24.373226628536,
                4.8746453257072
            ],
            "AHP_slow_time": [
                0.23312250064015347,
                0.046624500128030696
            ],
            "ISI_CV": [
                0.0518993116812611,
                0.01037986233625222
            ],
            "doublet_ISI": [
                34.500000000007844,
                6.900000000001569
            ],
            "adaptation_index2": [
                0.0023347325231431134,
                0.0004669465046286227
            ],
            "mean_frequency": [
                11.060834590253863,
                2.2121669180507726
            ],
            "AHP_depth_abs_slow": [
                -60.572947182710166,
                12.114589436542033
            ],
            "AP_width": [
                0.9181818181811692,
                0.18363636363623384
            ],
            "time_to_first_spike": [
                23.300000000095906,
                4.660000000019181
            ],
            "AHP_depth_abs": [
                -61.33493687796295,
                12.266987375592592
            ]
        }
    },
    "Step1": {
        "soma": {
            "AP_height": [
                26.112431380096595,
                5.222486276019319
            ],
            "AHP_slow_time": [
                0.20972465404851956,
                0.04194493080970391
            ],
            "ISI_CV": [
                0.03629284953490275,
                0.00725856990698055
            ],
            "doublet_ISI": [
                49.7000000000113,
                9.94000000000226
            ],
            "adaptation_index2": [
                -0.0010634829150148663,
                0.00021269658300297327
            ],
            "mean_frequency": [
                9.01426374675822,
                1.802852749351644
            ],
            "AHP_depth_abs_slow": [
                -61.598912258555565,
                12.319782451711113
            ],
            "AP_width": [
                0.9176470588228821,
                0.18352941176457643
            ],
            "time_to_first_spike": [
                33.60000000009825,
                6.72000000001965
            ],
            "AHP_depth_abs": [
                -61.41468935496346,
                12.282937870992692
            ]
        },
        "MEA": {
            "peak_to_valley_0": [
                0.0015450000000000001,
                0.00030900000000000003
            ],
            "peak_to_valley_1": [
                0.0015450000000000001,
                0.00030900000000000003
            ],
            "peak_to_valley_2": [
                0.0015,
                0.00030000000000000003
            ],
            "peak_to_valley_3": [
                0.0014050000000000002,
                0.00028100000000000005
            ],
            "peak_to_valley_4": [
                0.0017200000000000002,
                0.00034400000000000007
            ],
            "peak_to_valley_5": [
                0.00184,
                0.00036800000000000005
            ],
            "peak_to_valley_6": [
                0.0015550000000000002,
                0.0003110000000000001
            ],
            "peak_to_valley_7": [
                -0.00034500000000000004,
                6.900000000000001e-05
            ],
            "peak_to_valley_8": [
                -0.001085,
                0.00021700000000000002
            ],
            "peak_to_valley_9": [
                -0.0015400000000000001,
                0.00030800000000000006
            ],
            "peak_to_valley_10": [
                -0.002095,
                0.00041900000000000005
            ],
            "peak_to_valley_11": [
                -0.00415,
                0.00083
            ],
            "peak_to_valley_12": [
                -0.0054,
                0.00108
            ],
            "peak_to_valley_13": [
                -0.0073100000000000005,
                0.0014620000000000002
            ],
            "peak_to_valley_14": [
                -0.009945,
                0.0019890000000000003
            ],
            "peak_to_valley_15": [
                -0.009945,
                0.0019890000000000003
            ],
            "peak_to_valley_16": [
                -0.00995,
                0.00199
            ],
            "peak_to_valley_17": [
                -0.006345000000000001,
                0.0012690000000000002
            ],
            "peak_to_valley_18": [
                -0.005445,
                0.0010890000000000001
            ],
            "peak_to_valley_19": [
                -0.004845,
                0.0009690000000000001
            ],
            "peak_trough_ratio_0": [
                -0.39294635654284965,
                0.07858927130856994
            ],
            "peak_trough_ratio_1": [
                -0.42684908485857215,
                0.08536981697171443
            ],
            "peak_trough_ratio_2": [
                -0.4739097962136852,
                0.09478195924273704
            ],
            "peak_trough_ratio_3": [
                -0.5491600161327488,
                0.10983200322654976
            ],
            "peak_trough_ratio_4": [
                -0.6088455991239129,
                0.12176911982478258
            ],
            "peak_trough_ratio_5": [
                -0.5892293751785451,
                0.11784587503570904
            ],
            "peak_trough_ratio_6": [
                -0.3519584461512569,
                0.07039168923025138
            ],
            "peak_trough_ratio_7": [
                -0.35872456010603565,
                0.07174491202120713
            ],
            "peak_trough_ratio_8": [
                -1.0583825868946595,
                0.2116765173789319
            ],
            "peak_trough_ratio_9": [
                -1.349879290868375,
                0.26997585817367503
            ],
            "peak_trough_ratio_10": [
                -1.8055874297129415,
                0.3611174859425883
            ],
            "peak_trough_ratio_11": [
                -2.2438100390069162,
                0.44876200780138326
            ],
            "peak_trough_ratio_12": [
                -2.2966909444524974,
                0.4593381888904995
            ],
            "peak_trough_ratio_13": [
                -2.4146469574447145,
                0.4829293914889429
            ],
            "peak_trough_ratio_14": [
                -2.611827655877702,
                0.5223655311755404
            ],