{
    "bAP": {
        "soma": {
            "AP_width": [
                1.0000000000002274,
                0.20000000000004547
            ],
            "AP_height": [
                37.138482976037274,
                7.427696595207455
            ],
            "Spikecount": [
                1.0,
                0.2
            ]
        },
        "dend1": {
            "AP_amplitude_from_voltagebase": [
                17.472840835743213,
                3.4945681671486426
            ]
        },
        "dend2": {
            "AP_amplitude_from_voltagebase": [
                9.329141706384291,
                1.8658283412768584
            ]
        }
    },
    "Step3": {
        "soma": {
            "AP_height": [
                19.27348677606199,
                3.854697355212398
            ],
            "AHP_slow_time": [
                0.26839721211238843,
                0.053679442422477686
            ],
            "ISI_CV": [
                0.1080537339980436,
                0.021610746799608723
            ],
            "doublet_ISI": [
                17.800000000004047,
                3.5600000000008096
            ],
            "adaptation_index2": [
                0.008752809372470747,
                0.0017505618744941495
            ],
            "mean_frequency": [
                17.724211272610372,
                3.5448422545220746
            ],
            "AHP_depth_abs_slow": [
                -57.82256332441091,
                11.564512664882182
            ],
            "AP_width": [
                0.8999999999993893,
                0.17999999999987787
            ],
            "time_to_first_spike": [
                10.30000000009295,
                2.06000000001859
            ],
            "AHP_depth_abs": [
                -57.73715997861418,
                11.547431995722837
            ]
        }
    },
    "Step2": {
        "soma": {
            "AP_height": [
                25.412305891094775,
                5.0824611782189555
            ],
            "AHP_slow_time": [
                0.21296455096119357,
                0.042592910192238716
            ],
            "ISI_CV": [
                0.06658474270190574,
                0.01331694854038115
            ],
            "doublet_ISI": [
                33.100000000007526,
                6.620000000001506
            ],
            "adaptation_index2": [
                0.00494653399763,
                0.000989306799526
            ],
            "mean_frequency": [
                11.508055638955087,
                2.3016111277910176
            ],
            "AHP_depth_abs_slow": [
                -61.241459345909725,
                12.248291869181946
            ],
            "AP_width": [
                0.913043478260222,
                0.1826086956520444
            ],
            "time_to_first_spike": [
                22.500000000095724,
                4.500000000019145
            ],
            "AHP_depth_abs": [
                -61.96607297716959,
                12.393214595433918
            ]
        }
    },
    "Step1": {
        "soma": {
            "AP_height": [
                27.061286674984963,
                5.412257334996993
            ],
            "AHP_slow_time": [
                0.18849873635717124,
                0.03769974727143425
            ],
            "ISI_CV": [
                0.0427883855195365,
                0.0085576771039073
            ],
            "doublet_ISI": [
                46.70000000001062,
                9.340000000002124
            ],
            "adaptation_index2": [
                0.0013909188945886396,
                0.00027818377891772794
            ],
            "mean_frequency": [
                9.389181576345555,
                1.877836315269111
            ],
            "AHP_depth_abs_slow": [
                -62.19360784191357,
                12.438721568382714
            ],
            "AP_width": [
                0.9111111111105098,
                0.18222222222210196
            ],
            "time_to_first_spike": [
                32.30000000009795,
                6.4600000000195905
            ],
            "AHP_depth_abs": [
                -62.049912507941144,
                12.40998250158823
            ]
        }
    }
}