{
    "bAP": {
        "soma": {
            "AP_width": [
                1.0000000000002274,
                0.20000000000004547
            ],
            "AP_height": [
                37.13846876658457,
                7.427693753316915
            ],
            "Spikecount": [
                1.0,
                0.2
            ]
        },
        "dend1": {
            "AP_amplitude_from_voltagebase": [
                17.472842847917207,
                3.4945685695834414
            ]
        },
        "dend2": {
            "AP_amplitude_from_voltagebase": [
                9.329142952084347,
                1.8658285904168694
            ]
        }
    },
    "Step3": {
        "soma": {
            "AP_height": [
                19.484084052219174,
                3.896816810443835
            ],
            "AHP_slow_time": [
                0.2695196850801022,
                0.05390393701602045
            ],
            "ISI_CV": [
                0.10805293762559667,
                0.021610587525119337
            ],
            "doublet_ISI": [
                17.90000000000407,
                3.580000000000814
            ],
            "adaptation_index2": [
                0.00876840352353154,
                0.0017536807047063081
            ],
            "mean_frequency": [
                17.724211272610372,
                3.5448422545220746
            ],
            "AHP_depth_abs_slow": [
                -57.82092059222343,
                11.564184118444686
            ],
            "AP_width": [
                0.9028571428565296,
                0.18057142857130593
            ],
            "time_to_first_spike": [
                10.30000000009295,
                2.06000000001859
            ],
            "AHP_depth_abs": [
                -57.738000639127065,
                11.547600127825413
            ]
        }
    },
    "Step2": {
        "soma": {
            "AP_height": [
                25.355141180723525,
                5.071028236144706
            ],
            "AHP_slow_time": [
                0.21207320978586153,
                0.04241464195717231
            ],
            "ISI_CV": [
                0.06665428694581756,
                0.013330857389163512
            ],
            "doublet_ISI": [
                33.100000000007526,
                6.620000000001506
            ],
            "adaptation_index2": [
                0.004947265377885606,
                0.0009894530755771211
            ],
            "mean_frequency": [
                11.507479861918066,
                2.3014959723836133
            ],
            "AHP_depth_abs_slow": [
                -61.239354175312116,
                12.247870835062423
            ],
            "AP_width": [
                0.9086956521732695,
                0.18173913043465392
            ],
            "time_to_first_spike": [
                22.500000000095724,
                4.500000000019145
            ],
            "AHP_depth_abs": [
                -61.96413633634989,
                12.392827267269979
            ]
        }
    },
    "Step1": {
        "soma": {
            "AP_height": [
                26.69364268590735,
                5.338728537181471
            ],
            "AHP_slow_time": [
                0.18836697663714522,
                0.03767339532742905
            ],
            "ISI_CV": [
                0.0437574124231547,
                0.008751482484630941
            ],
            "doublet_ISI": [
                46.70000000001062,
                9.340000000002124
            ],
            "adaptation_index2": [
                0.0013332729189401919,
                0.0002666545837880384
            ],
            "mean_frequency": [
                9.392121054010989,
                1.8784242108021978
            ],
            "AHP_depth_abs_slow": [
                -62.194050158902755,
                12.438810031780552
            ],
            "AP_width": [
                0.9222222222216172,
                0.18444444444432345
            ],
            "time_to_first_spike": [
                32.30000000009795,
                6.4600000000195905
            ],
            "AHP_depth_abs": [
                -62.05119595267355,
                12.41023919053471
            ]
        }
    }
}