{
    "Step3": {
        "soma": {
            "AP_height": [
                19.484084052219174,
                3.896816810443835
            ],
            "AHP_slow_time": [
                0.2695196850801022,
                0.05390393701602045
            ],
            "ISI_CV": [
                0.10805293762559667,
                0.021610587525119337
            ],
            "doublet_ISI": [
                17.90000000000407,
                3.580000000000814
            ],
            "adaptation_index2": [
                0.00876840352353154,
                0.0017536807047063081
            ],
            "mean_frequency": [
                17.724211272610372,
                3.5448422545220746
            ],
            "AHP_depth_abs_slow": [
                -57.82092059222343,
                11.564184118444686
            ],
            "AP_width": [
                0.9028571428565296,
                0.18057142857130593
            ],
            "time_to_first_spike": [
                10.30000000009295,
                2.06000000001859
            ],
            "AHP_depth_abs": [
                -57.738000639127065,
                11.547600127825413
            ]
        }
    },
    "Step2": {
        "soma": {
            "AP_height": [
                25.355141180723525,
                5.071028236144706
            ],
            "AHP_slow_time": [
                0.21207320978586153,
                0.04241464195717231
            ],
            "ISI_CV": [
                0.06665428694581756,
                0.013330857389163512
            ],
            "doublet_ISI": [
                33.100000000007526,
                6.620000000001506
            ],
            "adaptation_index2": [
                0.004947265377885606,
                0.0009894530755771211
            ],
            "mean_frequency": [
                11.507479861918066,
                2.3014959723836133
            ],
            "AHP_depth_abs_slow": [
                -61.239354175312116,
                12.247870835062423
            ],
            "AP_width": [
                0.9086956521732695,
                0.18173913043465392
            ],
            "time_to_first_spike": [
                22.500000000095724,
                4.500000000019145
            ],
            "AHP_depth_abs": [
                -61.96413633634989,
                12.392827267269979
            ]
        }
    },
    "Step1": {
        "soma": {
            "AP_height": [
                26.69364268590735,
                5.338728537181471
            ],
            "AHP_slow_time": [
                0.18836697663714522,
                0.03767339532742905
            ],
            "ISI_CV": [
                0.0437574124231547,
                0.008751482484630941
            ],
            "doublet_ISI": [
                46.70000000001062,
                9.340000000002124
            ],
            "adaptation_index2": [
                0.0013332729189401919,
                0.0002666545837880384
            ],
            "mean_frequency": [
                9.392121054010989,
                1.8784242108021978
            ],
            "AHP_depth_abs_slow": [
                -62.194050158902755,
                12.438810031780552
            ],
            "AP_width": [
                0.9222222222216172,
                0.18444444444432345
            ],
            "time_to_first_spike": [
                32.30000000009795,
                6.4600000000195905
            ],
            "AHP_depth_abs": [
                -62.05119595267355,
                12.41023919053471
            ]
        },
        "MEA": {
            "peak_to_valley_0": [
                0.001505,
                0.00030100000000000005
            ],
            "peak_to_valley_1": [
                0.0014550000000000001,
                0.000291
            ],
            "peak_to_valley_2": [
                0.00141,
                0.000282
            ],
            "peak_to_valley_3": [
                0.001685,
                0.00033700000000000006
            ],
            "peak_to_valley_4": [
                0.00159,
                0.00031800000000000003
            ],
            "peak_to_valley_5": [
                0.0017150000000000002,
                0.00034300000000000004
            ],
            "peak_to_valley_6": [
                0.001505,
                0.00030100000000000005
            ],
            "peak_to_valley_7": [
                -0.000715,
                0.000143
            ],
            "peak_to_valley_8": [
                -0.0011400000000000002,
                0.00022800000000000004
            ],
            "peak_to_valley_9": [
                -0.001495,
                0.000299
            ],
            "peak_to_valley_10": [
                -0.002,
                0.0004
            ],
            "peak_to_valley_11": [
                -0.0034500000000000004,
                0.0006900000000000001
            ],
            "peak_to_valley_12": [
                -0.005745,
                0.001149
            ],
            "peak_to_valley_13": [
                -0.006955,
                0.001391
            ],
            "peak_to_valley_14": [
                -0.009945,
                0.0019890000000000003
            ],
            "peak_to_valley_15": [
                -0.00995,
                0.00199
            ],
            "peak_to_valley_16": [
                -0.00995,
                0.00199
            ],
            "peak_to_valley_17": [
                -0.010020000000000001,
                0.002004
            ],
            "peak_to_valley_18": [
                -0.010020000000000001,
                0.002004
            ],
            "peak_to_valley_19": [
                -0.010020000000000001,
                0.002004
            ],
            "peak_trough_ratio_0": [
                -0.40107425092843096,
                0.08021485018568619
            ],
            "peak_trough_ratio_1": [
                -0.4365929592054749,
                0.08731859184109499
            ],
            "peak_trough_ratio_2": [
                -0.4866934742968178,
                0.09733869485936357
            ],
            "peak_trough_ratio_3": [
                -0.5482528642930722,
                0.10965057285861445
            ],
            "peak_trough_ratio_4": [
                -0.5872430203399973,
                0.11744860406799947
            ],
            "peak_trough_ratio_5": [
                -0.5639248586897811,
                0.11278497173795624
            ],
            "peak_trough_ratio_6": [
                -0.3713052407141924,
                0.07426104814283849
            ],
            "peak_trough_ratio_7": [
                -0.3851392923070069,
                0.07702785846140138
            ],
            "peak_trough_ratio_8": [
                -1.1116880176827912,
                0.22233760353655826
            ],
            "peak_trough_ratio_9": [
                -1.5557482911062546,
                0.31114965822125096
            ],
            "peak_trough_ratio_10": [
                -2.1305569582876256,
                0.42611139165752515
            ],
            "peak_trough_ratio_11": [
                -2.675659609863246,
                0.5351319219726492
            ],
            "peak_trough_ratio_12": [
                -2.646027199310793,
                0.5292054398621586
            ],
            "peak_trough_ratio_13": [
                -2.7814919819199884,
                0.5562983963839977
            ],
            "peak_trough_ratio_14": [
                -2.9684477735667922,
                0.5936895547133585
            ],
            "peak_trough_ratio_15": [
                -3.421055032225979,
                0.6842110064451958
            ],