{
    "Step3": {
        "soma": {
            "AP_height": [
                19.27348677606199,
                3.854697355212398
            ],
            "AHP_slow_time": [
                0.26839721211238843,
                0.053679442422477686
            ],
            "ISI_CV": [
                0.1080537339980436,
                0.021610746799608723
            ],
            "doublet_ISI": [
                17.800000000004047,
                3.5600000000008096
            ],
            "adaptation_index2": [
                0.008752809372470747,
                0.0017505618744941495
            ],
            "mean_frequency": [
                17.724211272610372,
                3.5448422545220746
            ],
            "AHP_depth_abs_slow": [
                -57.82256332441091,
                11.564512664882182
            ],
            "AP_width": [
                0.8999999999993893,
                0.17999999999987787
            ],
            "time_to_first_spike": [
                10.30000000009295,
                2.06000000001859
            ],
            "AHP_depth_abs": [
                -57.73715997861418,
                11.547431995722837
            ]
        }
    },
    "Step2": {
        "soma": {
            "AP_height": [
                25.412305891094775,
                5.0824611782189555
            ],
            "AHP_slow_time": [
                0.21296455096119357,
                0.042592910192238716
            ],
            "ISI_CV": [
                0.06658474270190574,
                0.01331694854038115
            ],
            "doublet_ISI": [
                33.100000000007526,
                6.620000000001506
            ],
            "adaptation_index2": [
                0.00494653399763,
                0.000989306799526
            ],
            "mean_frequency": [
                11.508055638955087,
                2.3016111277910176
            ],
            "AHP_depth_abs_slow": [
                -61.241459345909725,
                12.248291869181946
            ],
            "AP_width": [
                0.913043478260222,
                0.1826086956520444
            ],
            "time_to_first_spike": [
                22.500000000095724,
                4.500000000019145
            ],
            "AHP_depth_abs": [
                -61.96607297716959,
                12.393214595433918
            ]
        }
    },
    "Step1": {
        "soma": {
            "AP_height": [
                27.061286674984963,
                5.412257334996993
            ],
            "AHP_slow_time": [
                0.18849873635717124,
                0.03769974727143425
            ],
            "ISI_CV": [
                0.0427883855195365,
                0.0085576771039073
            ],
            "doublet_ISI": [
                46.70000000001062,
                9.340000000002124
            ],
            "adaptation_index2": [
                0.0013909188945886396,
                0.00027818377891772794
            ],
            "mean_frequency": [
                9.389181576345555,
                1.877836315269111
            ],
            "AHP_depth_abs_slow": [
                -62.19360784191357,
                12.438721568382714
            ],
            "AP_width": [
                0.9111111111105098,
                0.18222222222210196
            ],
            "time_to_first_spike": [
                32.30000000009795,
                6.4600000000195905
            ],
            "AHP_depth_abs": [
                -62.049912507941144,
                12.40998250158823
            ]
        },
        "MEA": {
            "peak_to_valley_0": [
                0.0015,
                0.00030000000000000003
            ],
            "peak_to_valley_1": [
                0.0014550000000000001,
                0.000291
            ],
            "peak_to_valley_2": [
                0.0014050000000000002,
                0.00028100000000000005
            ],
            "peak_to_valley_3": [
                0.00169,
                0.00033800000000000003
            ],
            "peak_to_valley_4": [
                0.001595,
                0.00031900000000000006
            ],
            "peak_to_valley_5": [
                0.0017050000000000001,
                0.00034100000000000005
            ],
            "peak_to_valley_6": [
                0.00151,
                0.000302
            ],
            "peak_to_valley_7": [
                -0.00071,
                0.000142
            ],
            "peak_to_valley_8": [
                -0.0011450000000000002,
                0.00022900000000000004
            ],
            "peak_to_valley_9": [
                -0.0015,
                0.00030000000000000003
            ],
            "peak_to_valley_10": [
                -0.002,
                0.0004
            ],
            "peak_to_valley_11": [
                -0.003445,
                0.000689
            ],
            "peak_to_valley_12": [
                -0.005755000000000001,
                0.0011510000000000001
            ],
            "peak_to_valley_13": [
                -0.007015,
                0.0014030000000000002
            ],
            "peak_to_valley_14": [
                -0.00995,
                0.00199
            ],
            "peak_to_valley_15": [
                -0.009955,
                0.001991
            ],
            "peak_to_valley_16": [
                -0.00996,
                0.0019920000000000003
            ],
            "peak_to_valley_17": [
                -0.010025000000000001,
                0.0020050000000000003
            ],
            "peak_to_valley_18": [
                -0.010025000000000001,
                0.0020050000000000003
            ],
            "peak_to_valley_19": [
                -0.010025000000000001,
                0.0020050000000000003
            ],
            "peak_trough_ratio_0": [
                -0.3860061848556239,
                0.07720123697112478
            ],
            "peak_trough_ratio_1": [
                -0.41970391564029524,
                0.08394078312805905
            ],
            "peak_trough_ratio_2": [
                -0.46789051680281424,
                0.09357810336056285
            ],
            "peak_trough_ratio_3": [
                -0.5339403040562266,
                0.10678806081124533
            ],
            "peak_trough_ratio_4": [
                -0.5721051107456145,
                0.11442102214912292
            ],
            "peak_trough_ratio_5": [
                -0.5552958044942585,
                0.1110591608988517
            ],
            "peak_trough_ratio_6": [
                -0.3636194452233061,
                0.07272388904466122
            ],
            "peak_trough_ratio_7": [
                -0.4041732354376405,
                0.0808346470875281
            ],
            "peak_trough_ratio_8": [
                -1.1345354589677892,
                0.22690709179355784
            ],
            "peak_trough_ratio_9": [
                -1.56531003302069,
                0.313062006604138
            ],
            "peak_trough_ratio_10": [
                -2.1341080360959004,
                0.4268216072191801
            ],
            "peak_trough_ratio_11": [
                -2.676926504904256,
                0.5353853009808512
            ],
            "peak_trough_ratio_12": [
                -2.670430140256601,
                0.5340860280513202
            ],
            "peak_trough_ratio_13": [
                -2.8232389492787195,
                0.5646477898557439
            ],
            "peak_trough_ratio_14": [
                -3.022996592834401,
                0.6045993185668803
            ],
            "peak_trough_ratio_15": [
                -3.4916386963269956,
                0.6983277392653991
            ],