{
  "soma": {
    "IDrest_150": {
      "soma": {
        "mean_frequency": [
          11.439548978682113,
          11.344923391827374
        ],
        "burst_number": [
          1.1111111111111112,
          0.3142696805273545
        ],
        "adaptation_index2": [
          0.23472261954191292,
          0.1155557735936205
        ],
        "ISI_CV": [
          0.6753136451099722,
          0.14576578958380423
        ],
        "ISI_log_slope": [
          1.2816034904679632,
          0.39512425984453436
        ],
        "inv_time_to_first_spike": [
          74.28573643483819,
          18.554877086876242
        ],
        "inv_first_ISI": [
          44.61633536754517,
          25.285585820591006
        ],
        "inv_second_ISI": [
          16.884974887048653,
          12.656563870423632
        ],
        "inv_third_ISI": [
          8.821760687043557,
          8.331922026615205
        ],
        "inv_fourth_ISI": [
          6.556548180799659,
          6.462104224205306
        ],
        "inv_fifth_ISI": [
          3.8572190121567935,
          5.454156458732498
        ],
        "AP_amplitude": [
          78.76987547931448,
          9.623124046775468
        ],
        "AHP_depth": [
          26.359437594766387,
          1.9692269858961444
        ],
        "AHP_time_from_peak": [
          4.5556018518515105,
          1.4014144451019868
        ]
      }
    },
    "IDrest_250": {
      "soma": {
        "mean_frequency": [
          17.482191798974043,
          3.6642133638806054
        ],
        "burst_number": [
          2.25,
          0.82915619758885
        ],
        "adaptation_index2": [
          0.038866665891137256,
          0.014047934454756592
        ],
        "ISI_CV": [
          0.4520035267408083,
          0.14010865926212954
        ],
        "ISI_log_slope": [
          0.528637981098387,
          0.13829321372739695
        ],
        "inv_time_to_first_spike": [
          136.41743769897136,
          9.06045552128932
        ],
        "inv_first_ISI": [
          111.7470520193531,
          17.0081136168004
        ],
        "inv_second_ISI": [
          48.073615921784125,
          5.323204234852862
        ],
        "inv_third_ISI": [
          37.06942986281453,
          3.6768366735060143
        ],
        "inv_fourth_ISI": [
          31.9453341710935,
          3.6758394339990614
        ],
        "inv_fifth_ISI": [
          28.371935344952377,
          3.2936803037531086
        ],
        "AP_amplitude": [
          66.37183865973029,
          1.2336102026168074
        ],
        "AHP_depth": [
          32.37350201219677,
          1.7727783107533592
        ],
        "AHP_time_from_peak": [
          6.341473208979011,
          0.25033495443148335
        ]
      }
    },
    "IV_-100": {
      "soma": {
        "Spikecount": [
          0.0,
          0.001
        ],
        "voltage_base": [
          -81.99043885911126,
          1.1167790236607753
        ],
        "voltage_deflection": [
          -20.86878213804835,
          2.523365349817079
        ],
        "voltage_deflection_begin": [
          -21.842816346428208,
          2.767410904477909
        ],
        "steady_state_voltage_stimend": [
          -103.09995409126269,
          3.494731121891817
        ],
        "ohmic_input_resistance_vb_ssse": [
          58.36835185603389,
          2.500808515028917
        ],
        "sag_amplitude": [
          2.8479320101374412,
          1.152986023910836
        ],
        "sag_ratio1": [
          0.11863176461196527,
          0.04827831249618057
        ],
        "sag_ratio2": [
          0.8813682353880349,
          0.04827831249618057
        ],
        "decay_time_constant_after_stim": [
          7.64916078940448,
          0.9264705675002016
        ]
      }
    },
    "IV_-20": {
      "soma": {
        "Spikecount": [
          0.0,
          0.001
        ],
        "voltage_base": [
          -81.7070471084569,
          0.8267172628332372
        ],
        "voltage_deflection": [
          -3.399037127686281,
          2.7726074034744896
        ],
        "voltage_deflection_begin": [
          -3.6406312121786057,
          2.9400394759090953
        ],
        "steady_state_voltage_stimend": [
          -85.13578496369372,
          2.960875961648277
        ],
        "ohmic_input_resistance_vb_ssse": [
          57.87426036147227,
          4.876435929643501
        ],
        "sag_amplitude": [
          1.7489893509664318,
          0.5400718434256748
        ],
        "sag_ratio1": [
          0.3181895975976483,
          0.19470853590909312
        ],
        "sag_ratio2": [
          0.45922542352340745,
          0.42538530299926935
        ],
        "decay_time_constant_after_stim": [
          13.386582903529131,
          13.417992506445545
        ]
      }
    },
    "APWaveform_290": {
      "soma": {
        "AP_amplitude": [
          70.88709510328076,
          1.4138844111408568
        ],
        "AP1_amp": [
          109.18744275259331,
          0.7983733908748116
        ],
        "AP2_amp": [
          56.928980547083526,
          1.1935070234962604
        ],
        "AP_duration_half_width": [
          1.1000000000002501,
          0.2050152433357557
        ],
        "AP_begin_width": [
          4.131250000000939,
          0.058296119081818344
        ],
        "AP_begin_voltage": [
          -51.80031023663226,
          0.9254283670150155
        ],
        "AHP_depth": [
          34.500222868395014,
          1.6129939406640796
        ],
        "AHP_time_from_peak": [
          3.496875000000795,
          0.15980334594435627
        ]
      }
    }
  },
  "extra": {
    "IDrest_150": {
      "soma": {
        "mean_frequency": [
          11.439548978682113,
          11.344923391827374
        ],
        "burst_number": [
          1.1111111111111112,
          0.3142696805273545
        ],
        "adaptation_index2": [
          0.23472261954191292,
          0.1155557735936205
        ],
        "ISI_CV": [
          0.6753136451099722,
          0.14576578958380423
        ],
        "ISI_log_slope": [
          1.2816034904679632,
          0.39512425984453436
        ],
        "inv_time_to_first_spike": [
          74.28573643483819,
          18.554877086876242
        ],
        "inv_first_ISI": [
          44.61633536754517,
          25.285585820591006
        ],
        "inv_second_ISI": [
          16.884974887048653,
          12.656563870423632
        ],
        "inv_third_ISI": [
          8.821760687043557,
          8.331922026615205
        ],
        "inv_fourth_ISI": [
          6.556548180799659,
          6.462104224205306
        ],
        "inv_fifth_ISI": [
          3.8572190121567935,
          5.454156458732498
        ],
        "AP_amplitude": [
          78.76987547931448,
          9.623124046775468
        ],
        "AHP_depth": [
          26.359437594766387,
          1.9692269858961444
        ],
        "AHP_time_from_peak": [
          4.5556018518515105,
          1.4014144451019868
        ]
      }
    },
    "IDrest_250": {
      "soma": {
        "mean_frequency": [
          17.482191798974043,
          3.6642133638806054
        ],
        "burst_number": [
          2.25,
          0.82915619758885
        ],
        "adaptation_index2": [
          0.038866665891137256,
          0.014047934454756592
        ],
        "ISI_CV": [
          0.4520035267408083,
          0.14010865926212954
        ],
        "ISI_log_slope": [
          0.528637981098387,
          0.13829321372739695
        ],
        "inv_time_to_first_spike": [
          136.41743769897136,
          9.06045552128932
        ],
        "inv_first_ISI": [
          111.7470520193531,
          17.0081136168004
        ],
        "inv_second_ISI": [
          48.073615921784125,
          5.323204234852862
        ],