{
  "holding_current": [
    -0.03697554958052933,
    0.0
  ],
  "threshold_current": [
    0.3255646184086801,
    0.0
  ],
  "all_holding_current": {
    "cell1_211011_3436": -0.03697554958052933
  },
  "all_threshold_current": {
    "cell1_211011_3436": 0.3255646184086801
  }
}