{
  "holding_current": [
    -0.05748998079448939,
    0.0
  ],
  "threshold_current": [
    0.3255646184086801,
    0.0
  ],
  "all_holding_current": {
    "211011_3436_cell1": -0.05748998079448939
  },
  "all_threshold_current": {
    "211011_3436_cell1": 0.3255646184086801
  }
}