{
  "firepattern_120": {
    "holding": {
      "delay": 0.0,
      "amp": -0.03702910430729389,
      "duration": 4578.559850342572,
      "totduration": 4578.559850342572
    },
    "step": {
      "delay": 499.99598365684506,
      "amp": 0.3617223221808672,
      "thresh_perc": 111.10615273518403,
      "duration": 3599.980882328964,
      "totduration": 4578.559850342572
    }
  },
  "firepattern_200": {
    "holding": {
      "delay": 0.0,
      "amp": -0.03702910430729389,
      "duration": 4578.559850342572,
      "totduration": 4578.559850342572
    },
    "step": {
      "delay": 499.99598365684506,
      "amp": 0.6031766105443239,
      "thresh_perc": 185.27093438242065,
      "duration": 3599.980882328964,
      "totduration": 4578.559850342572
    }
  },
  "IDrest_50": {
    "holding": {
      "delay": 0.0,
      "amp": -0.03702910430729389,
      "duration": 1994.4959348067641,
      "totduration": 1994.4959348067641
    },
    "step": {
      "delay": 399.9869869257964,
      "amp": 0.1885118093341589,
      "thresh_perc": 57.90303941981825,
      "duration": 1349.9989558731613,
      "totduration": 1994.4959348067641
    }
  },
  "IDrest_75": {
    "holding": {
      "delay": 0.0,
      "amp": -0.03702910430729389,
      "duration": 1994.4959348067641,
      "totduration": 1994.4959348067641
    },
    "step": {
      "delay": 399.9869869257964,
      "amp": 0.226152965798974,
      "thresh_perc": 69.46484753299727,
      "duration": 1349.9989558731613,
      "totduration": 1994.4959348067641
    }
  },
  "IDrest_100": {
    "holding": {
      "delay": 0.0,
      "amp": -0.03702910430729389,
      "duration": 1994.4959348067641,
      "totduration": 1994.4959348067641
    },
    "step": {
      "delay": 399.9869869257964,
      "amp": 0.33907643146812916,
      "thresh_perc": 104.15027072827911,
      "duration": 1349.9989558731613,
      "totduration": 1994.4959348067641
    }
  },
  "IDrest_125": {
    "holding": {
      "delay": 0.0,
      "amp": -0.03695259755477309,
      "duration": 1994.4959348067641,
      "totduration": 1994.4959348067641
    },
    "step": {
      "delay": 399.9869869257964,
      "amp": 0.41443524276837707,
      "thresh_perc": 127.2973840935436,
      "duration": 1349.9989558731613,
      "totduration": 1994.4959348067641
    }
  },
  "IDrest_150": {
    "holding": {
      "delay": 0.0,
      "amp": -0.03687609080225229,
      "duration": 1994.4959348067641,
      "totduration": 1994.4959348067641
    },
    "step": {
      "delay": 399.9869869257964,
      "amp": 0.4899470815435052,
      "thresh_perc": 150.49150117672687,
      "duration": 1349.9989558731613,
      "totduration": 1994.4959348067641
    }
  },
  "IDrest_175": {
    "holding": {
      "delay": 0.0,
      "amp": -0.03687609080225229,
      "duration": 1994.4959348067641,
      "totduration": 1994.4959348067641
    },
    "step": {
      "delay": 399.9869869257964,
      "amp": 0.5653824293985963,
      "thresh_perc": 173.66212340951427,
      "duration": 1349.9989558731613,
      "totduration": 1994.4959348067641
    }
  },
  "IDrest_200": {
    "holding": {
      "delay": 0.0,
      "amp": -0.03695259755477309,
      "duration": 1994.4959348067641,
      "totduration": 1994.4959348067641
    },
    "step": {
      "delay": 399.9869869257964,
      "amp": 0.6407412416301668,
      "thresh_perc": 196.80923706084258,
      "duration": 1349.9989558731613,
      "totduration": 1994.4959348067641
    }
  },
  "IDrest_225": {
    "holding": {
      "delay": 0.0,
      "amp": -0.03692709530393282,
      "duration": 1994.4959348067641,
      "totduration": 1994.4959348067641
    },
    "step": {
      "delay": 399.9869869257964,
      "amp": 0.7537411861121653,
      "thresh_perc": 231.51815138769064,
      "duration": 1349.9989558731613,
      "totduration": 1994.4959348067641
    }
  },
  "IDrest_250": {
    "holding": {
      "delay": 0.0,
      "amp": -0.03687609080225229,
      "duration": 1994.4959348067641,
      "totduration": 1994.4959348067641
    },
    "step": {
      "delay": 399.9869869257964,
      "amp": 0.8290234987313547,
      "thresh_perc": 254.64176751869408,
      "duration": 1349.9989558731613,
      "totduration": 1994.4959348067641
    }
  },
  "IDrest_275": {
    "holding": {
      "delay": 0.0,
      "amp": -0.03687609080225229,
      "duration": 1994.4959348067641,
      "totduration": 1994.4959348067641
    },
    "step": {
      "delay": 399.9869869257964,
      "amp": 0.866664663888514,
      "thresh_perc": 266.2035783018021,
      "duration": 1349.9989558731613,
      "totduration": 1994.4959348067641
    }
  },
  "IDrest_300": {
    "holding": {
      "delay": 0.0,
      "amp": -0.03687609080225229,
      "duration": 1994.4959348067641,
      "totduration": 1994.4959348067641
    },
    "step": {
      "delay": 399.9869869257964,
      "amp": 0.9043058240786196,
      "thresh_perc": 277.76538755923644,
      "duration": 1349.9989558731613,
      "totduration": 1994.4959348067641
    }
  },
  "IV_-140": {
    "holding": {
      "delay": 0.0,
      "amp": -0.03702910430729389,
      "duration": 3800.8318757638335,
      "totduration": 3800.8318757638335
    },
    "step": {
      "delay": 399.9869869257964,
      "amp": -0.3921718802303076,
      "thresh_perc": -120.45899893765962,
      "duration": 3000.0249019394687,
      "totduration": 3800.8318757638335
    }
  },
  "IV_-120": {
    "holding": {
      "delay": 0.0,
      "amp": -0.03702910430729389,
      "duration": 3800.8318757638335,
      "totduration": 3800.8318757638335
    },
    "step": {
      "delay": 399.9869869257964,
      "amp": -0.36202835353712237,
      "thresh_perc": -111.20015292407157,
      "duration": 3000.0249019394687,
      "totduration": 3800.8318757638335
    }
  },
  "IV_-100": {
    "holding": {
      "delay": 0.0,
      "amp": -0.03702910430729389,
      "duration": 3800.8318757638335,
      "totduration": 3800.8318757638335
    },
    "step": {
      "delay": 399.9869869257964,
      "amp": -0.3318848293274641,
      "thresh_perc": -101.9413076733204,
      "duration": 3000.0249019394687,
      "totduration": 3800.8318757638335
    }
  },
  "IV_-80": {
    "holding": {
      "delay": 0.0,
      "amp": -0.03702910430729389,
      "duration": 3800.8318757638335,
      "totduration": 3800.8318757638335
    },
    "step": {
      "delay": 399.9869869257964,
      "amp": -0.24140324257314205,
      "thresh_perc": -74.14910248942022,
      "duration": 3000.0249019394687,
      "totduration": 3800.8318757638335
    }
  },
  "IV_-60": {
    "holding": {
      "delay": 0.0,
      "amp": -0.03702910430729389,
      "duration": 3800.8318757638335,
      "totduration": 3800.8318757638335
    },
    "step": {
      "delay": 399.9869869257964,
      "amp": -0.18101417832076552,
      "thresh_perc": -55.60007693880883,
      "duration": 3000.0249019394687,
      "totduration": 3800.8318757638335
    }
  },
  "IV_-40": {
    "holding": {
      "delay": 0.0,
      "amp": -0.03702910430729389,
      "duration": 3800.8318757638335,
      "totduration": 3800.8318757638335
    },
    "step": {
      "delay": 399.9869869257964,
      "amp": -0.12062511158486205,
      "thresh_perc": -37.05105062536058,
      "duration": 3000.0249019394687,
      "totduration": 3800.8318757638335
    }
  },
  "IV_-20": {
    "holding": {
      "delay": 0.0,
      "amp": -0.03702910430729389,
      "duration": 3800.8318757638335,
      "totduration": 3800.8318757638335
    },
    "step": {
      "delay": 399.9869869257964,
      "amp": -0.060287054628133774,
      "thresh_perc": -18.51769240859449,
      "duration": 3000.0249019394687,
      "totduration": 3800.8318757638335
    }
  },
  "IV_0": {
    "holding": {
      "delay": 0.0,
      "amp": -0.03702910430729389,
      "duration": 3800.8318757638335,
      "totduration": 3800.8318757638335
    },
    "step": {
      "delay": 399.9869869257964,
      "amp": -6.208817143907422e-10,