{
  "firepattern_120": {
    "holding": {
      "delay": 0.0,
      "amp": -0.05753282457590103,
      "duration": 4578.559850342572,
      "totduration": 4578.559850342572
    },
    "step": {
      "delay": 499.99598365684506,
      "amp": 0.3617223218083382,
      "thresh_perc": 111.10615262075851,
      "duration": 3599.980882328964,
      "totduration": 4578.559850342572
    }
  },
  "firepattern_200": {
    "holding": {
      "delay": 0.0,
      "amp": -0.05753282457590103,
      "duration": 4578.559850342572,
      "totduration": 4578.559850342572
    },
    "step": {
      "delay": 499.99598365684506,
      "amp": 0.6031153693795205,
      "thresh_perc": 185.25212362678548,
      "duration": 3599.980882328964,
      "totduration": 4578.559850342572
    }
  },
  "IDrest_50": {
    "holding": {
      "delay": 0.0,
      "amp": -0.05753282457590103,
      "duration": 1994.4959348067641,
      "totduration": 1994.4959348067641
    },
    "step": {
      "delay": 399.9869869257964,
      "amp": 0.18863422051072118,
      "thresh_perc": 57.940639075812996,
      "duration": 1349.9989558731613,
      "totduration": 1994.4959348067641
    }
  },
  "IDrest_75": {
    "holding": {
      "delay": 0.0,
      "amp": -0.05753282457590103,
      "duration": 1994.4959348067641,
      "totduration": 1994.4959348067641
    },
    "step": {
      "delay": 399.9869869257964,
      "amp": 0.22629577815532684,
      "thresh_perc": 69.50871358854437,
      "duration": 1349.9989558731613,
      "totduration": 1994.4959348067641
    }
  },
  "IDrest_100": {
    "holding": {
      "delay": 0.0,
      "amp": -0.05753282457590103,
      "duration": 1994.4959348067641,
      "totduration": 1994.4959348067641
    },
    "step": {
      "delay": 399.9869869257964,
      "amp": 0.33926004618406297,
      "thresh_perc": 104.20666958293084,
      "duration": 1349.9989558731613,
      "totduration": 1994.4959348067641
    }
  },
  "IDrest_125": {
    "holding": {
      "delay": 0.0,
      "amp": -0.057471619173884395,
      "duration": 1994.4959348067641,
      "totduration": 1994.4959348067641
    },
    "step": {
      "delay": 399.9869869257964,
      "amp": 0.4145423572510481,
      "thresh_perc": 127.33028523716129,
      "duration": 1349.9989558731613,
      "totduration": 1994.4959348067641
    }
  },
  "IDrest_150": {
    "holding": {
      "delay": 0.0,
      "amp": -0.05741041377186775,
      "duration": 1994.4959348067641,
      "totduration": 1994.4959348067641
    },
    "step": {
      "delay": 399.9869869257964,
      "amp": 0.49000828936696045,
      "thresh_perc": 150.5103016912774,
      "duration": 1349.9989558731613,
      "totduration": 1994.4959348067641
    }
  },
  "IDrest_175": {
    "holding": {
      "delay": 0.0,
      "amp": -0.05741041377186775,
      "duration": 1994.4959348067641,
      "totduration": 1994.4959348067641
    },
    "step": {
      "delay": 399.9869869257964,
      "amp": 0.5654742188751697,
      "thresh_perc": 173.69031734441484,
      "duration": 1349.9989558731613,
      "totduration": 1994.4959348067641
    }
  },
  "IDrest_200": {
    "holding": {
      "delay": 0.0,
      "amp": -0.057471619173884395,
      "duration": 1994.4959348067641,
      "totduration": 1994.4959348067641
    },
    "step": {
      "delay": 399.9869869257964,
      "amp": 0.6408177357167005,
      "thresh_perc": 196.8327328838554,
      "duration": 1349.9989558731613,
      "totduration": 1994.4959348067641
    }
  },
  "IDrest_225": {
    "holding": {
      "delay": 0.0,
      "amp": -0.057451217373212175,
      "duration": 1994.4959348067641,
      "totduration": 1994.4959348067641
    },
    "step": {
      "delay": 399.9869869257964,
      "amp": 0.7538023958603541,
      "thresh_perc": 231.53695249343977,
      "duration": 1349.9989558731613,
      "totduration": 1994.4959348067641
    }
  },
  "IDrest_250": {
    "holding": {
      "delay": 0.0,
      "amp": -0.05741041377186775,
      "duration": 1994.4959348067641,
      "totduration": 1994.4959348067641
    },
    "step": {
      "delay": 399.9869869257964,
      "amp": 0.8290847090383372,
      "thresh_perc": 254.66056879608152,
      "duration": 1349.9989558731613,
      "totduration": 1994.4959348067641
    }
  },
  "IDrest_275": {
    "holding": {
      "delay": 0.0,
      "amp": -0.05741041377186775,
      "duration": 1994.4959348067641,
      "totduration": 1994.4959348067641
    },
    "step": {
      "delay": 399.9869869257964,
      "amp": 0.8667258687317372,
      "thresh_perc": 266.22237790094846,
      "duration": 1349.9989558731613,
      "totduration": 1994.4959348067641
    }
  },
  "IDrest_300": {
    "holding": {
      "delay": 0.0,
      "amp": -0.05741041377186775,
      "duration": 1994.4959348067641,
      "totduration": 1994.4959348067641
    },
    "step": {
      "delay": 399.9869869257964,
      "amp": 0.9043670363724232,
      "thresh_perc": 277.78418944689327,
      "duration": 1349.9989558731613,
      "totduration": 1994.4959348067641
    }
  },
  "IV_-140": {
    "holding": {
      "delay": 0.0,
      "amp": -0.05753282457590103,
      "duration": 3800.8318757638335,
      "totduration": 3800.8318757638335
    },
    "step": {
      "delay": 399.9869869257964,
      "amp": -0.39214127510786057,
      "thresh_perc": -120.4495983085014,
      "duration": 3000.0249019394687,
      "totduration": 3800.8318757638335
    }
  },
  "IV_-120": {
    "holding": {
      "delay": 0.0,
      "amp": -0.05753282457590103,
      "duration": 3800.8318757638335,
      "totduration": 3800.8318757638335
    },
    "step": {
      "delay": 399.9869869257964,
      "amp": -0.3620079502463341,
      "thresh_perc": -111.19388587610794,
      "duration": 3000.0249019394687,
      "totduration": 3800.8318757638335
    }
  },
  "IV_-100": {
    "holding": {
      "delay": 0.0,
      "amp": -0.05753282457590103,
      "duration": 3800.8318757638335,
      "totduration": 3800.8318757638335
    },
    "step": {
      "delay": 399.9869869257964,
      "amp": -0.3318542256951333,
      "thresh_perc": -101.93190750186429,
      "duration": 3000.0249019394687,
      "totduration": 3800.8318757638335
    }
  },
  "IV_-80": {
    "holding": {
      "delay": 0.0,
      "amp": -0.05753282457590103,
      "duration": 3800.8318757638335,
      "totduration": 3800.8318757638335
    },
    "step": {
      "delay": 399.9869869257964,
      "amp": -0.2413930460810661,
      "thresh_perc": -74.14597054832484,
      "duration": 3000.0249019394687,
      "totduration": 3800.8318757638335
    }
  },
  "IV_-60": {
    "holding": {
      "delay": 0.0,
      "amp": -0.05753282457590103,
      "duration": 3800.8318757638335,
      "totduration": 3800.8318757638335
    },
    "step": {
      "delay": 399.9869869257964,
      "amp": -0.18100398033857348,
      "thresh_perc": -55.59694454001136,
      "duration": 3000.0249019394687,
      "totduration": 3800.8318757638335
    }
  },
  "IV_-40": {
    "holding": {
      "delay": 0.0,
      "amp": -0.05753282457590103,
      "duration": 3800.8318757638335,
      "totduration": 3800.8318757638335
    },
    "step": {
      "delay": 399.9869869257964,
      "amp": -0.12061491260925926,
      "thresh_perc": -37.047917921428365,
      "duration": 3000.0249019394687,
      "totduration": 3800.8318757638335
    }
  },
  "IV_-20": {
    "holding": {
      "delay": 0.0,
      "amp": -0.05753282457590103,
      "duration": 3800.8318757638335,
      "totduration": 3800.8318757638335
    },
    "step": {
      "delay": 399.9869869257964,
      "amp": -0.06026665071646372,
      "thresh_perc": -18.51142516992163,
      "duration": 3000.0249019394687,
      "totduration": 3800.8318757638335
    }
  },
  "IV_0": {
    "holding": {
      "delay": 0.0,
      "amp": -0.05753282457590103,
      "duration": 3800.8318757638335,
      "totduration": 3800.8318757638335
    },
    "step": {
      "delay": 399.9869869257964,
      "amp": 8.16073268651982e-05,