{
  "firepattern_120": {
    "holding": {
      "delay": 0.0,
      "amp": -0.03702910430729389,
      "duration": 4578.559850342572,
      "totduration": 4578.559850342572
    },
    "step": {
      "delay": 499.99598365684506,
      "amp": 0.3617223221808672,
      "thresh_perc": 101.73181004334619,
      "duration": 3599.980882328964,
      "totduration": 4578.559850342572
    }
  },
  "IDrest_50": {
    "holding": {
      "delay": 0.0,
      "amp": -0.03702910430729389,
      "duration": 1994.4959348067641,
      "totduration": 1994.4959348067641
    },
    "step": {
      "delay": 399.9869869257964,
      "amp": 0.18851180933415887,
      "thresh_perc": 53.01759499520464,
      "duration": 1349.9989558731613,
      "totduration": 1994.4959348067641
    }
  },
  "IDrest_75": {
    "holding": {
      "delay": 0.0,
      "amp": -0.03702910430729389,
      "duration": 1994.4959348067641,
      "totduration": 1994.4959348067641
    },
    "step": {
      "delay": 399.9869869257964,
      "amp": 0.2637941259890795,
      "thresh_perc": 74.19020687988669,
      "duration": 1349.9989558731613,
      "totduration": 1994.4959348067641
    }
  },
  "IDrest_100": {
    "holding": {
      "delay": 0.0,
      "amp": -0.03697809980561336,
      "duration": 1994.4959348067641,
      "totduration": 1994.4959348067641
    },
    "step": {
      "delay": 399.9869869257964,
      "amp": 0.37676858808845287,
      "thresh_perc": 105.9634644680538,
      "duration": 1349.9989558731613,
      "totduration": 1994.4959348067641
    }
  },
  "IDrest_125": {
    "holding": {
      "delay": 0.0,
      "amp": -0.03692709530393282,
      "duration": 1994.4959348067641,
      "totduration": 1994.4959348067641
    },
    "step": {
      "delay": 399.9869869257964,
      "amp": 0.45220391576488816,
      "thresh_perc": 127.17910960565047,
      "duration": 1349.9989558731613,
      "totduration": 1994.4959348067641
    }
  },
  "IDrest_150": {
    "holding": {
      "delay": 0.0,
      "amp": -0.03687609080225229,
      "duration": 1994.4959348067641,
      "totduration": 1994.4959348067641
    },
    "step": {
      "delay": 399.9869869257964,
      "amp": 0.5276392533754308,
      "thresh_perc": 148.39475753714362,
      "duration": 1349.9989558731613,
      "totduration": 1994.4959348067641
    }
  },
  "IDrest_175": {
    "holding": {
      "delay": 0.0,
      "amp": -0.03692709530393282,
      "duration": 1994.4959348067641,
      "totduration": 1994.4959348067641
    },
    "step": {
      "delay": 399.9869869257964,
      "amp": 0.6030745816727479,
      "thresh_perc": 169.61040284935882,
      "duration": 1349.9989558731613,
      "totduration": 1994.4959348067641
    }
  },
  "IDrest_200": {
    "holding": {
      "delay": 0.0,
      "amp": -0.03695259755477309,
      "duration": 1994.4959348067641,
      "totduration": 1994.4959348067641
    },
    "step": {
      "delay": 399.9869869257964,
      "amp": 0.7161000273190439,
      "thresh_perc": 201.3979991946134,
      "duration": 1349.9989558731613,
      "totduration": 1994.4959348067641
    }
  },
  "IDrest_225": {
    "holding": {
      "delay": 0.0,
      "amp": -0.03687609080225229,
      "duration": 1994.4959348067641,
      "totduration": 1994.4959348067641
    },
    "step": {
      "delay": 399.9869869257964,
      "amp": 0.8290234987313551,
      "thresh_perc": 233.15691601757996,
      "duration": 1349.9989558731613,
      "totduration": 1994.4959348067641
    }
  },
  "IDrest_250": {
    "holding": {
      "delay": 0.0,
      "amp": -0.03687609080225229,
      "duration": 1994.4959348067641,
      "totduration": 1994.4959348067641
    },
    "step": {
      "delay": 399.9869869257964,
      "amp": 0.8666646638885139,
      "thresh_perc": 243.74322388072477,
      "duration": 1349.9989558731613,
      "totduration": 1994.4959348067641
    }
  },
  "IDrest_275": {
    "holding": {
      "delay": 0.0,
      "amp": -0.03687609080225229,
      "duration": 1994.4959348067641,
      "totduration": 1994.4959348067641
    },
    "step": {
      "delay": 399.9869869257964,
      "amp": 0.9043058240786194,
      "thresh_perc": 254.3295303469214,
      "duration": 1349.9989558731613,
      "totduration": 1994.4959348067641
    }
  },
  "IV_-140": {
    "holding": {
      "delay": 0.0,
      "amp": -0.03702910430729389,
      "duration": 3800.8318757638335,
      "totduration": 3800.8318757638335
    },
    "step": {
      "delay": 399.9869869257964,
      "amp": -0.4223154168576002,
      "thresh_perc": -118.77318354893168,
      "duration": 3000.0249019394687,
      "totduration": 3800.8318757638335
    }
  },
  "IV_-120": {
    "holding": {
      "delay": 0.0,
      "amp": -0.03702910430729389,
      "duration": 3800.8318757638335,
      "totduration": 3800.8318757638335
    },
    "step": {
      "delay": 399.9869869257964,
      "amp": -0.39217188023030763,
      "thresh_perc": -110.29552996174431,
      "duration": 3000.0249019394687,
      "totduration": 3800.8318757638335
    }
  },
  "IV_-100": {
    "holding": {
      "delay": 0.0,
      "amp": -0.03702910430729389,
      "duration": 3800.8318757638335,
      "totduration": 3800.8318757638335
    },
    "step": {
      "delay": 399.9869869257964,
      "amp": -0.3620283535371225,
      "thresh_perc": -101.81787916845342,
      "duration": 3000.0249019394687,
      "totduration": 3800.8318757638335
    }
  },
  "IV_-80": {
    "holding": {
      "delay": 0.0,
      "amp": -0.03702910430729389,
      "duration": 3800.8318757638335,
      "totduration": 3800.8318757638335
    },
    "step": {
      "delay": 399.9869869257964,
      "amp": -0.2715595178306103,
      "thresh_perc": -76.3741676677414,
      "duration": 3000.0249019394687,
      "totduration": 3800.8318757638335
    }
  },
  "IV_-60": {
    "holding": {
      "delay": 0.0,
      "amp": -0.03702910430729389,
      "duration": 3800.8318757638335,
      "totduration": 3800.8318757638335
    },
    "step": {
      "delay": 399.9869869257964,
      "amp": -0.21119595877826214,
      "thresh_perc": -59.397349411047685,
      "duration": 3000.0249019394687,
      "totduration": 3800.8318757638335
    }
  },
  "IV_-40": {
    "holding": {
      "delay": 0.0,
      "amp": -0.03702910430729389,
      "duration": 3800.8318757638335,
      "totduration": 3800.8318757638335
    },
    "step": {
      "delay": 399.9869869257964,
      "amp": -0.15083239786326885,
      "thresh_perc": -42.420530630498384,
      "duration": 3000.0249019394687,
      "totduration": 3800.8318757638335
    }
  },
  "IV_-20": {
    "holding": {
      "delay": 0.0,
      "amp": -0.03702910430729389,
      "duration": 3800.8318757638335,
      "totduration": 3800.8318757638335
    },
    "step": {
      "delay": 399.9869869257964,
      "amp": -0.060287054628133774,
      "thresh_perc": -16.955301935818827,
      "duration": 3000.0249019394687,
      "totduration": 3800.8318757638335
    }
  },
  "IV_0": {
    "holding": {
      "delay": 0.0,
      "amp": -0.03702910430729389,
      "duration": 3800.8318757638335,
      "totduration": 3800.8318757638335
    },
    "step": {
      "delay": 399.9869869257964,
      "amp": -6.208817183078751e-10,
      "thresh_perc": -1.7461853237440059e-07,
      "duration": 3000.0249019394687,
      "totduration": 3800.8318757638335
    }
  },
  "IV_20": {
    "holding": {
      "delay": 0.0,
      "amp": -0.03702910430729389,
      "duration": 3800.8318757638335,
      "totduration": 3800.8318757638335
    },
    "step": {
      "delay": 399.9869869257964,
      "amp": 0.06028705524901548,
      "thresh_perc": 16.95530211043736,
      "duration": 3000.0249019394687,
      "totduration": 3800.8318757638335
    }
  },
  "IV_40": {
    "holding": {
      "delay": 0.0,
      "amp": -0.03702910430729389,
      "duration": 3800.8318757638335,
      "totduration": 3800.8318757638335
    },
    "step": {
      "delay": 399.9869869257964,
      "amp": 0.12057410925626755,