{
  "soma": {
    "firepattern_120": {
      "soma": {
        "mean_frequency": [
          2.266160557477147,
          0.001
        ],
        "burst_number": [
          1.0,
          0.001
        ],
        "adaptation_index2": [
          0.06349735019526112,
          0.001
        ],
        "ISI_CV": [
          0.22459369134798318,
          0.001
        ],
        "ISI_log_slope": [
          0.2976509504273836,
          0.001
        ],
        "inv_time_to_first_spike": [
          7.390983000734952,
          0.001
        ],
        "inv_first_ISI": [
          3.866976024747767,
          0.001
        ],
        "inv_second_ISI": [
          2.773925104023577,
          0.001
        ],
        "inv_third_ISI": [
          1.923816852637379,
          0.001
        ],
        "inv_fourth_ISI": [
          2.0648358455521567,
          0.001
        ],
        "inv_fifth_ISI": [
          2.174858634190756,
          0.001
        ],
        "AP_amplitude": [
          75.66649602519972,
          0.001
        ],
        "AHP_depth": [
          16.773964837895562,
          0.001
        ],
        "AHP_time_from_peak": [
          13.112499999992238,
          0.001
        ]
      }
    },
    "IV_-100": {
      "soma": {
        "Spikecount": [
          0.0,
          0.001
        ],
        "voltage_base": [
          -57.12733447751484,
          0.6178000477089416
        ],
        "voltage_deflection": [
          -5.34777016425727,
          0.6309101301712585
        ],
        "voltage_deflection_begin": [
          -5.9390407596977965,
          0.469834660021961
        ],
        "steady_state_voltage_stimend": [
          -62.38753722320814,
          1.0818805800783442
        ],
        "ohmic_input_resistance_vb_ssse": [
          52.038371314620825,
          7.071104023209
        ],
        "sag_amplitude": [
          1.8096647883635295,
          1.2498192786200066
        ],
        "sag_ratio1": [
          0.2399171735403595,
          0.13631251969229288
        ],
        "sag_ratio2": [
          0.7600828264596405,
          0.13631251969229288
        ],
        "decay_time_constant_after_stim": [
          13.41418005972288,
          1.5742375570001432
        ]
      }
    }
  }
}