{
  "soma": {
    "firepattern_120": {
      "soma": {
        "mean_frequency": [
          4.109939552724889,
          1.3065571064775783
        ],
        "burst_number": [
          1.3333333333333333,
          0.4714045207910317
        ],
        "adaptation_index2": [
          0.031118378788426854,
          0.023506664230156467
        ],
        "ISI_CV": [
          0.23916176973764194,
          0.04755981988766496
        ],
        "ISI_log_slope": [
          0.2463675490320422,
          0.07019287085566434
        ],
        "inv_time_to_first_spike": [
          11.010683595607253,
          2.5595500201681527
        ],
        "inv_first_ISI": [
          7.847469466048423,
          2.8756972390062394
        ],
        "inv_second_ISI": [
          5.525399196137125,
          2.312371435617569
        ],
        "inv_third_ISI": [
          4.371816674127092,
          1.793154137256263
        ],
        "inv_fourth_ISI": [
          4.845908364588817,
          1.9707111175953584
        ],
        "inv_fifth_ISI": [
          4.636198683298716,
          1.7896820113025675
        ],
        "AP_amplitude": [
          71.81968574165762,
          2.901089415576707
        ],
        "AHP_depth": [
          15.9819379536055,
          0.5759735677539856
        ],
        "AHP_time_from_peak": [
          13.095234204784319,
          0.02813561749358765
        ]
      }
    },
    "IV_-100": {
      "soma": {
        "Spikecount": [
          0.0,
          0.001
        ],
        "voltage_base": [
          -71.50759523660918,
          0.37245285787361126
        ],
        "voltage_deflection": [
          -5.735356404519692,
          0.38262360394024597
        ],
        "voltage_deflection_begin": [
          -6.249257836179801,
          0.20594280627263828
        ],
        "steady_state_voltage_stimend": [
          -77.04295914665269,
          0.6833476873248898
        ],
        "ohmic_input_resistance_vb_ssse": [
          47.27660637549784,
          2.641514725467161
        ],
        "sag_amplitude": [
          0.9274683863144446,
          0.09083458306868408
        ],
        "sag_ratio1": [
          0.14415374372320025,
          0.01896337175551502
        ],
        "sag_ratio2": [
          0.8558462562767998,
          0.01896337175551499
        ],
        "decay_time_constant_after_stim": [
          12.325028507281232,
          0.3982442858642772
        ]
      }
    },
    "APWaveform_260": {
      "soma": {
        "AP_amplitude": [
          68.79456472413416,
          0.9845880484405003
        ],
        "AP1_amp": [
          70.92144298569528,
          2.944970726415416
        ],
        "AP2_amp": [
          65.33647537245415,
          1.1628990173195461
        ],
        "AP_duration_half_width": [
          1.3499999999999233,
          0.1060660171779761
        ],
        "AP_begin_width": [
          5.98749999999966,
          1.05852196481692
        ],
        "AP_begin_voltage": [
          -52.68929195415523,
          1.7941528095473263
        ],
        "AHP_depth": [
          21.568686695095472,
          0.9818313202692254
        ],
        "AHP_time_from_peak": [
          6.124999999999652,
          1.5674421839416346
        ]
      }
    }
  }
}