{
  "firepattern_120": {
    "stimuli": [
      {
        "delay": 0.0,
        "amp": -0.08507513254880905,
        "duration": 4578.59662877303,
        "totduration": 4578.59662877303
      },
      {
        "delay": 500.0,
        "amp": 0.12427349861277147,
        "thresh_perc": 113.2743356635183,
        "duration": 3600.009800078401,
        "totduration": 4578.59662877303
      }
    ]
  },
  "IV_-100": {
    "stimuli": [
      {
        "delay": 0.0,
        "amp": -0.05243239582826694,
        "duration": 3487.2598980791845,
        "totduration": 3487.2598980791845
      },
      {
        "delay": 250.0,
        "amp": -0.1083646718977248,
        "thresh_perc": -98.7735627919984,
        "duration": 3000.0,
        "totduration": 3487.2598980791845
      }
    ]
  }
}