{
    "Step3": {
        "soma": {
            "AP_height": [
                19.195166806001026,
                3.8390333612002054
            ],
            "AHP_slow_time": [
                0.16770471069278783,
                0.033540942138557565
            ],
            "ISI_CV": [
                0.11527931606808743,
                0.023055863213617488
            ],
            "doublet_ISI": [
                19.00000000000432,
                3.800000000000864
            ],
            "adaptation_index2": [
                0.009813585657489353,
                0.0019627171314978704
            ],
            "mean_frequency": [
                17.541221871409704,
                3.508244374281941
            ],
            "AHP_depth_abs_slow": [
                -58.25176402425728,
                11.650352804851456
            ],
            "AP_width": [
                0.8285714285708634,
                0.16571428571417268
            ],
            "time_to_first_spike": [
                10.500000000092996,
                2.1000000000185994
            ],
            "AHP_depth_abs": [
                -58.94039150753454,
                11.788078301506909
            ]
        }
    },
    "Step2": {
        "soma": {
            "AP_height": [
                25.57764628638084,
                5.115529257276169
            ],
            "AHP_slow_time": [
                0.14942427963512628,
                0.029884855927025257
            ],
            "ISI_CV": [
                0.07294550835970291,
                0.014589101671940583
            ],
            "doublet_ISI": [
                34.70000000000789,
                6.940000000001579
            ],
            "adaptation_index2": [
                0.006750341473586876,
                0.0013500682947173753
            ],
            "mean_frequency": [
                11.098779134302752,
                2.2197558268605504
            ],
            "AHP_depth_abs_slow": [
                -61.67912328875575,
                12.33582465775115
            ],
            "AP_width": [
                0.8499999999994027,
                0.16999999999988055
            ],
            "time_to_first_spike": [
                23.10000000009586,
                4.620000000019172
            ],
            "AHP_depth_abs": [
                -61.616714702142254,
                12.323342940428452
            ]
        }
    },
    "Step1": {
        "soma": {
            "AP_height": [
                26.892177740715674,
                5.378435548143135
            ],
            "AHP_slow_time": [
                0.13240090610230254,
                0.02648018122046051
            ],
            "ISI_CV": [
                0.04675185758124602,
                0.009350371516249205
            ],
            "doublet_ISI": [
                49.00000000001114,
                9.800000000002228
            ],
            "adaptation_index2": [
                0.003004896218440374,
                0.0006009792436880748
            ],
            "mean_frequency": [
                8.951608656738115,
                1.790321731347623
            ],
            "AHP_depth_abs_slow": [
                -62.66411373610246,
                12.532822747220493
            ],
            "AP_width": [
                0.8529411764700399,
                0.170588235294008
            ],
            "time_to_first_spike": [
                33.500000000098225,
                6.700000000019646
            ],
            "AHP_depth_abs": [
                -62.57689604977219,
                12.515379209954439
            ]
        },
        "MEA": {
            "peak_to_valley_0": [
                0.0013900000000000002,
                0.00027800000000000004
            ],
            "peak_to_valley_1": [
                0.00134,
                0.000268
            ],
            "peak_to_valley_2": [
                0.0012950000000000001,
                0.00025900000000000006
            ],
            "peak_to_valley_3": [
                0.00125,
                0.00025
            ],
            "peak_to_valley_4": [
                0.00158,
                0.00031600000000000004
            ],
            "peak_to_valley_5": [
                0.0016950000000000001,
                0.00033900000000000005
            ],
            "peak_to_valley_6": [
                0.0014000000000000002,
                0.00028000000000000003
            ],
            "peak_to_valley_7": [
                -0.0006950000000000001,
                0.00013900000000000002
            ],
            "peak_to_valley_8": [
                -0.0011450000000000002,
                0.00022900000000000004
            ],
            "peak_to_valley_9": [
                -0.00143,
                0.000286
            ],
            "peak_to_valley_10": [
                -0.0019050000000000002,
                0.00038100000000000005
            ],
            "peak_to_valley_11": [
                -0.0032300000000000002,
                0.0006460000000000001
            ],
            "peak_to_valley_12": [
                -0.00525,
                0.0010500000000000002
            ],
            "peak_to_valley_13": [
                -0.006455000000000001,
                0.0012910000000000003
            ],
            "peak_to_valley_14": [
                -0.009940000000000001,
                0.001988
            ],
            "peak_to_valley_15": [
                -0.009945,
                0.0019890000000000003
            ],
            "peak_to_valley_16": [
                -0.009945,
                0.0019890000000000003
            ],
            "peak_to_valley_17": [
                -0.009945,
                0.0019890000000000003
            ],
            "peak_to_valley_18": [
                -0.010015000000000001,
                0.0020030000000000004
            ],
            "peak_to_valley_19": [
                -0.010015000000000001,
                0.0020030000000000004
            ],
            "peak_trough_ratio_0": [
                -0.41981634008953184,
                0.08396326801790638
            ],
            "peak_trough_ratio_1": [
                -0.45386004216932047,
                0.0907720084338641
            ],
            "peak_trough_ratio_2": [
                -0.5022212966731143,
                0.10044425933462287
            ],
            "peak_trough_ratio_3": [
                -0.5795856250388525,
                0.1159171250077705
            ],
            "peak_trough_ratio_4": [
                -0.614286872349189,
                0.1228573744698378
            ],
            "peak_trough_ratio_5": [
                -0.584609907453341,
                0.1169219814906682
            ],
            "peak_trough_ratio_6": [
                -0.4029535908012808,
                0.08059071816025616
            ],
            "peak_trough_ratio_7": [
                -0.3708133086670834,
                0.07416266173341668
            ],
            "peak_trough_ratio_8": [
                -1.0379196190949582,
                0.20758392381899166
            ],
            "peak_trough_ratio_9": [
                -1.4590767540362333,
                0.2918153508072467
            ],
            "peak_trough_ratio_10": [
                -1.981858753866542,
                0.39637175077330844
            ],
            "peak_trough_ratio_11": [
                -2.4634516589251265,
                0.4926903317850253
            ],
            "peak_trough_ratio_12": [
                -2.551681014251138,
                0.5103362028502276
            ],
            "peak_trough_ratio_13": [
                -2.6818523874459026,
                0.5363704774891805
            ],
            "peak_trough_ratio_14": [
                -2.9888934982692894,
                0.5977786996538579
            ],