{
    "Step3": {
        "soma": {
            "AP_height": [
                19.129375960405547,
                3.8258751920811096
            ],
            "AHP_slow_time": [
                0.16743375195228605,
                0.03348675039045721
            ],
            "ISI_CV": [
                0.1152557194577258,
                0.02305114389154516
            ],
            "doublet_ISI": [
                19.00000000000432,
                3.800000000000864
            ],
            "adaptation_index2": [
                0.009861396721113235,
                0.001972279344222647
            ],
            "mean_frequency": [
                17.54034278842527,
                3.5080685576850543
            ],
            "AHP_depth_abs_slow": [
                -58.25005510555499,
                11.650011021110998
            ],
            "AP_width": [
                0.8285714285708634,
                0.16571428571417268
            ],
            "time_to_first_spike": [
                10.500000000092996,
                2.1000000000185994
            ],
            "AHP_depth_abs": [
                -58.93874877578396,
                11.787749755156792
            ]
        }
    },
    "Step2": {
        "soma": {
            "AP_height": [
                25.44114177135842,
                5.088228354271685
            ],
            "AHP_slow_time": [
                0.14897031130584254,
                0.02979406226116851
            ],
            "ISI_CV": [
                0.0724387472033734,
                0.01448774944067468
            ],
            "doublet_ISI": [
                34.70000000000789,
                6.940000000001579
            ],
            "adaptation_index2": [
                0.006709019580699102,
                0.0013418039161398204
            ],
            "mean_frequency": [
                11.098779134302752,
                2.2197558268605504
            ],
            "AHP_depth_abs_slow": [
                -61.67510660036587,
                12.335021320073174
            ],
            "AP_width": [
                0.8409090909085019,
                0.1681818181817004
            ],
            "time_to_first_spike": [
                23.10000000009586,
                4.620000000019172
            ],
            "AHP_depth_abs": [
                -61.61319022917216,
                12.322638045834433
            ]
        }
    },
    "Step1": {
        "soma": {
            "AP_height": [
                27.118169568853606,
                5.423633913770722
            ],
            "AHP_slow_time": [
                0.13297626924522143,
                0.02659525384904429
            ],
            "ISI_CV": [
                0.0451331809621836,
                0.00902663619243672
            ],
            "doublet_ISI": [
                49.00000000001114,
                9.800000000002228
            ],
            "adaptation_index2": [
                0.002626818859118275,
                0.0005253637718236551
            ],
            "mean_frequency": [
                8.951608656738115,
                1.790321731347623
            ],
            "AHP_depth_abs_slow": [
                -62.65806795471215,
                12.531613590942431
            ],
            "AP_width": [
                0.8529411764700131,
                0.17058823529400263
            ],
            "time_to_first_spike": [
                33.500000000098225,
                6.700000000019646
            ],
            "AHP_depth_abs": [
                -62.57202262603153,
                12.514404525206308
            ]
        },
        "MEA": {
            "peak_to_valley_0": [
                0.0013850000000000002,
                0.00027700000000000007
            ],
            "peak_to_valley_1": [
                0.001335,
                0.00026700000000000004
            ],
            "peak_to_valley_2": [
                0.001335,
                0.00026700000000000004
            ],
            "peak_to_valley_3": [
                0.001245,
                0.00024900000000000004
            ],
            "peak_to_valley_4": [
                0.0015650000000000002,
                0.00031300000000000007
            ],
            "peak_to_valley_5": [
                0.0017000000000000001,
                0.00034
            ],
            "peak_to_valley_6": [
                0.0013900000000000002,
                0.00027800000000000004
            ],
            "peak_to_valley_7": [
                -0.0006950000000000001,
                0.00013900000000000002
            ],
            "peak_to_valley_8": [
                -0.0011450000000000002,
                0.00022900000000000004
            ],
            "peak_to_valley_9": [
                -0.001435,
                0.00028700000000000004
            ],
            "peak_to_valley_10": [
                -0.0019000000000000002,
                0.0003800000000000001
            ],
            "peak_to_valley_11": [
                -0.00322,
                0.000644
            ],
            "peak_to_valley_12": [
                -0.005285000000000001,
                0.0010570000000000002
            ],
            "peak_to_valley_13": [
                -0.006445,
                0.0012890000000000002
            ],
            "peak_to_valley_14": [
                -0.009930000000000001,
                0.0019860000000000004
            ],
            "peak_to_valley_15": [
                -0.009930000000000001,
                0.0019860000000000004
            ],
            "peak_to_valley_16": [
                -0.009935000000000001,
                0.0019870000000000005
            ],
            "peak_to_valley_17": [
                -0.009935000000000001,
                0.0019870000000000005
            ],
            "peak_to_valley_18": [
                -0.01,
                0.002
            ],
            "peak_to_valley_19": [
                -0.010005,
                0.002001
            ],
            "peak_trough_ratio_0": [
                -0.42863571121926064,
                0.08572714224385214
            ],
            "peak_trough_ratio_1": [
                -0.46344668895275093,
                0.09268933779055019
            ],
            "peak_trough_ratio_2": [
                -0.5129762803591749,
                0.10259525607183498
            ],
            "peak_trough_ratio_3": [
                -0.5918269345004183,
                0.11836538690008368
            ],
            "peak_trough_ratio_4": [
                -0.6230345888219103,
                0.12460691776438207
            ],
            "peak_trough_ratio_5": [
                -0.5906693416606462,
                0.11813386833212924
            ],
            "peak_trough_ratio_6": [
                -0.4068201781589656,
                0.08136403563179312
            ],
            "peak_trough_ratio_7": [
                -0.3614018876255692,
                0.07228037752511383
            ],
            "peak_trough_ratio_8": [
                -1.0295868836745876,
                0.20591737673491753
            ],
            "peak_trough_ratio_9": [
                -1.4568828684170896,
                0.2913765736834179
            ],
            "peak_trough_ratio_10": [
                -1.982393206316121,
                0.3964786412632242
            ],
            "peak_trough_ratio_11": [
                -2.4596591795530838,
                0.4919318359106168
            ],
            "peak_trough_ratio_12": [
                -2.539603445319689,
                0.5079206890639378
            ],
            "peak_trough_ratio_13": [
                -2.6639977323914357,
                0.5327995464782872
            ],
            "peak_trough_ratio_14": [
                -2.9624309470034977,
                0.5924861894006995
            ],