{
    "Step3": {
        "soma": {
            "AP_height": [
                19.195166806001026,
                3.8390333612002054
            ],
            "AHP_slow_time": [
                0.16770471069278783,
                0.033540942138557565
            ],
            "ISI_CV": [
                0.11527931606808743,
                0.023055863213617488
            ],
            "doublet_ISI": [
                19.00000000000432,
                3.800000000000864
            ],
            "adaptation_index2": [
                0.009813585657489353,
                0.0019627171314978704
            ],
            "mean_frequency": [
                17.541221871409704,
                3.508244374281941
            ],
            "AHP_depth_abs_slow": [
                -58.25176402425728,
                11.650352804851456
            ],
            "AP_width": [
                0.8285714285708634,
                0.16571428571417268
            ],
            "time_to_first_spike": [
                10.500000000092996,
                2.1000000000185994
            ],
            "AHP_depth_abs": [
                -58.94039150753454,
                11.788078301506909
            ]
        }
    },
    "Step2": {
        "soma": {
            "AP_height": [
                25.57764628638084,
                5.115529257276169
            ],
            "AHP_slow_time": [
                0.14942427963512628,
                0.029884855927025257
            ],
            "ISI_CV": [
                0.07294550835970291,
                0.014589101671940583
            ],
            "doublet_ISI": [
                34.70000000000789,
                6.940000000001579
            ],
            "adaptation_index2": [
                0.006750341473586876,
                0.0013500682947173753
            ],
            "mean_frequency": [
                11.098779134302752,
                2.2197558268605504
            ],
            "AHP_depth_abs_slow": [
                -61.67912328875575,
                12.33582465775115
            ],
            "AP_width": [
                0.8499999999994027,
                0.16999999999988055
            ],
            "time_to_first_spike": [
                23.10000000009586,
                4.620000000019172
            ],
            "AHP_depth_abs": [
                -61.616714702142254,
                12.323342940428452
            ]
        }
    },
    "Step1": {
        "soma": {
            "AP_height": [
                26.892177740715674,
                5.378435548143135
            ],
            "AHP_slow_time": [
                0.13240090610230254,
                0.02648018122046051
            ],
            "ISI_CV": [
                0.04675185758124602,
                0.009350371516249205
            ],
            "doublet_ISI": [
                49.00000000001114,
                9.800000000002228
            ],
            "adaptation_index2": [
                0.003004896218440374,
                0.0006009792436880748
            ],
            "mean_frequency": [
                8.951608656738115,
                1.790321731347623
            ],
            "AHP_depth_abs_slow": [
                -62.66411373610246,
                12.532822747220493
            ],
            "AP_width": [
                0.8529411764700399,
                0.170588235294008
            ],
            "time_to_first_spike": [
                33.500000000098225,
                6.700000000019646
            ],
            "AHP_depth_abs": [
                -62.57689604977219,
                12.515379209954439
            ]
        }
    }
}