{
    "Step3": {
        "soma": {
            "AP_height": [
                19.129375960405547,
                3.8258751920811096
            ],
            "AHP_slow_time": [
                0.16743375195228605,
                0.03348675039045721
            ],
            "ISI_CV": [
                0.1152557194577258,
                0.02305114389154516
            ],
            "doublet_ISI": [
                19.00000000000432,
                3.800000000000864
            ],
            "adaptation_index2": [
                0.009861396721113235,
                0.001972279344222647
            ],
            "mean_frequency": [
                17.54034278842527,
                3.5080685576850543
            ],
            "AHP_depth_abs_slow": [
                -58.25005510555499,
                11.650011021110998
            ],
            "AP_width": [
                0.8285714285708634,
                0.16571428571417268
            ],
            "time_to_first_spike": [
                10.500000000092996,
                2.1000000000185994
            ],
            "AHP_depth_abs": [
                -58.93874877578396,
                11.787749755156792
            ]
        }
    },
    "Step2": {
        "soma": {
            "AP_height": [
                25.44114177135842,
                5.088228354271685
            ],
            "AHP_slow_time": [
                0.14897031130584254,
                0.02979406226116851
            ],
            "ISI_CV": [
                0.0724387472033734,
                0.01448774944067468
            ],
            "doublet_ISI": [
                34.70000000000789,
                6.940000000001579
            ],
            "adaptation_index2": [
                0.006709019580699102,
                0.0013418039161398204
            ],
            "mean_frequency": [
                11.098779134302752,
                2.2197558268605504
            ],
            "AHP_depth_abs_slow": [
                -61.67510660036587,
                12.335021320073174
            ],
            "AP_width": [
                0.8409090909085019,
                0.1681818181817004
            ],
            "time_to_first_spike": [
                23.10000000009586,
                4.620000000019172
            ],
            "AHP_depth_abs": [
                -61.61319022917216,
                12.322638045834433
            ]
        }
    },
    "Step1": {
        "soma": {
            "AP_height": [
                27.118169568853606,
                5.423633913770722
            ],
            "AHP_slow_time": [
                0.13297626924522143,
                0.02659525384904429
            ],
            "ISI_CV": [
                0.0451331809621836,
                0.00902663619243672
            ],
            "doublet_ISI": [
                49.00000000001114,
                9.800000000002228
            ],
            "adaptation_index2": [
                0.002626818859118275,
                0.0005253637718236551
            ],
            "mean_frequency": [
                8.951608656738115,
                1.790321731347623
            ],
            "AHP_depth_abs_slow": [
                -62.65806795471215,
                12.531613590942431
            ],
            "AP_width": [
                0.8529411764700131,
                0.17058823529400263
            ],
            "time_to_first_spike": [
                33.500000000098225,
                6.700000000019646
            ],
            "AHP_depth_abs": [
                -62.57202262603153,
                12.514404525206308
            ]
        }
    }
}