{
  "firepattern_120": {
    "holding": {
      "delay": 0.0,
      "amp": 0.0,
      "duration": 4094.550000014896,
      "totduration": 4094.550000014896
    },
    "step": {
      "delay": 250.0000000009095,
      "amp": 0.408,
      "thresh_perc": 117.64705882352936,
      "duration": 3600.0000000130967,
      "totduration": 4094.550000014896
    }
  },
  "firepattern_200": {
    "holding": {
      "delay": 0.0,
      "amp": 0.0,
      "duration": 4097.825000014907,
      "totduration": 4097.825000014907
    },
    "step": {
      "delay": 250.0000000009095,
      "amp": 0.68,
      "thresh_perc": 196.07843137254895,
      "duration": 3600.0000000130967,
      "totduration": 4097.825000014907
    }
  },
  "IDrest_50": {
    "holding": {
      "delay": 0.0,
      "amp": 0.0,
      "duration": 1840.0499999993724,
      "totduration": 1840.0499999993724
    },
    "step": {
      "delay": 249.99999999991473,
      "amp": 0.17,
      "thresh_perc": 49.01960784313724,
      "duration": 1349.9999999995396,
      "totduration": 1840.0499999993724
    }
  },
  "IDrest_75": {
    "holding": {
      "delay": 0.0,
      "amp": 0.0,
      "duration": 1844.124999999371,
      "totduration": 1844.124999999371
    },
    "step": {
      "delay": 249.99999999991473,
      "amp": 0.255,
      "thresh_perc": 73.52941176470586,
      "duration": 1349.9999999995396,
      "totduration": 1844.124999999371
    }
  },
  "IDrest_100": {
    "holding": {
      "delay": 0.0,
      "amp": 0.0,
      "duration": 1846.6499999993703,
      "totduration": 1846.6499999993703
    },
    "step": {
      "delay": 249.99999999991473,
      "amp": 0.34,
      "thresh_perc": 98.03921568627447,
      "duration": 1349.9999999995396,
      "totduration": 1846.6499999993703
    }
  },
  "IDrest_125": {
    "holding": {
      "delay": 0.0,
      "amp": 0.0,
      "duration": 1848.9749999993694,
      "totduration": 1848.9749999993694
    },
    "step": {
      "delay": 249.99999999991473,
      "amp": 0.425,
      "thresh_perc": 122.54901960784309,
      "duration": 1349.9999999995396,
      "totduration": 1848.9749999993694
    }
  },
  "IDrest_150": {
    "holding": {
      "delay": 0.0,
      "amp": 0.0,
      "duration": 1848.5999999993696,
      "totduration": 1848.5999999993696
    },
    "step": {
      "delay": 249.99999999991473,
      "amp": 0.51,
      "thresh_perc": 147.0588235294117,
      "duration": 1349.9999999995396,
      "totduration": 1848.5999999993696
    }
  },
  "IDrest_175": {
    "holding": {
      "delay": 0.0,
      "amp": 0.0,
      "duration": 1849.574999999369,
      "totduration": 1849.574999999369
    },
    "step": {
      "delay": 249.99999999991473,
      "amp": 0.5950000000000001,
      "thresh_perc": 171.56862745098036,
      "duration": 1349.9999999995396,
      "totduration": 1849.574999999369
    }
  },
  "IDrest_200": {
    "holding": {
      "delay": 0.0,
      "amp": 0.0,
      "duration": 1848.3999999993696,
      "totduration": 1848.3999999993696
    },
    "step": {
      "delay": 249.99999999991473,
      "amp": 0.68,
      "thresh_perc": 196.07843137254895,
      "duration": 1349.9999999995396,
      "totduration": 1848.3999999993696
    }
  },
  "IDrest_225": {
    "holding": {
      "delay": 0.0,
      "amp": 0.0,
      "duration": 1844.4999999993709,
      "totduration": 1844.4999999993709
    },
    "step": {
      "delay": 249.99999999991473,
      "amp": 0.765,
      "thresh_perc": 220.58823529411757,
      "duration": 1349.9999999995396,
      "totduration": 1844.4999999993709
    }
  },
  "IDrest_250": {
    "holding": {
      "delay": 0.0,
      "amp": 0.0,
      "duration": 1846.2499999993702,
      "totduration": 1846.2499999993702
    },
    "step": {
      "delay": 249.99999999991473,
      "amp": 0.8925,
      "thresh_perc": 257.3529411764705,
      "duration": 1349.9999999995396,
      "totduration": 1846.2499999993702
    }
  },
  "IDrest_275": {
    "holding": {
      "delay": 0.0,
      "amp": 0.0,
      "duration": 1846.5499999993701,
      "totduration": 1846.5499999993701
    },
    "step": {
      "delay": 249.99999999991473,
      "amp": 0.9775,
      "thresh_perc": 281.8627450980391,
      "duration": 1349.9999999995396,
      "totduration": 1846.5499999993701
    }
  },
  "IDrest_300": {
    "holding": {
      "delay": 0.0,
      "amp": 0.0,
      "duration": 1846.5499999993701,
      "totduration": 1846.5499999993701
    },
    "step": {
      "delay": 249.99999999991473,
      "amp": 1.02,
      "thresh_perc": 294.1176470588234,
      "duration": 1349.9999999995396,
      "totduration": 1846.5499999993701
    }
  },
  "IV_-140": {
    "holding": {
      "delay": 0.0,
      "amp": 0.0,
      "duration": 3497.600000012724,
      "totduration": 3497.600000012724
    },
    "step": {
      "delay": 250.0000000009095,
      "amp": -0.4759999999999999,
      "thresh_perc": -137.25490196078425,
      "duration": 3000.000000010914,
      "totduration": 3497.600000012724
    }
  },
  "IV_-120": {
    "holding": {
      "delay": 0.0,
      "amp": 0.0,
      "duration": 3492.550000012706,
      "totduration": 3492.550000012706
    },
    "step": {
      "delay": 250.0000000009095,
      "amp": -0.408,
      "thresh_perc": -117.64705882352936,
      "duration": 3000.000000010914,
      "totduration": 3492.550000012706
    }
  },
  "IV_-100": {
    "holding": {
      "delay": 0.0,
      "amp": 0.0,
      "duration": 3499.700000012732,
      "totduration": 3499.700000012732
    },
    "step": {
      "delay": 250.0000000009095,
      "amp": -0.34,
      "thresh_perc": -98.03921568627447,
      "duration": 3000.000000010914,
      "totduration": 3499.700000012732
    }
  },
  "IV_-80": {
    "holding": {
      "delay": 0.0,
      "amp": 0.0,
      "duration": 3498.2500000127266,
      "totduration": 3498.2500000127266
    },
    "step": {
      "delay": 250.0000000009095,
      "amp": -0.272,
      "thresh_perc": -78.43137254901958,
      "duration": 3000.000000010914,
      "totduration": 3498.2500000127266
    }
  },
  "IV_-60": {
    "holding": {
      "delay": 0.0,
      "amp": 0.0,
      "duration": 3492.4500000127055,
      "totduration": 3492.4500000127055
    },
    "step": {
      "delay": 250.0000000009095,
      "amp": -0.204,
      "thresh_perc": -58.82352941176468,
      "duration": 3000.000000010914,
      "totduration": 3492.4500000127055
    }
  },
  "IV_-40": {
    "holding": {
      "delay": 0.0,
      "amp": 0.0,
      "duration": 3492.8000000127067,
      "totduration": 3492.8000000127067
    },
    "step": {
      "delay": 250.0000000009095,
      "amp": -0.136,
      "thresh_perc": -39.21568627450979,
      "duration": 3000.000000010914,
      "totduration": 3492.8000000127067
    }
  },
  "IV_-20": {
    "holding": {
      "delay": 0.0,
      "amp": 0.0,
      "duration": 3495.2500000127156,
      "totduration": 3495.2500000127156
    },
    "step": {
      "delay": 250.0000000009095,
      "amp": -0.068,
      "thresh_perc": -19.607843137254896,
      "duration": 3000.000000010914,
      "totduration": 3495.2500000127156
    }
  },
  "IV_0": {
    "holding": {
      "delay": 0.0,
      "amp": 0.0,
      "duration": 3419.8750000124414,
      "totduration": 3419.8750000124414
    },
    "step": {
      "delay": 250.0000000009095,
      "amp": -7.549516567451065e-17,
      "thresh_perc": -2.1769078914218748e-14,
      "duration": 3000.000000010914,
      "totduration": 3419.8750000124414
    }
  },
  "IV_20": {
    "holding": {
      "delay": 0.0,
      "amp": 0.0,
      "duration": 3497.9750000127256,
      "totduration": 3497.9750000127256
    },
    "step": {
      "delay": 250.0000000009095,
      "amp": 0.0679999999999999,
      "thresh_perc": 19.607843137254864,
      "duration": 3000.000000010914,
      "totduration": 3497.9750000127256
    }
  },
  "IV_40": {
    "holding": {
      "delay": 0.0,
      "amp": 0.0,
      "duration": 3499.0000000127293,
      "totduration": 3499.0000000127293
    },