{
    "bAP": {
        "soma": {
            "AP_width": [
                1.0000000000002274,
                0.20000000000004547
            ],
            "AP_height": [
                37.354131006655635,
                7.4708262013311275
            ],
            "Spikecount": [
                1.0,
                0.2
            ]
        },
        "dend1": {
            "AP_amplitude_from_voltagebase": [
                70.42846795992814,
                14.08569359198563
            ]
        },
        "dend2": {
            "AP_amplitude_from_voltagebase": [
                54.88893577365924,
                10.97778715473185
            ]
        }
    },
    "Step3": {
        "soma": {
            "AP_height": [
                13.595398652659606,
                2.7190797305319214
            ],
            "AHP_slow_time": [
                0.3105107618929575,
                0.062102152378591506
            ],
            "ISI_CV": [
                0.08579353537966164,
                0.01715870707593233
            ],
            "doublet_ISI": [
                17.90000000000407,
                3.580000000000814
            ],
            "adaptation_index2": [
                0.004691178170460686,
                0.0009382356340921372
            ],
            "mean_frequency": [
                15.65182268000657,
                3.130364536001314
            ],
            "AHP_depth_abs_slow": [
                -54.82083937568027,
                10.964167875136056
            ],
            "AP_width": [
                0.8999999999993795,
                0.17999999999987593
            ],
            "time_to_first_spike": [
                10.30000000009295,
                2.06000000001859
            ],
            "AHP_depth_abs": [
                -55.71589252595168,
                11.143178505190336
            ]
        }
    },
    "Step2": {
        "soma": {
            "AP_height": [
                23.618092467774265,
                4.723618493554853
            ],
            "AHP_slow_time": [
                0.2170615482030659,
                0.043412309640613184
            ],
            "ISI_CV": [
                0.0366366829853111,
                0.00732733659706222
            ],
            "doublet_ISI": [
                35.90000000000816,
                7.180000000001633
            ],
            "adaptation_index2": [
                -0.0024257604753800213,
                0.0004851520950760043
            ],
            "mean_frequency": [
                8.56509471987683,
                1.7130189439753662
            ],
            "AHP_depth_abs_slow": [
                -59.92441700266724,
                11.984883400533448
            ],
            "AP_width": [
                0.9058823529405399,
                0.18117647058810799
            ],
            "time_to_first_spike": [
                22.00000000009561,
                4.400000000019122
            ],
            "AHP_depth_abs": [
                -60.950811263328724,
                12.190162252665745
            ]
        }
    },
    "Step1": {
        "soma": {
            "AP_height": [
                25.92378288314737,
                5.184756576629475
            ],
            "AHP_slow_time": [
                0.19294453279040213,
                0.03858890655808043
            ],
            "ISI_CV": [
                0.03407180150298987,
                0.006814360300597975
            ],
            "doublet_ISI": [
                56.00000000001273,
                11.200000000002547
            ],
            "adaptation_index2": [
                -0.004674479906272099,
                0.0009348959812544198
            ],
            "mean_frequency": [
                6.99903090341801,
                1.3998061806836022
            ],
            "AHP_depth_abs_slow": [
                -61.70561567166151,
                12.341123134332303
            ],
            "AP_width": [
                0.9153846153840189,
                0.1830769230768038
            ],
            "time_to_first_spike": [
                31.50000000009777,
                6.300000000019555
            ],
            "AHP_depth_abs": [
                -61.39506193172147,
                12.279012386344295
            ]
        }
    }
}