{
    "Step3": {
        "soma": {
            "AP_height": [
                13.595398652659606,
                2.7190797305319214
            ],
            "AHP_slow_time": [
                0.3105107618929575,
                0.062102152378591506
            ],
            "ISI_CV": [
                0.08579353537966164,
                0.01715870707593233
            ],
            "doublet_ISI": [
                17.90000000000407,
                3.580000000000814
            ],
            "adaptation_index2": [
                0.004691178170460686,
                0.0009382356340921372
            ],
            "mean_frequency": [
                15.65182268000657,
                3.130364536001314
            ],
            "AHP_depth_abs_slow": [
                -54.82083937568027,
                10.964167875136056
            ],
            "AP_width": [
                0.8999999999993795,
                0.17999999999987593
            ],
            "time_to_first_spike": [
                10.30000000009295,
                2.06000000001859
            ],
            "AHP_depth_abs": [
                -55.71589252595168,
                11.143178505190336
            ]
        }
    },
    "Step2": {
        "soma": {
            "AP_height": [
                23.618092467774265,
                4.723618493554853
            ],
            "AHP_slow_time": [
                0.2170615482030659,
                0.043412309640613184
            ],
            "ISI_CV": [
                0.0366366829853111,
                0.00732733659706222
            ],
            "doublet_ISI": [
                35.90000000000816,
                7.180000000001633
            ],
            "adaptation_index2": [
                -0.0024257604753800213,
                0.0004851520950760043
            ],
            "mean_frequency": [
                8.56509471987683,
                1.7130189439753662
            ],
            "AHP_depth_abs_slow": [
                -59.92441700266724,
                11.984883400533448
            ],
            "AP_width": [
                0.9058823529405399,
                0.18117647058810799
            ],
            "time_to_first_spike": [
                22.00000000009561,
                4.400000000019122
            ],
            "AHP_depth_abs": [
                -60.950811263328724,
                12.190162252665745
            ]
        }
    },
    "Step1": {
        "soma": {
            "AP_height": [
                25.92378288314737,
                5.184756576629475
            ],
            "AHP_slow_time": [
                0.19294453279040213,
                0.03858890655808043
            ],
            "ISI_CV": [
                0.03407180150298987,
                0.006814360300597975
            ],
            "doublet_ISI": [
                56.00000000001273,
                11.200000000002547
            ],
            "adaptation_index2": [
                -0.004674479906272099,
                0.0009348959812544198
            ],
            "mean_frequency": [
                6.99903090341801,
                1.3998061806836022
            ],
            "AHP_depth_abs_slow": [
                -61.70561567166151,
                12.341123134332303
            ],
            "AP_width": [
                0.9153846153840189,
                0.1830769230768038
            ],
            "time_to_first_spike": [
                31.50000000009777,
                6.300000000019555
            ],
            "AHP_depth_abs": [
                -61.39506193172147,
                12.279012386344295
            ]
        },
        "MEA": {
            "peak_to_valley_0": [
                0.001505,
                0.00030100000000000005
            ],
            "peak_to_valley_1": [
                0.001505,
                0.00030100000000000005
            ],
            "peak_to_valley_2": [
                0.0014600000000000001,
                0.00029200000000000005
            ],
            "peak_to_valley_3": [
                0.0017350000000000002,
                0.0003470000000000001
            ],
            "peak_to_valley_4": [
                0.0016450000000000002,
                0.0003290000000000001
            ],
            "peak_to_valley_5": [
                0.001765,
                0.000353
            ],
            "peak_to_valley_6": [
                0.001505,
                0.00030100000000000005
            ],
            "peak_to_valley_7": [
                -0.00072,
                0.000144
            ],
            "peak_to_valley_8": [
                -0.001025,
                0.00020500000000000002
            ],
            "peak_to_valley_9": [
                -0.0015450000000000001,
                0.00030900000000000003
            ],
            "peak_to_valley_10": [
                -0.00305,
                0.0006100000000000001
            ],
            "peak_to_valley_11": [
                -0.00355,
                0.0007100000000000001
            ],
            "peak_to_valley_12": [
                -0.004350000000000001,
                0.0008700000000000001
            ],
            "peak_to_valley_13": [
                -0.006505,
                0.001301
            ],
            "peak_to_valley_14": [
                -0.00495,
                0.0009900000000000002
            ],
            "peak_to_valley_15": [
                -0.006730000000000001,
                0.0013460000000000002
            ],
            "peak_to_valley_16": [
                -0.00623,
                0.0012460000000000001
            ],
            "peak_to_valley_17": [
                -0.005695,
                0.001139
            ],
            "peak_to_valley_18": [
                -0.005045,
                0.0010090000000000001
            ],
            "peak_to_valley_19": [
                -0.004495000000000001,
                0.0008990000000000002
            ],
            "peak_trough_ratio_0": [
                -0.5013496997628705,
                0.1002699399525741
            ],
            "peak_trough_ratio_1": [
                -0.5395381222320442,
                0.10790762444640885
            ],
            "peak_trough_ratio_2": [
                -0.5922921952820542,
                0.11845843905641085
            ],
            "peak_trough_ratio_3": [
                -0.6440217152928077,
                0.12880434305856156
            ],
            "peak_trough_ratio_4": [
                -0.6683953630609284,
                0.13367907261218567
            ],
            "peak_trough_ratio_5": [
                -0.6246491173187727,
                0.12492982346375454
            ],
            "peak_trough_ratio_6": [
                -0.39587296715319903,
                0.07917459343063982
            ],
            "peak_trough_ratio_7": [
                -0.3655358965239257,
                0.07310717930478515
            ],
            "peak_trough_ratio_8": [
                -0.9072669643560338,
                0.18145339287120676
            ],
            "peak_trough_ratio_9": [
                -0.9652044148110818,
                0.19304088296221636
            ],
            "peak_trough_ratio_10": [
                -0.8849437243513897,
                0.17698874487027794
            ],
            "peak_trough_ratio_11": [
                -0.8982187380460263,
                0.17964374760920526
            ],
            "peak_trough_ratio_12": [
                -1.1806678908364594,
                0.23613357816729189
            ],
            "peak_trough_ratio_13": [
                -1.3418757216800268,
                0.26837514433600534
            ],
            "peak_trough_ratio_14": [
                -1.9611045663874018,
                0.3922209132774804
            ],
            "peak_trough_ratio_15": [
                -2.9288405254362258,
                0.5857681050872452
            ],