{
    "Step3": {
        "soma": {
            "AP_height": [
                13.642061592064367,
                2.7284123184128735
            ],
            "AHP_slow_time": [
                0.31158641403788745,
                0.06231728280757749
            ],
            "ISI_CV": [
                0.0859669432979002,
                0.01719338865958004
            ],
            "doublet_ISI": [
                17.90000000000407,
                3.580000000000814
            ],
            "adaptation_index2": [
                0.004672045495594685,
                0.000934409099118937
            ],
            "mean_frequency": [
                15.65182268000657,
                3.130364536001314
            ],
            "AHP_depth_abs_slow": [
                -54.821008564796955,
                10.964201712959392
            ],
            "AP_width": [
                0.8999999999993795,
                0.17999999999987593
            ],
            "time_to_first_spike": [
                10.30000000009295,
                2.06000000001859
            ],
            "AHP_depth_abs": [
                -55.718566678260295,
                11.143713335652059
            ]
        }
    },
    "Step2": {
        "soma": {
            "AP_height": [
                23.414982959496147,
                4.682996591899229
            ],
            "AHP_slow_time": [
                0.21655744060722454,
                0.04331148812144491
            ],
            "ISI_CV": [
                0.03669570856762859,
                0.007339141713525718
            ],
            "doublet_ISI": [
                35.80000000000814,
                7.160000000001628
            ],
            "adaptation_index2": [
                -0.0024526844788887404,
                0.0004905368957777481
            ],
            "mean_frequency": [
                8.565526276017298,
                1.7131052552034598
            ],
            "AHP_depth_abs_slow": [
                -59.92595440309617,
                11.985190880619236
            ],
            "AP_width": [
                0.9058823529405399,
                0.18117647058810799
            ],
            "time_to_first_spike": [
                22.00000000009561,
                4.400000000019122
            ],
            "AHP_depth_abs": [
                -60.95255148192841,
                12.190510296385682
            ]
        }
    },
    "Step1": {
        "soma": {
            "AP_height": [
                26.054963801791935,
                5.210992760358387
            ],
            "AHP_slow_time": [
                0.19260101772506133,
                0.03852020354501227
            ],
            "ISI_CV": [
                0.03363492274392558,
                0.006726984548785116
            ],
            "doublet_ISI": [
                56.100000000012756,
                11.220000000002551
            ],
            "adaptation_index2": [
                -0.004454793349563684,
                0.0008909586699127368
            ],
            "mean_frequency": [
                6.99903090341801,
                1.3998061806836022
            ],
            "AHP_depth_abs_slow": [
                -61.70557678357773,
                12.341115356715548
            ],
            "AP_width": [
                0.8999999999994176,
                0.17999999999988353
            ],
            "time_to_first_spike": [
                31.50000000009777,
                6.300000000019555
            ],
            "AHP_depth_abs": [
                -61.39428377898,
                12.278856755796
            ]
        },
        "MEA": {
            "peak_to_valley_0": [
                0.0015450000000000001,
                0.00030900000000000003
            ],
            "peak_to_valley_1": [
                0.0015,
                0.00030000000000000003
            ],
            "peak_to_valley_2": [
                0.0014500000000000001,
                0.00029000000000000006
            ],
            "peak_to_valley_3": [
                0.0017300000000000002,
                0.00034600000000000006
            ],
            "peak_to_valley_4": [
                0.0016350000000000002,
                0.00032700000000000003
            ],
            "peak_to_valley_5": [
                0.00176,
                0.00035200000000000005
            ],
            "peak_to_valley_6": [
                0.0015,
                0.00030000000000000003
            ],
            "peak_to_valley_7": [
                -0.00072,
                0.000144
            ],
            "peak_to_valley_8": [
                -0.0010350000000000001,
                0.00020700000000000004
            ],
            "peak_to_valley_9": [
                -0.0015350000000000001,
                0.00030700000000000004
            ],
            "peak_to_valley_10": [
                -0.0030350000000000004,
                0.0006070000000000001
            ],
            "peak_to_valley_11": [
                -0.00355,
                0.0007100000000000001
            ],
            "peak_to_valley_12": [
                -0.004350000000000001,
                0.0008700000000000001
            ],
            "peak_to_valley_13": [
                -0.006500000000000001,
                0.0013000000000000002
            ],
            "peak_to_valley_14": [
                -0.00495,
                0.0009900000000000002
            ],
            "peak_to_valley_15": [
                -0.006730000000000001,
                0.0013460000000000002
            ],
            "peak_to_valley_16": [
                -0.00623,
                0.0012460000000000001
            ],
            "peak_to_valley_17": [
                -0.005695,
                0.001139
            ],
            "peak_to_valley_18": [
                -0.005045,
                0.0010090000000000001
            ],
            "peak_to_valley_19": [
                -0.004495000000000001,
                0.0008990000000000002
            ],
            "peak_trough_ratio_0": [
                -0.4985966299041626,
                0.09971932598083252
            ],
            "peak_trough_ratio_1": [
                -0.5367675695336817,
                0.10735351390673634
            ],
            "peak_trough_ratio_2": [
                -0.589331897622528,
                0.11786637952450561
            ],
            "peak_trough_ratio_3": [
                -0.6432577932637582,
                0.12865155865275166
            ],
            "peak_trough_ratio_4": [
                -0.6679777437998934,
                0.13359554875997867
            ],
            "peak_trough_ratio_5": [
                -0.6256030959770167,
                0.12512061919540335
            ],
            "peak_trough_ratio_6": [
                -0.39483294157508186,
                0.07896658831501638
            ],
            "peak_trough_ratio_7": [
                -0.3661115154588848,
                0.07322230309177696
            ],
            "peak_trough_ratio_8": [
                -0.9082771423843659,
                0.1816554284768732
            ],
            "peak_trough_ratio_9": [
                -0.9657712595918222,
                0.19315425191836444
            ],
            "peak_trough_ratio_10": [
                -0.8855242734155694,
                0.17710485468311388
            ],
            "peak_trough_ratio_11": [
                -0.899904842922303,
                0.1799809685844606
            ],
            "peak_trough_ratio_12": [
                -1.182490543834074,
                0.23649810876681482
            ],
            "peak_trough_ratio_13": [
                -1.3456281301666382,
                0.2691256260333276
            ],
            "peak_trough_ratio_14": [
                -1.961118843874228,
                0.3922237687748456
            ],