{
    "Step3": {
        "soma": {
            "AP_height": [
                13.642061592064367,
                2.7284123184128735
            ],
            "AHP_slow_time": [
                0.31158641403788745,
                0.06231728280757749
            ],
            "ISI_CV": [
                0.0859669432979002,
                0.01719338865958004
            ],
            "doublet_ISI": [
                17.90000000000407,
                3.580000000000814
            ],
            "adaptation_index2": [
                0.004672045495594685,
                0.000934409099118937
            ],
            "mean_frequency": [
                15.65182268000657,
                3.130364536001314
            ],
            "AHP_depth_abs_slow": [
                -54.821008564796955,
                10.964201712959392
            ],
            "AP_width": [
                0.8999999999993795,
                0.17999999999987593
            ],
            "time_to_first_spike": [
                10.30000000009295,
                2.06000000001859
            ],
            "AHP_depth_abs": [
                -55.718566678260295,
                11.143713335652059
            ]
        }
    },
    "Step2": {
        "soma": {
            "AP_height": [
                23.414982959496147,
                4.682996591899229
            ],
            "AHP_slow_time": [
                0.21655744060722454,
                0.04331148812144491
            ],
            "ISI_CV": [
                0.03669570856762859,
                0.007339141713525718
            ],
            "doublet_ISI": [
                35.80000000000814,
                7.160000000001628
            ],
            "adaptation_index2": [
                -0.0024526844788887404,
                0.0004905368957777481
            ],
            "mean_frequency": [
                8.565526276017298,
                1.7131052552034598
            ],
            "AHP_depth_abs_slow": [
                -59.92595440309617,
                11.985190880619236
            ],
            "AP_width": [
                0.9058823529405399,
                0.18117647058810799
            ],
            "time_to_first_spike": [
                22.00000000009561,
                4.400000000019122
            ],
            "AHP_depth_abs": [
                -60.95255148192841,
                12.190510296385682
            ]
        }
    },
    "Step1": {
        "soma": {
            "AP_height": [
                26.054963801791935,
                5.210992760358387
            ],
            "AHP_slow_time": [
                0.19260101772506133,
                0.03852020354501227
            ],
            "ISI_CV": [
                0.03363492274392558,
                0.006726984548785116
            ],
            "doublet_ISI": [
                56.100000000012756,
                11.220000000002551
            ],
            "adaptation_index2": [
                -0.004454793349563684,
                0.0008909586699127368
            ],
            "mean_frequency": [
                6.99903090341801,
                1.3998061806836022
            ],
            "AHP_depth_abs_slow": [
                -61.70557678357773,
                12.341115356715548
            ],
            "AP_width": [
                0.8999999999994176,
                0.17999999999988353
            ],
            "time_to_first_spike": [
                31.50000000009777,
                6.300000000019555
            ],
            "AHP_depth_abs": [
                -61.39428377898,
                12.278856755796
            ]
        }
    }
}